# WL(nm)    Flux(ergs/cm**2/s/nm)
5.000000e-02    2.872982e-04
1.000000e-01    1.262036e-03
1.500000e-01    4.714035e-03
2.000000e-01    1.517643e-02
2.500000e-01    4.323124e-02
3.000000e-01    1.120832e-01
3.500000e-01    2.715477e-01
4.000000e-01    6.241077e-01
4.500000e-01    1.350639e+00
5.000000e-01    2.669775e+00
5.500000e-01    4.639232e+00
6.000000e-01    6.906997e+00
6.500000e-01    8.844452e+00
7.000000e-01    1.025329e+01
7.500000e-01    1.204134e+01
8.000000e-01    1.595646e+01
8.500000e-01    2.309765e+01
9.000000e-01    3.221592e+01
9.500000e-01    4.019514e+01
1.000000e+00    4.525228e+01
1.050000e+00    4.921940e+01
1.100000e+00    5.604160e+01
1.150000e+00    6.897396e+01
1.200000e+00    8.943155e+01
1.250000e+00    1.165033e+02
1.300000e+00    1.464842e+02
1.350000e+00    1.756650e+02
1.400000e+00    2.058958e+02
1.450000e+00    2.439970e+02
1.500000e+00    2.914683e+02
1.550000e+00    3.386496e+02
1.600000e+00    3.741107e+02
1.650000e+00    3.974513e+02
1.700000e+00    4.183720e+02
1.750000e+00    4.422726e+02
1.800000e+00    4.570930e+02
1.850000e+00    4.407025e+02
1.900000e+00    3.929311e+02
1.950000e+00    3.635004e+02
2.000000e+00    4.346223e+02
2.050000e+00    6.435383e+02
2.100000e+00    8.985655e+02
2.150000e+00    1.013229e+03
2.200000e+00    8.823452e+02
2.250000e+00    5.951369e+02
2.300000e+00    3.306294e+02
2.350000e+00    1.863353e+02
2.400000e+00    1.420941e+02
2.450000e+00    1.348638e+02
2.500000e+00    1.243835e+02
2.550000e+00    1.059030e+02
2.600000e+00    9.077758e+01
2.650000e+00    8.822751e+01
2.700000e+00    1.029029e+02
2.750000e+00    1.357939e+02
2.800000e+00    1.775151e+02
2.850000e+00    2.073159e+02
2.900000e+00    2.086460e+02
2.950000e+00    1.837352e+02
3.000000e+00    1.488042e+02
3.050000e+00    1.196634e+02
3.100000e+00    1.063030e+02
3.150000e+00    1.179434e+02
3.200000e+00    1.660447e+02
3.250000e+00    2.516971e+02
3.300000e+00    3.449798e+02
3.350000e+00    3.925411e+02
3.400000e+00    3.649604e+02
3.450000e+00    2.872982e+02
3.500000e+00    2.090259e+02
3.550000e+00    1.567245e+02
3.600000e+00    1.264535e+02
3.650000e+00    1.054930e+02
3.700000e+00    8.844252e+01
3.750000e+00    7.977227e+01
3.800000e+00    9.404868e+01
3.850000e+00    1.594545e+02
3.900000e+00    3.112989e+02
3.950000e+00    5.511057e+02
4.000000e+00    7.935926e+02
4.050000e+00    8.961755e+02
4.100000e+00    7.932126e+02
4.150000e+00    5.742363e+02
4.200000e+00    3.872010e+02
4.250000e+00    3.009585e+02
4.300000e+00    2.906483e+02
4.350000e+00    3.065088e+02
4.400000e+00    3.175390e+02
4.450000e+00    3.155989e+02
4.500000e+00    3.109089e+02
4.550000e+00    3.215692e+02
4.600000e+00    3.518400e+02
4.650000e+00    3.819108e+02
4.700000e+00    3.871411e+02
4.750000e+00    3.638204e+02
4.800000e+00    3.329995e+02
4.850000e+00    3.260092e+02
4.900000e+00    3.658904e+02
4.950000e+00    4.474327e+02
5.000000e+00    5.256149e+02
5.050000e+00    5.405654e+02
5.100000e+00    4.757735e+02
5.150000e+00    3.791408e+02
5.200000e+00    3.075788e+02
5.250000e+00    2.722578e+02
5.300000e+00    2.581474e+02
5.350000e+00    2.703777e+02
5.400000e+00    3.331695e+02
5.450000e+00    4.500227e+02
5.500000e+00    5.785565e+02
5.550000e+00    6.534386e+02
5.600000e+00    6.424782e+02
5.650000e+00    5.707463e+02
5.700000e+00    4.800937e+02
5.750000e+00    3.862310e+02
5.800000e+00    2.920283e+02
5.850000e+00    2.175562e+02
5.900000e+00    1.919455e+02
5.950000e+00    2.251264e+02
6.000000e+00    3.004385e+02
6.050000e+00    3.880711e+02
6.100000e+00    4.601431e+02
6.150000e+00    5.000643e+02
6.200000e+00    5.067044e+02
6.250000e+00    4.904540e+02
6.300000e+00    4.618732e+02
6.350000e+00    4.251120e+02
6.400000e+00    3.834109e+02
6.450000e+00    3.458399e+02
6.500000e+00    3.237493e+02
6.550000e+00    3.225492e+02
6.600000e+00    3.388496e+02
6.650000e+00    3.623703e+02
6.700000e+00    3.804208e+02
6.750000e+00    3.877210e+02
6.800000e+00    3.972513e+02
6.850000e+00    4.325123e+02
6.900000e+00    4.979542e+02
6.950000e+00    5.647060e+02
7.000000e+00    5.979770e+02
7.050000e+00    5.927068e+02
7.100000e+00    5.747664e+02
7.150000e+00    5.716662e+02
7.200000e+00    5.849767e+02
7.250000e+00    5.924069e+02
7.300000e+00    5.784865e+02
7.350000e+00    5.543358e+02
7.400000e+00    5.395353e+02
7.450000e+00    5.354852e+02
7.500000e+00    5.265050e+02
7.550000e+00    5.005142e+02
7.600000e+00    4.623531e+02
7.650000e+00    4.284222e+02
7.700000e+00    4.098816e+02
7.750000e+00    4.028315e+02
7.800000e+00    3.954613e+02
7.850000e+00    3.809808e+02
7.900000e+00    3.621003e+02
7.950000e+00    3.483299e+02
8.000000e+00    3.521300e+02
8.050000e+00    3.831909e+02
8.100000e+00    4.405225e+02
8.150000e+00    5.102645e+02
8.200000e+00    5.740064e+02
8.250000e+00    6.177276e+02
8.300000e+00    6.328380e+02
8.350000e+00    6.151376e+02
8.400000e+00    5.691462e+02
8.450000e+00    5.108945e+02
8.500000e+00    4.614332e+02
8.550000e+00    4.350724e+02
8.600000e+00    4.322423e+02
8.650000e+00    4.415626e+02
8.700000e+00    4.491528e+02
8.750000e+00    4.472327e+02
8.800000e+00    4.358324e+02
8.850000e+00    4.194419e+02
8.900000e+00    4.035114e+02
8.950000e+00    3.926111e+02
9.000000e+00    3.897111e+02
9.050000e+00    3.950713e+02
9.100000e+00    4.051916e+02
9.150000e+00    4.141218e+02
9.200000e+00    4.179219e+02
9.250000e+00    4.174218e+02
9.300000e+00    4.164718e+02
9.350000e+00    4.200719e+02
9.400000e+00    4.351124e+02
9.450000e+00    4.671833e+02
9.500000e+00    5.113546e+02
9.550000e+00    5.499257e+02
9.600000e+00    5.657261e+02
9.650000e+00    5.562759e+02
9.700000e+00    5.321051e+02
9.750000e+00    5.042143e+02
9.800000e+00    4.752835e+02
9.850000e+00    4.428626e+02
9.900000e+00    4.101117e+02
9.950000e+00    3.882611e+02
1.000000e+01    3.844210e+02
1.005000e+01    3.931612e+02
1.010000e+01    4.063116e+02
1.015000e+01    4.253221e+02
1.020000e+01    4.570430e+02
1.025000e+01    4.992043e+02
1.030000e+01    5.340452e+02
1.035000e+01    5.392153e+02
1.040000e+01    5.081744e+02
1.045000e+01    4.568530e+02
1.050000e+01    4.058516e+02
1.055000e+01    3.617503e+02
1.060000e+01    3.204091e+02
1.065000e+01    2.802680e+02
1.070000e+01    2.456270e+02
1.075000e+01    2.203162e+02
1.080000e+01    2.030257e+02
1.085000e+01    1.894354e+02
1.090000e+01    1.787151e+02
1.095000e+01    1.769950e+02
1.100000e+01    1.927955e+02
1.105000e+01    2.274665e+02
1.110000e+01    2.695377e+02
1.115000e+01    3.009085e+02
1.120000e+01    3.125289e+02
1.125000e+01    3.116489e+02
1.130000e+01    3.101188e+02
1.135000e+01    3.108288e+02
1.140000e+01    3.098688e+02
1.145000e+01    3.064887e+02
1.150000e+01    3.053087e+02
1.155000e+01    3.100789e+02
1.160000e+01    3.173791e+02
1.165000e+01    3.174190e+02
1.170000e+01    3.021586e+02
1.175000e+01    2.724078e+02
1.180000e+01    2.366667e+02
1.185000e+01    2.044958e+02
1.190000e+01    1.808452e+02
1.195000e+01    1.653047e+02
1.200000e+01    1.555544e+02
1.205000e+01    1.508742e+02
1.210000e+01    1.520643e+02
1.215000e+01    1.588046e+02
1.220000e+01    1.676948e+02
1.225000e+01    1.729049e+02
1.230000e+01    1.694648e+02
1.235000e+01    1.563444e+02
1.240000e+01    1.367539e+02
1.245000e+01    1.159433e+02
1.250000e+01    9.855780e+01
1.255000e+01    8.752849e+01
1.260000e+01    8.466441e+01
1.265000e+01    9.044358e+01
1.270000e+01    1.022529e+02
1.275000e+01    1.149733e+02
1.280000e+01    1.258435e+02
1.285000e+01    1.377440e+02
1.290000e+01    1.558244e+02
1.295000e+01    1.816752e+02
1.300000e+01    2.109960e+02
1.305000e+01    2.350567e+02
1.310000e+01    2.441170e+02
1.315000e+01    2.326567e+02
1.320000e+01    2.046958e+02
1.325000e+01    1.728549e+02
1.330000e+01    1.490843e+02
1.335000e+01    1.363639e+02
1.340000e+01    1.300837e+02
1.345000e+01    1.252535e+02
1.350000e+01    1.208934e+02
1.355000e+01    1.190334e+02
1.360000e+01    1.207134e+02
1.365000e+01    1.241035e+02
1.370000e+01    1.266436e+02
1.375000e+01    1.277737e+02
1.380000e+01    1.286336e+02
1.385000e+01    1.304737e+02
1.390000e+01    1.342338e+02
1.395000e+01    1.402939e+02
1.400000e+01    1.469442e+02
1.405000e+01    1.504143e+02
1.410000e+01    1.481942e+02
1.415000e+01    1.425141e+02
1.420000e+01    1.400940e+02
1.425000e+01    1.490442e+02
1.430000e+01    1.750049e+02
1.435000e+01    2.172762e+02
1.440000e+01    2.659475e+02
1.445000e+01    3.045987e+02
1.450000e+01    3.198391e+02
1.455000e+01    3.112789e+02
1.460000e+01    2.943684e+02
1.465000e+01    2.944784e+02
1.470000e+01    3.338795e+02
1.475000e+01    4.138017e+02
1.480000e+01    5.030943e+02
1.485000e+01    5.536657e+02
1.490000e+01    5.411754e+02
1.495000e+01    4.861439e+02
1.500000e+01    4.262721e+02
1.505000e+01    3.796208e+02
1.510000e+01    3.431297e+02
1.515000e+01    3.108189e+02
1.520000e+01    2.800079e+02
1.525000e+01    2.485171e+02
1.530000e+01    2.166062e+02
1.535000e+01    1.891254e+02
1.540000e+01    1.697448e+02
1.545000e+01    1.555445e+02
1.550000e+01    1.414641e+02
1.555000e+01    1.276437e+02
1.560000e+01    1.195834e+02
1.565000e+01    1.230135e+02
1.570000e+01    1.396940e+02
1.575000e+01    1.658047e+02
1.580000e+01    1.925455e+02
1.585000e+01    2.099359e+02
1.590000e+01    2.128960e+02
1.595000e+01    2.034858e+02
1.600000e+01    1.863453e+02
1.605000e+01    1.645547e+02
1.610000e+01    1.414141e+02
1.615000e+01    1.222135e+02
1.620000e+01    1.103831e+02
1.625000e+01    1.042630e+02
1.630000e+01    1.008729e+02
1.635000e+01    1.009729e+02
1.640000e+01    1.079331e+02
1.645000e+01    1.236335e+02
1.650000e+01    1.493743e+02
1.655000e+01    1.941955e+02
1.660000e+01    2.820680e+02
1.665000e+01    4.407225e+02
1.670000e+01    6.710391e+02
1.675000e+01    9.343967e+02
1.680000e+01    1.199034e+03
1.685000e+01    1.534243e+03
1.690000e+01    2.157062e+03
1.695000e+01    3.280594e+03
1.700000e+01    4.794036e+03
1.705000e+01    6.139975e+03
1.710000e+01    6.648289e+03
1.715000e+01    6.042172e+03
1.720000e+01    4.679933e+03
1.725000e+01    3.382297e+03
1.730000e+01    2.943883e+03
1.735000e+01    3.593102e+03
1.740000e+01    4.762236e+03
1.745000e+01    5.474956e+03
1.750000e+01    5.199049e+03
1.755000e+01    4.305223e+03
1.760000e+01    3.570501e+03
1.765000e+01    3.374396e+03
1.770000e+01    3.468798e+03
1.775000e+01    3.367796e+03
1.780000e+01    2.881282e+03
1.785000e+01    2.312466e+03
1.790000e+01    2.151462e+03
1.795000e+01    2.583974e+03
1.800000e+01    3.268493e+03
1.805000e+01    3.595702e+03
1.810000e+01    3.244492e+03
1.815000e+01    2.455670e+03
1.820000e+01    1.708949e+03
1.825000e+01    1.281036e+03
1.830000e+01    1.194634e+03
1.835000e+01    1.374539e+03
1.840000e+01    1.675448e+03
1.845000e+01    1.882654e+03
1.850000e+01    1.859752e+03
1.855000e+01    1.676648e+03
1.860000e+01    1.525743e+03
1.865000e+01    1.561845e+03
1.870000e+01    1.849952e+03
1.875000e+01    2.345567e+03
1.880000e+01    2.834581e+03
1.885000e+01    3.001086e+03
1.890000e+01    2.699277e+03
1.895000e+01    2.114260e+03
1.900000e+01    1.566945e+03
1.905000e+01    1.241035e+03
1.910000e+01    1.157633e+03
1.915000e+01    1.288437e+03
1.920000e+01    1.580645e+03
1.925000e+01    1.923454e+03
1.930000e+01    2.179662e+03
1.935000e+01    2.273165e+03
1.940000e+01    2.235763e+03
1.945000e+01    2.152261e+03
1.950000e+01    2.044558e+03
1.955000e+01    1.843152e+03
1.960000e+01    1.507744e+03
1.965000e+01    1.124732e+03
1.970000e+01    8.283036e+02
1.975000e+01    6.689590e+02
1.980000e+01    5.991671e+02
1.985000e+01    5.521157e+02
1.990000e+01    5.044444e+02
1.995000e+01    4.821637e+02
2.000000e+01    5.272251e+02
2.005000e+01    6.581287e+02
2.010000e+01    8.494642e+02
2.015000e+01    1.037329e+03
2.020000e+01    1.147133e+03
2.025000e+01    1.131632e+03
2.030000e+01    9.998585e+02
2.035000e+01    8.109131e+02
2.040000e+01    6.322080e+02
2.045000e+01    5.014142e+02
2.050000e+01    4.268621e+02
2.055000e+01    4.065316e+02
2.060000e+01    4.337923e+02
2.065000e+01    4.909240e+02
2.070000e+01    5.482956e+02
2.075000e+01    5.782064e+02
2.080000e+01    5.745964e+02
2.085000e+01    5.557558e+02
2.090000e+01    5.419554e+02
2.095000e+01    5.368953e+02
2.100000e+01    5.351353e+02
2.105000e+01    5.340552e+02
2.110000e+01    5.279750e+02
2.115000e+01    5.032043e+02
2.120000e+01    4.534929e+02
2.125000e+01    3.947212e+02
2.130000e+01    3.539501e+02
2.135000e+01    3.465398e+02
2.140000e+01    3.679505e+02
2.145000e+01    4.063015e+02
2.150000e+01    4.610432e+02
2.155000e+01    5.433855e+02
2.160000e+01    6.524886e+02
2.165000e+01    7.587816e+02
2.170000e+01    8.210933e+02
2.175000e+01    8.193934e+02
2.180000e+01    7.704219e+02
2.185000e+01    7.157804e+02
2.190000e+01    6.925398e+02
2.195000e+01    7.085802e+02
2.200000e+01    7.406411e+02
2.205000e+01    7.547015e+02
2.210000e+01    7.341909e+02
2.215000e+01    6.940197e+02
2.220000e+01    6.698691e+02
2.225000e+01    6.972698e+02
2.230000e+01    7.970427e+02
2.235000e+01    9.659474e+02
2.240000e+01    1.171633e+03
2.245000e+01    1.365438e+03
2.250000e+01    1.513943e+03
2.255000e+01    1.612546e+03
2.260000e+01    1.661647e+03
2.265000e+01    1.644446e+03
2.270000e+01    1.543543e+03
2.275000e+01    1.369739e+03
2.280000e+01    1.162333e+03
2.285000e+01    9.684676e+02
2.290000e+01    8.240334e+02
2.295000e+01    7.415611e+02
2.300000e+01    7.046200e+02
2.305000e+01    6.792394e+02
2.310000e+01    6.438783e+02
2.315000e+01    6.098773e+02
2.320000e+01    6.086873e+02
2.325000e+01    6.609088e+02
2.330000e+01    7.555115e+02
2.335000e+01    8.508542e+02
2.340000e+01    8.958255e+02
2.345000e+01    8.610645e+02
2.350000e+01    7.625617e+02
2.355000e+01    6.552386e+02
2.360000e+01    5.933369e+02
2.365000e+01    5.932168e+02
2.370000e+01    6.309679e+02
2.375000e+01    6.654589e+02
2.380000e+01    6.630189e+02
2.385000e+01    6.168676e+02
2.390000e+01    5.595560e+02
2.395000e+01    5.569559e+02
2.400000e+01    6.734592e+02
2.405000e+01    9.198162e+02
2.410000e+01    1.219235e+03
2.415000e+01    1.437942e+03
2.420000e+01    1.479842e+03
2.425000e+01    1.356739e+03
2.430000e+01    1.160933e+03
2.435000e+01    9.835380e+02
2.440000e+01    8.604645e+02
2.445000e+01    7.736220e+02
2.450000e+01    6.899996e+02
2.455000e+01    5.973071e+02
2.460000e+01    5.082645e+02
2.465000e+01    4.415226e+02
2.470000e+01    4.026915e+02
2.475000e+01    3.802008e+02
2.480000e+01    3.569501e+02
2.485000e+01    3.235892e+02
2.490000e+01    2.816180e+02
2.495000e+01    2.395169e+02
2.500000e+01    2.086559e+02
2.505000e+01    1.978056e+02
2.510000e+01    2.062558e+02
2.515000e+01    2.238764e+02
2.520000e+01    2.420069e+02
2.525000e+01    2.621975e+02
2.530000e+01    2.928384e+02
2.535000e+01    3.454799e+02
2.540000e+01    4.470627e+02
2.545000e+01    6.619689e+02
2.550000e+01    1.085131e+03
2.555000e+01    1.756050e+03
2.560000e+01    2.532872e+03
2.565000e+01    3.103588e+03
2.570000e+01    3.209491e+03
2.575000e+01    2.847681e+03
2.580000e+01    2.227963e+03
2.585000e+01    1.588945e+03
2.590000e+01    1.076931e+03
2.595000e+01    7.325508e+02
2.600000e+01    5.306552e+02
2.605000e+01    4.210920e+02
2.610000e+01    3.537600e+02
2.615000e+01    2.942883e+02
2.620000e+01    2.362667e+02
2.625000e+01    1.998557e+02
2.630000e+01    2.089059e+02
2.635000e+01    2.625375e+02
2.640000e+01    3.260693e+02
2.645000e+01    3.529201e+02
2.650000e+01    3.235793e+02
2.655000e+01    2.605075e+02
2.660000e+01    1.990757e+02
2.665000e+01    1.537643e+02
2.670000e+01    1.195634e+02
2.675000e+01    9.171661e+01
2.680000e+01    7.240706e+01
2.685000e+01    6.523285e+01
2.690000e+01    7.222006e+01
2.695000e+01    9.491871e+01
2.700000e+01    1.341538e+02
2.705000e+01    1.875953e+02
2.710000e+01    2.473771e+02
2.715000e+01    2.992985e+02
2.720000e+01    3.258993e+02
2.725000e+01    3.168191e+02
2.730000e+01    2.820780e+02
2.735000e+01    2.519572e+02
2.740000e+01    2.563373e+02
2.745000e+01    3.042187e+02
2.750000e+01    3.836109e+02
2.755000e+01    4.743835e+02
2.760000e+01    5.572959e+02
2.765000e+01    6.159475e+02
2.770000e+01    6.368582e+02
2.775000e+01    6.119775e+02
2.780000e+01    5.435255e+02
2.785000e+01    4.462427e+02
2.790000e+01    3.427697e+02
2.795000e+01    2.538673e+02
2.800000e+01    1.895954e+02
2.805000e+01    1.480742e+02
2.810000e+01    1.234935e+02
2.815000e+01    1.150233e+02
2.820000e+01    1.278536e+02
2.825000e+01    1.664147e+02
2.830000e+01    2.255664e+02
2.835000e+01    2.864882e+02
2.840000e+01    3.223391e+02
2.845000e+01    3.131690e+02
2.850000e+01    2.614575e+02
2.855000e+01    1.920955e+02
2.860000e+01    1.323538e+02
2.865000e+01    9.320466e+01
2.870000e+01    7.140103e+01
2.875000e+01    6.171775e+01
2.880000e+01    6.250578e+01
2.885000e+01    7.489113e+01
2.890000e+01    1.014929e+02
2.895000e+01    1.424240e+02
2.900000e+01    1.891853e+02
2.905000e+01    2.291365e+02
2.910000e+01    2.616974e+02
2.915000e+01    2.992485e+02
2.920000e+01    3.412398e+02
2.925000e+01    3.610003e+02
2.930000e+01    3.347696e+02
2.935000e+01    2.747379e+02
2.940000e+01    2.219064e+02
2.945000e+01    2.137961e+02
2.950000e+01    2.612774e+02
2.955000e+01    3.418097e+02
2.960000e+01    4.061516e+02
2.965000e+01    4.049115e+02
2.970000e+01    3.275694e+02
2.975000e+01    2.141961e+02
2.980000e+01    1.184734e+02
2.985000e+01    6.498285e+01
2.990000e+01    4.639732e+01
2.995000e+01    4.775936e+01
3.000000e+01    7.253706e+01
3.005000e+01    2.085260e+02
3.010000e+01    8.491442e+02
3.015000e+01    3.078887e+03
3.020000e+01    8.605545e+03
3.025000e+01    1.811852e+04
3.030000e+01    2.881282e+04
3.035000e+01    3.493700e+04
3.040000e+01    3.273093e+04
3.045000e+01    2.410069e+04
3.050000e+01    1.423941e+04
3.055000e+01    6.908296e+03
3.060000e+01    2.832581e+03
3.065000e+01    1.048030e+03
3.070000e+01    4.202520e+02
3.075000e+01    2.401368e+02
3.080000e+01    1.941555e+02
3.085000e+01    1.740949e+02
3.090000e+01    1.514943e+02
3.095000e+01    1.304237e+02
3.100000e+01    1.277036e+02
3.105000e+01    1.558445e+02
3.110000e+01    2.112560e+02
3.115000e+01    2.788379e+02
3.120000e+01    3.515700e+02
3.125000e+01    4.426826e+02
3.130000e+01    5.723463e+02
3.135000e+01    7.419711e+02
3.140000e+01    9.212962e+02
3.145000e+01    1.061730e+03
3.150000e+01    1.127032e+03
3.155000e+01    1.110032e+03
3.160000e+01    1.020029e+03
3.165000e+01    8.697748e+02
3.170000e+01    6.862295e+02
3.175000e+01    5.245449e+02
3.180000e+01    4.510429e+02
3.185000e+01    4.981142e+02
3.190000e+01    6.255979e+02
3.195000e+01    7.343609e+02
3.200000e+01    7.380710e+02
3.205000e+01    6.254678e+02
3.210000e+01    4.524528e+02
3.215000e+01    2.887782e+02
3.220000e+01    1.752750e+02
3.225000e+01    1.144933e+02
3.230000e+01    8.770750e+01
3.235000e+01    7.606517e+01
3.240000e+01    6.983998e+01
3.245000e+01    6.666190e+01
3.250000e+01    6.682391e+01
3.255000e+01    6.990399e+01
3.260000e+01    7.379210e+01
3.265000e+01    7.638118e+01
3.270000e+01    7.826122e+01
3.275000e+01    8.204033e+01
3.280000e+01    8.746149e+01
3.285000e+01    8.954755e+01
3.290000e+01    8.424039e+01
3.295000e+01    7.376210e+01
3.300000e+01    6.454484e+01
3.305000e+01    6.305279e+01
3.310000e+01    7.508314e+01
3.315000e+01    1.031629e+02
3.320000e+01    1.396140e+02
3.325000e+01    1.675648e+02
3.330000e+01    1.769250e+02
3.335000e+01    1.769250e+02
3.340000e+01    1.872553e+02
3.345000e+01    2.158962e+02
3.350000e+01    2.464170e+02
3.355000e+01    2.498971e+02
3.360000e+01    2.153362e+02
3.365000e+01    1.649147e+02
3.370000e+01    1.332938e+02
3.375000e+01    1.367239e+02
3.380000e+01    1.649747e+02
3.385000e+01    1.953355e+02
3.390000e+01    2.114360e+02
3.395000e+01    2.155562e+02
3.400000e+01    2.287065e+02
3.405000e+01    2.751979e+02
3.410000e+01    3.578102e+02
3.415000e+01    4.454527e+02
3.420000e+01    4.904540e+02
3.425000e+01    4.655032e+02
3.430000e+01    3.931512e+02
3.435000e+01    3.401696e+02
3.440000e+01    3.703606e+02
3.445000e+01    4.901939e+02
3.450000e+01    6.354181e+02
3.455000e+01    7.212706e+02
3.460000e+01    7.233406e+02
3.465000e+01    6.955498e+02
3.470000e+01    6.910397e+02
3.475000e+01    7.000999e+02
3.480000e+01    6.939498e+02
3.485000e+01    6.816895e+02
3.490000e+01    6.807494e+02
3.495000e+01    6.694791e+02
3.500000e+01    6.136575e+02
3.505000e+01    5.224949e+02
3.510000e+01    4.495827e+02
3.515000e+01    4.395126e+02
3.520000e+01    4.785436e+02
3.525000e+01    5.037743e+02
3.530000e+01    4.695834e+02
3.535000e+01    3.928112e+02
3.540000e+01    3.213992e+02
3.545000e+01    2.815180e+02
3.550000e+01    2.705377e+02
3.555000e+01    2.764979e+02
3.560000e+01    2.838580e+02
3.565000e+01    2.751678e+02
3.570000e+01    2.472970e+02
3.575000e+01    2.193862e+02
3.580000e+01    2.119260e+02
3.585000e+01    2.241964e+02
3.590000e+01    2.400168e+02
3.595000e+01    2.463271e+02
3.600000e+01    2.386568e+02
3.605000e+01    2.164562e+02
3.610000e+01    1.820551e+02
3.615000e+01    1.430041e+02
3.620000e+01    1.117432e+02
3.625000e+01    1.034929e+02
3.630000e+01    1.330038e+02
3.635000e+01    2.054758e+02
3.640000e+01    3.033086e+02
3.645000e+01    3.879610e+02
3.650000e+01    4.301323e+02
3.655000e+01    4.510528e+02
3.660000e+01    5.375553e+02
3.665000e+01    7.985927e+02
3.670000e+01    1.268036e+03
3.675000e+01    1.824652e+03
3.680000e+01    2.215463e+03
3.685000e+01    2.205763e+03
3.690000e+01    1.771850e+03
3.695000e+01    1.140833e+03
3.700000e+01    5.966770e+02
3.705000e+01    2.691677e+02
3.710000e+01    1.230035e+02
3.715000e+01    7.398611e+01
3.720000e+01    6.645190e+01
3.725000e+01    7.840423e+01
3.730000e+01    1.015429e+02
3.735000e+01    1.273037e+02
3.740000e+01    1.448942e+02
3.745000e+01    1.479442e+02
3.750000e+01    1.416841e+02
3.755000e+01    1.389840e+02
3.760000e+01    1.443341e+02
3.765000e+01    1.467742e+02
3.770000e+01    1.344339e+02
3.775000e+01    1.105231e+02
3.780000e+01    8.891653e+01
3.785000e+01    7.884525e+01
3.790000e+01    7.820222e+01
3.795000e+01    7.864524e+01
3.800000e+01    7.451312e+01
3.805000e+01    6.686190e+01
3.810000e+01    5.999871e+01
3.815000e+01    5.649561e+01
3.820000e+01    5.654861e+01
3.825000e+01    5.978470e+01
3.830000e+01    6.558187e+01
3.835000e+01    7.228306e+01
3.840000e+01    7.738821e+01
3.845000e+01    7.885224e+01
3.850000e+01    7.630617e+01
3.855000e+01    7.125903e+01
3.860000e+01    6.607988e+01
3.865000e+01    6.254277e+01
3.870000e+01    6.091673e+01
3.875000e+01    6.018971e+01
3.880000e+01    5.926368e+01
3.885000e+01    5.794565e+01
3.890000e+01    5.685061e+01
3.895000e+01    5.652960e+01
3.900000e+01    5.684962e+01
3.905000e+01    5.732563e+01
3.910000e+01    5.805766e+01
3.915000e+01    5.969270e+01
3.920000e+01    6.195576e+01
3.925000e+01    6.306880e+01
3.930000e+01    6.159676e+01
3.935000e+01    5.831466e+01
3.940000e+01    5.543957e+01
3.945000e+01    5.434155e+01
3.950000e+01    5.432855e+01
3.955000e+01    5.350952e+01
3.960000e+01    5.086045e+01
3.965000e+01    4.737435e+01
3.970000e+01    4.521029e+01
3.975000e+01    4.645532e+01
3.980000e+01    5.306851e+01
3.985000e+01    6.708491e+01
3.990000e+01    8.994455e+01
3.995000e+01    1.217935e+02
4.000000e+01    1.612446e+02
4.005000e+01    2.040959e+02
4.010000e+01    2.413269e+02
4.015000e+01    2.614174e+02
4.020000e+01    2.582573e+02
4.025000e+01    2.354567e+02
4.030000e+01    2.010858e+02
4.035000e+01    1.612345e+02
4.040000e+01    1.210534e+02
4.045000e+01    8.743249e+01
4.050000e+01    6.597487e+01
4.055000e+01    5.652361e+01
4.060000e+01    5.418455e+01
4.065000e+01    5.382454e+01
4.070000e+01    5.280950e+01
4.075000e+01    5.087345e+01
4.080000e+01    4.881339e+01
4.085000e+01    4.768735e+01
4.090000e+01    4.884339e+01
4.095000e+01    5.366753e+01
4.100000e+01    6.225578e+01
4.105000e+01    7.219506e+01
4.110000e+01    7.909225e+01
4.115000e+01    7.913025e+01
4.120000e+01    7.206305e+01
4.125000e+01    6.173475e+01
4.130000e+01    5.307851e+01
4.135000e+01    4.895639e+01
4.140000e+01    5.000742e+01
4.145000e+01    5.611059e+01
4.150000e+01    6.666789e+01
4.155000e+01    7.941526e+01
4.160000e+01    8.964855e+01
4.165000e+01    9.219063e+01
4.170000e+01    8.584244e+01
4.175000e+01    7.559615e+01
4.180000e+01    6.909197e+01
4.185000e+01    7.040400e+01
4.190000e+01    7.684719e+01
4.195000e+01    8.162632e+01
4.200000e+01    8.031229e+01
4.205000e+01    7.432211e+01
4.210000e+01    6.759592e+01
4.215000e+01    6.188377e+01
4.220000e+01    5.661361e+01
4.225000e+01    5.137846e+01
4.230000e+01    4.675033e+01
4.235000e+01    4.339224e+01
4.240000e+01    4.140318e+01
4.245000e+01    4.046215e+01
4.250000e+01    4.021614e+01
4.255000e+01    4.056015e+01
4.260000e+01    4.170719e+01
4.265000e+01    4.419326e+01
4.270000e+01    4.896439e+01
4.275000e+01    5.779864e+01
4.280000e+01    7.424211e+01
4.285000e+01    1.044830e+02
4.290000e+01    1.552644e+02
4.295000e+01    2.249764e+02
4.300000e+01    2.930483e+02
4.305000e+01    3.259293e+02
4.310000e+01    3.045387e+02
4.315000e+01    2.431670e+02
4.320000e+01    1.760550e+02
4.325000e+01    1.313938e+02
4.330000e+01    1.210935e+02
4.335000e+01    1.443141e+02
4.340000e+01    1.927455e+02
4.345000e+01    2.576973e+02
4.350000e+01    3.374496e+02
4.355000e+01    4.298422e+02
4.360000e+01    5.104645e+02
4.365000e+01    5.336752e+02
4.370000e+01    4.740335e+02
4.375000e+01    3.572901e+02
4.380000e+01    2.368067e+02
4.385000e+01    1.492043e+02
4.390000e+01    1.000529e+02
4.395000e+01    7.751620e+01
4.400000e+01    6.807094e+01
4.405000e+01    6.323581e+01
4.410000e+01    6.001971e+01
4.415000e+01    5.932569e+01
4.420000e+01    6.401683e+01
4.425000e+01    7.586616e+01
4.430000e+01    9.191661e+01
4.435000e+01    1.044730e+02
4.440000e+01    1.066130e+02
4.445000e+01    9.771478e+01
4.450000e+01    8.305536e+01
4.455000e+01    6.941897e+01
4.460000e+01    6.119474e+01
4.465000e+01    5.910968e+01
4.470000e+01    6.116174e+01
4.475000e+01    6.422082e+01
4.480000e+01    6.530585e+01
4.485000e+01    6.272978e+01
4.490000e+01    5.717263e+01
4.495000e+01    5.145347e+01
4.500000e+01    4.845839e+01
4.505000e+01    4.911440e+01
4.510000e+01    5.229849e+01
4.515000e+01    5.598460e+01
4.520000e+01    5.825366e+01
4.525000e+01    5.801265e+01
4.530000e+01    5.558158e+01
4.535000e+01    5.252449e+01
4.540000e+01    5.044144e+01
4.545000e+01    4.991142e+01
4.550000e+01    5.064045e+01
4.555000e+01    5.217149e+01
4.560000e+01    5.419554e+01
4.565000e+01    5.673061e+01
4.570000e+01    6.078473e+01
4.575000e+01    6.908796e+01
4.580000e+01    8.532042e+01
4.585000e+01    1.102431e+02
4.590000e+01    1.369539e+02
4.595000e+01    1.528044e+02
4.600000e+01    1.500143e+02
4.605000e+01    1.329338e+02
4.610000e+01    1.127432e+02
4.615000e+01    9.820380e+01
4.620000e+01    9.563472e+01
4.625000e+01    1.184934e+02
4.630000e+01    1.957156e+02
4.635000e+01    3.631503e+02
4.640000e+01    6.312879e+02
4.645000e+01    9.469770e+02
4.650000e+01    1.187134e+03
4.655000e+01    1.221735e+03
4.660000e+01    1.021429e+03
4.665000e+01    6.966198e+02
4.670000e+01    4.012614e+02
4.675000e+01    2.163261e+02
4.680000e+01    1.349838e+02
4.685000e+01    1.169033e+02
4.690000e+01    1.263236e+02
4.695000e+01    1.388440e+02
4.700000e+01    1.410640e+02
4.705000e+01    1.308338e+02
4.710000e+01    1.139532e+02
4.715000e+01    9.793679e+01
4.720000e+01    8.734648e+01
4.725000e+01    8.268535e+01
4.730000e+01    8.192133e+01
4.735000e+01    8.283135e+01
4.740000e+01    8.440740e+01
4.745000e+01    8.669247e+01
4.750000e+01    8.961655e+01
4.755000e+01    9.238563e+01
4.760000e+01    9.426368e+01
4.765000e+01    9.545371e+01
4.770000e+01    9.682676e+01
4.775000e+01    9.918982e+01
4.780000e+01    1.032129e+02
4.785000e+01    1.097531e+02
4.790000e+01    1.198234e+02
4.795000e+01    1.340439e+02
4.800000e+01    1.519444e+02
4.805000e+01    1.718049e+02
4.810000e+01    1.911254e+02
4.815000e+01    2.075159e+02
4.820000e+01    2.191662e+02
4.825000e+01    2.246664e+02
4.830000e+01    2.225164e+02
4.835000e+01    2.122160e+02
4.840000e+01    1.965656e+02
4.845000e+01    1.818752e+02
4.850000e+01    1.738450e+02
4.855000e+01    1.737750e+02
4.860000e+01    1.790551e+02
4.865000e+01    1.866353e+02
4.870000e+01    1.955256e+02
4.875000e+01    2.068559e+02
4.880000e+01    2.221863e+02
4.885000e+01    2.409069e+02
4.890000e+01    2.588674e+02
4.895000e+01    2.701376e+02
4.900000e+01    2.717478e+02
4.905000e+01    2.662376e+02
4.910000e+01    2.586374e+02
4.915000e+01    2.521571e+02
4.920000e+01    2.475370e+02
4.925000e+01    2.447369e+02
4.930000e+01    2.438970e+02
4.935000e+01    2.451370e+02
4.940000e+01    2.483870e+02
4.945000e+01    2.533773e+02
4.950000e+01    2.594974e+02
4.955000e+01    2.659076e+02
4.960000e+01    2.722277e+02
4.965000e+01    2.794380e+02
4.970000e+01    2.902482e+02
4.975000e+01    3.087088e+02
4.980000e+01    3.381797e+02
4.985000e+01    3.768808e+02
4.990000e+01    4.139717e+02
4.995000e+01    4.337524e+02
5.000000e+01    4.288022e+02
5.005000e+01    4.076416e+02
5.010000e+01    3.861210e+02
5.015000e+01    3.741006e+02
5.020000e+01    3.721006e+02
5.025000e+01    3.759907e+02
5.030000e+01    3.811208e+02
5.035000e+01    3.833210e+02
5.040000e+01    3.788207e+02
5.045000e+01    3.655704e+02
5.050000e+01    3.465598e+02
5.055000e+01    3.326895e+02
5.060000e+01    3.404297e+02
5.065000e+01    3.806908e+02
5.070000e+01    4.436326e+02
5.075000e+01    4.964041e+02
5.080000e+01    5.031543e+02
5.085000e+01    4.505628e+02
5.090000e+01    3.563201e+02
5.095000e+01    2.560173e+02
5.100000e+01    1.793352e+02
5.105000e+01    1.350038e+02
5.110000e+01    1.148333e+02
5.115000e+01    1.060030e+02
5.120000e+01    9.806079e+01
5.125000e+01    8.505242e+01
5.130000e+01    6.786193e+01
5.135000e+01    5.444755e+01
5.140000e+01    5.420254e+01
5.145000e+01    6.920697e+01
5.150000e+01    8.962755e+01
5.155000e+01    9.937883e+01
5.160000e+01    8.979156e+01
5.165000e+01    6.710891e+01
5.170000e+01    4.473728e+01
5.175000e+01    3.121289e+01
5.180000e+01    2.745478e+01
5.185000e+01    3.146890e+01
5.190000e+01    4.230420e+01
5.195000e+01    6.036872e+01
5.200000e+01    8.569544e+01
5.205000e+01    1.165233e+02
5.210000e+01    1.488742e+02
5.215000e+01    1.757450e+02
5.220000e+01    1.866853e+02
5.225000e+01    1.730249e+02
5.230000e+01    1.387239e+02
5.235000e+01    1.045430e+02
5.240000e+01    9.589174e+01
5.245000e+01    1.225735e+02
5.250000e+01    1.680748e+02
5.255000e+01    1.995657e+02
5.260000e+01    1.939755e+02
5.265000e+01    1.551644e+02
5.270000e+01    1.049830e+02
5.275000e+01    6.300379e+01
5.280000e+01    3.669704e+01
5.285000e+01    2.394568e+01
5.290000e+01    1.926255e+01
5.295000e+01    1.802751e+01
5.300000e+01    1.767750e+01
5.305000e+01    1.722449e+01
5.310000e+01    1.660048e+01
5.315000e+01    1.622847e+01
5.320000e+01    1.664547e+01
5.325000e+01    1.816151e+01
5.330000e+01    2.077059e+01
5.335000e+01    2.478570e+01
5.340000e+01    3.306994e+01
5.345000e+01    5.488656e+01
5.350000e+01    1.069930e+02
5.355000e+01    2.033458e+02
5.360000e+01    3.352295e+02
5.365000e+01    4.643733e+02
5.370000e+01    5.440655e+02
5.375000e+01    5.489956e+02
5.380000e+01    4.871138e+02
5.385000e+01    3.891411e+02
5.390000e+01    2.880082e+02
5.395000e+01    2.043358e+02
5.400000e+01    1.457442e+02
5.405000e+01    1.124332e+02
5.410000e+01    9.959984e+01
5.415000e+01    9.897882e+01
5.420000e+01    1.030229e+02
5.425000e+01    1.078231e+02
5.430000e+01    1.107632e+02
5.435000e+01    1.078631e+02
5.440000e+01    9.595373e+01
5.445000e+01    7.628017e+01
5.450000e+01    5.412855e+01
5.455000e+01    3.529701e+01
5.460000e+01    2.301665e+01
5.465000e+01    1.730049e+01
5.470000e+01    1.646747e+01
5.475000e+01    1.910754e+01
5.480000e+01    2.483170e+01
5.485000e+01    3.353195e+01
5.490000e+01    4.404025e+01
5.495000e+01    5.382853e+01
5.500000e+01    6.084073e+01
5.505000e+01    6.715791e+01
5.510000e+01    8.399440e+01
5.515000e+01    1.375739e+02
5.520000e+01    2.716877e+02
5.525000e+01    5.361052e+02
5.530000e+01    9.505771e+02
5.535000e+01    1.452541e+03
5.540000e+01    1.872053e+03
5.545000e+01    2.004357e+03
5.550000e+01    1.768750e+03
5.555000e+01    1.292236e+03
5.560000e+01    8.031128e+02
5.565000e+01    4.619432e+02
5.570000e+01    2.981485e+02
5.575000e+01    2.530272e+02
5.580000e+01    2.479970e+02
5.585000e+01    2.304165e+02
5.590000e+01    1.878353e+02
5.595000e+01    1.375639e+02
5.600000e+01    1.042030e+02
5.605000e+01    1.016629e+02
5.610000e+01    1.293436e+02
5.615000e+01    1.754550e+02
5.620000e+01    2.199363e+02
5.625000e+01    2.406968e+02
5.630000e+01    2.263865e+02
5.635000e+01    1.840252e+02
5.640000e+01    1.319138e+02
5.645000e+01    8.627446e+01
5.650000e+01    5.443955e+01
5.655000e+01    3.620803e+01
5.660000e+01    2.835481e+01
5.665000e+01    2.816780e+01
5.670000e+01    3.446798e+01
5.675000e+01    4.671133e+01
5.680000e+01    6.342480e+01
5.685000e+01    8.104031e+01
5.690000e+01    9.421968e+01
5.695000e+01    9.859880e+01
5.700000e+01    9.488870e+01
5.705000e+01    9.011456e+01
5.710000e+01    9.306465e+01
5.715000e+01    1.071330e+02
5.720000e+01    1.266136e+02
5.725000e+01    1.405341e+02
5.730000e+01    1.418341e+02
5.735000e+01    1.320437e+02
5.740000e+01    1.159333e+02
5.745000e+01    9.549872e+01
5.750000e+01    7.176004e+01
5.755000e+01    4.868239e+01
5.760000e+01    3.126588e+01
5.765000e+01    2.126461e+01
5.770000e+01    1.688148e+01
5.775000e+01    1.552344e+01
5.780000e+01    1.580845e+01
5.785000e+01    1.800251e+01
5.790000e+01    2.354167e+01
5.795000e+01    3.347496e+01
5.800000e+01    4.652733e+01
5.805000e+01    6.085773e+01
5.810000e+01    8.437240e+01
5.815000e+01    1.545644e+02
5.820000e+01    3.589602e+02
5.825000e+01    8.284436e+02
5.830000e+01    1.661548e+03
5.835000e+01    2.766479e+03
5.840000e+01    3.738407e+03
5.845000e+01    4.031515e+03
5.850000e+01    3.431597e+03
5.855000e+01    2.299265e+03
5.860000e+01    1.222635e+03
5.865000e+01    5.279351e+02
5.870000e+01    1.942655e+02
5.875000e+01    6.806594e+01
5.880000e+01    2.880982e+01
5.885000e+01    1.839952e+01
5.890000e+01    1.602246e+01
5.895000e+01    1.580545e+01
5.900000e+01    1.665248e+01
5.905000e+01    1.874453e+01
5.910000e+01    2.218963e+01
5.915000e+01    2.638575e+01
5.920000e+01    2.997186e+01
5.925000e+01    3.153789e+01
5.930000e+01    3.068187e+01
5.935000e+01    2.837481e+01
5.940000e+01    2.611175e+01
5.945000e+01    2.489471e+01
5.950000e+01    2.518471e+01
5.955000e+01    2.750178e+01
5.960000e+01    3.282493e+01
5.965000e+01    4.292223e+01
5.970000e+01    6.205576e+01
5.975000e+01    1.008829e+02
5.980000e+01    1.760550e+02
5.985000e+01    2.924984e+02
5.990000e+01    4.162718e+02
5.995000e+01    4.812737e+02
6.000000e+01    4.455727e+02
6.005000e+01    3.330095e+02
6.010000e+01    2.057759e+02
6.015000e+01    1.098131e+02
6.020000e+01    5.523657e+01
6.025000e+01    3.087488e+01
6.030000e+01    2.234964e+01
6.035000e+01    2.008858e+01
6.040000e+01    1.959056e+01
6.045000e+01    1.928955e+01
6.050000e+01    1.925455e+01
6.055000e+01    2.133261e+01
6.060000e+01    3.041487e+01
6.065000e+01    5.714263e+01
6.070000e+01    1.228635e+02
6.075000e+01    2.641975e+02
6.080000e+01    5.227949e+02
6.085000e+01    8.997656e+02
6.090000e+01    1.297437e+03
6.095000e+01    1.538744e+03
6.100000e+01    1.495243e+03
6.105000e+01    1.195134e+03
6.110000e+01    7.884224e+02
6.115000e+01    4.288222e+02
6.120000e+01    1.931955e+02
6.125000e+01    7.593016e+01
6.130000e+01    3.165590e+01
6.135000e+01    1.933755e+01
6.140000e+01    1.822352e+01
6.145000e+01    2.230863e+01
6.150000e+01    3.136489e+01
6.155000e+01    4.501929e+01
6.160000e+01    5.952069e+01
6.165000e+01    6.836094e+01
6.170000e+01    6.696390e+01
6.175000e+01    5.648661e+01
6.180000e+01    4.239920e+01
6.185000e+01    3.020586e+01
6.190000e+01    2.272764e+01
6.195000e+01    1.998757e+01
6.200000e+01    2.046859e+01
6.205000e+01    2.236564e+01
6.210000e+01    2.434869e+01
6.215000e+01    2.667575e+01
6.220000e+01    3.409297e+01
6.225000e+01    6.027271e+01
6.230000e+01    1.274737e+02
6.235000e+01    2.502971e+02
6.240000e+01    4.082216e+02
6.245000e+01    5.404853e+02
6.250000e+01    5.835266e+02
6.255000e+01    5.180148e+02
6.260000e+01    3.834009e+02
6.265000e+01    2.605674e+02
6.270000e+01    2.573674e+02
6.275000e+01    5.273050e+02
6.280000e+01    1.265336e+03
6.285000e+01    2.536973e+03
6.290000e+01    3.999214e+03
6.295000e+01    4.943640e+03
6.300000e+01    4.844338e+03
6.305000e+01    3.818509e+03
6.310000e+01    2.449970e+03
6.315000e+01    1.284537e+03
6.320000e+01    5.503857e+02
6.325000e+01    1.973156e+02
6.330000e+01    6.779593e+01
6.335000e+01    3.151389e+01
6.340000e+01    2.351366e+01
6.345000e+01    2.213163e+01
6.350000e+01    2.239463e+01
6.355000e+01    2.349367e+01
6.360000e+01    2.536772e+01
6.365000e+01    2.813680e+01
6.370000e+01    3.185390e+01
6.375000e+01    3.614203e+01
6.380000e+01    3.990614e+01
6.385000e+01    4.164319e+01
6.390000e+01    4.041916e+01
6.395000e+01    3.667105e+01
6.400000e+01    3.198491e+01
6.405000e+01    2.808881e+01
6.410000e+01    2.590473e+01
6.415000e+01    2.539873e+01
6.420000e+01    2.632375e+01
6.425000e+01    2.895482e+01
6.430000e+01    3.385397e+01
6.435000e+01    4.067116e+01
6.440000e+01    4.709334e+01
6.445000e+01    4.966641e+01
6.450000e+01    4.658032e+01
6.455000e+01    3.942112e+01
6.460000e+01    3.162890e+01
6.465000e+01    2.579774e+01
6.470000e+01    2.271264e+01
6.475000e+01    2.197562e+01
6.480000e+01    2.274365e+01
6.485000e+01    2.412469e+01
6.490000e+01    2.541472e+01
6.495000e+01    2.627275e+01
6.500000e+01    2.672677e+01
6.505000e+01    2.694576e+01
6.510000e+01    2.691777e+01
6.515000e+01    2.640076e+01
6.520000e+01    2.529671e+01
6.525000e+01    2.395268e+01
6.530000e+01    2.297265e+01
6.535000e+01    2.280165e+01
6.540000e+01    2.359467e+01
6.545000e+01    2.548873e+01
6.550000e+01    2.899883e+01
6.555000e+01    3.503300e+01
6.560000e+01    4.409726e+01
6.565000e+01    5.498557e+01
6.570000e+01    6.412782e+01
6.575000e+01    6.732392e+01
6.580000e+01    6.353980e+01
6.585000e+01    5.676961e+01
6.590000e+01    5.332551e+01
6.595000e+01    5.780665e+01
6.600000e+01    7.129702e+01
6.605000e+01    9.065459e+01
6.610000e+01    1.080031e+02
6.615000e+01    1.138532e+02
6.620000e+01    1.045530e+02
6.625000e+01    8.581744e+01
6.630000e+01    6.667789e+01
6.635000e+01    5.182148e+01
6.640000e+01    4.111617e+01
6.645000e+01    3.347395e+01
6.650000e+01    2.857781e+01
6.655000e+01    2.617174e+01
6.660000e+01    2.553672e+01
6.665000e+01    2.578374e+01
6.670000e+01    2.623774e+01
6.675000e+01    2.657176e+01
6.680000e+01    2.682076e+01
6.685000e+01    2.731678e+01
6.690000e+01    2.855182e+01
6.695000e+01    3.091888e+01
6.700000e+01    3.441597e+01
6.705000e+01    3.841909e+01
6.710000e+01    4.177519e+01
6.715000e+01    4.333824e+01
6.720000e+01    4.274722e+01
6.725000e+01    4.068816e+01
6.730000e+01    3.824609e+01
6.735000e+01    3.616403e+01
6.740000e+01    3.481500e+01
6.745000e+01    3.458498e+01
6.750000e+01    3.594802e+01
6.755000e+01    3.901812e+01
6.760000e+01    4.301323e+01
6.765000e+01    4.646633e+01
6.770000e+01    4.831937e+01
6.775000e+01    4.873139e+01
6.780000e+01    4.876639e+01
6.785000e+01    4.993642e+01
6.790000e+01    5.429554e+01
6.795000e+01    6.387882e+01
6.800000e+01    7.862123e+01
6.805000e+01    9.471869e+01
6.810000e+01    1.058130e+02
6.815000e+01    1.069030e+02
6.820000e+01    9.844480e+01
6.825000e+01    8.726449e+01
6.830000e+01    8.339737e+01
6.835000e+01    9.656975e+01
6.840000e+01    1.340638e+02
6.845000e+01    1.952456e+02
6.850000e+01    2.634476e+02
6.855000e+01    3.090388e+02
6.860000e+01    3.096988e+02
6.865000e+01    2.675877e+02
6.870000e+01    2.042459e+02
6.875000e+01    1.430241e+02
6.880000e+01    9.769078e+01
6.885000e+01    7.140904e+01
6.890000e+01    6.083974e+01
6.895000e+01    6.023972e+01
6.900000e+01    6.364482e+01
6.905000e+01    6.609588e+01
6.910000e+01    6.501185e+01
6.915000e+01    6.098874e+01
6.920000e+01    5.702363e+01
6.925000e+01    5.662462e+01
6.930000e+01    6.180676e+01
6.935000e+01    7.148504e+01
6.940000e+01    8.114431e+01
6.945000e+01    8.522343e+01
6.950000e+01    8.154932e+01
6.955000e+01    7.316108e+01
6.960000e+01    6.482485e+01
6.965000e+01    5.877367e+01
6.970000e+01    5.460955e+01
6.975000e+01    5.185847e+01
6.980000e+01    5.132946e+01
6.985000e+01    5.446055e+01
6.990000e+01    6.199777e+01
6.995000e+01    7.393411e+01
7.000000e+01    9.225663e+01
7.005000e+01    1.261536e+02
7.010000e+01    1.943256e+02
7.015000e+01    3.147189e+02
7.020000e+01    4.819637e+02
7.025000e+01    6.547687e+02
7.030000e+01    7.720220e+02
7.035000e+01    7.880224e+02
7.040000e+01    7.010499e+02
7.045000e+01    5.538158e+02
7.050000e+01    4.034915e+02
7.055000e+01    2.873882e+02
7.060000e+01    2.111761e+02
7.065000e+01    1.605745e+02
7.070000e+01    1.211234e+02
7.075000e+01    8.914054e+01
7.080000e+01    6.745792e+01
7.085000e+01    5.662361e+01
7.090000e+01    5.328451e+01
7.095000e+01    5.366652e+01
7.100000e+01    5.549958e+01
7.105000e+01    5.765264e+01
7.110000e+01    5.975770e+01
7.115000e+01    6.210977e+01
7.120000e+01    6.510186e+01
7.125000e+01    6.849595e+01
7.130000e+01    7.126703e+01
7.135000e+01    7.215805e+01
7.140000e+01    7.051100e+01
7.145000e+01    6.679190e+01
7.150000e+01    6.254478e+01
7.155000e+01    6.015471e+01
7.160000e+01    6.291480e+01
7.165000e+01    7.507814e+01
7.170000e+01    1.003129e+02
7.175000e+01    1.367539e+02
7.180000e+01    1.718449e+02
7.185000e+01    1.867153e+02
7.190000e+01    1.719349e+02
7.195000e+01    1.372839e+02
7.200000e+01    1.019829e+02
7.205000e+01    7.854424e+01
7.210000e+01    6.780693e+01
7.215000e+01    6.443983e+01
7.220000e+01    6.344581e+01
7.225000e+01    6.275979e+01
7.230000e+01    6.231678e+01
7.235000e+01    6.231077e+01
7.240000e+01    6.264779e+01
7.245000e+01    6.322780e+01
7.250000e+01    6.402183e+01
7.255000e+01    6.488185e+01
7.260000e+01    6.553987e+01
7.265000e+01    6.586487e+01
7.270000e+01    6.609588e+01
7.275000e+01    6.669590e+01
7.280000e+01    6.779493e+01
7.285000e+01    6.886496e+01
7.290000e+01    6.909996e+01
7.295000e+01    6.814094e+01
7.300000e+01    6.646689e+01
7.305000e+01    6.515086e+01
7.310000e+01    6.511585e+01
7.315000e+01    6.650589e+01
7.320000e+01    6.865096e+01
7.325000e+01    7.055701e+01
7.330000e+01    7.152904e+01
7.335000e+01    7.155804e+01
7.340000e+01    7.122602e+01
7.345000e+01    7.123102e+01
7.350000e+01    7.184705e+01
7.355000e+01    7.272707e+01
7.360000e+01    7.326408e+01
7.365000e+01    7.318108e+01
7.370000e+01    7.282107e+01
7.375000e+01    7.281807e+01
7.380000e+01    7.339709e+01
7.385000e+01    7.410611e+01
7.390000e+01    7.439012e+01
7.395000e+01    7.413511e+01
7.400000e+01    7.347309e+01
7.405000e+01    7.248006e+01
7.410000e+01    7.143803e+01
7.415000e+01    7.104102e+01
7.420000e+01    7.191605e+01
7.425000e+01    7.417111e+01
7.430000e+01    7.763021e+01
7.435000e+01    8.208834e+01
7.440000e+01    8.693348e+01
7.445000e+01    9.090359e+01
7.450000e+01    9.277363e+01
7.455000e+01    9.235964e+01
7.460000e+01    9.084759e+01
7.465000e+01    9.031557e+01
7.470000e+01    9.286165e+01
7.475000e+01    9.976384e+01
7.480000e+01    1.110032e+02
7.485000e+01    1.253236e+02
7.490000e+01    1.405040e+02
7.495000e+01    1.531843e+02
7.500000e+01    1.586145e+02
7.505000e+01    1.526443e+02
7.510000e+01    1.359838e+02
7.515000e+01    1.156633e+02
7.520000e+01    1.002128e+02
7.525000e+01    9.365366e+01
7.530000e+01    9.414068e+01
7.535000e+01    9.699377e+01
7.540000e+01    9.833680e+01
7.545000e+01    9.694776e+01
7.550000e+01    9.387267e+01
7.555000e+01    9.111859e+01
7.560000e+01    9.093059e+01
7.565000e+01    9.606673e+01
7.570000e+01    1.101731e+02
7.575000e+01    1.365139e+02
7.580000e+01    1.752949e+02
7.585000e+01    2.230964e+02
7.590000e+01    2.751878e+02
7.595000e+01    3.249892e+02
7.600000e+01    3.596002e+02
7.605000e+01    3.628503e+02
7.610000e+01    3.305894e+02
7.615000e+01    2.798379e+02
7.620000e+01    2.385268e+02
7.625000e+01    2.318366e+02
7.630000e+01    2.805780e+02
7.635000e+01    3.978914e+02
7.640000e+01    5.707963e+02
7.645000e+01    7.455413e+02
7.650000e+01    8.433940e+02
7.655000e+01    8.068329e+02
7.660000e+01    6.462284e+02
7.665000e+01    4.397025e+02
7.670000e+01    2.744778e+02
7.675000e+01    1.929655e+02
7.680000e+01    1.991457e+02
7.685000e+01    2.940784e+02
7.690000e+01    4.819838e+02
7.695000e+01    7.359910e+02
7.700000e+01    9.649474e+02
7.705000e+01    1.046530e+03
7.710000e+01    9.293665e+02
7.715000e+01    6.871196e+02
7.720000e+01    4.463228e+02
7.725000e+01    2.812480e+02
7.730000e+01    1.936255e+02
7.735000e+01    1.556744e+02
7.740000e+01    1.432941e+02
7.745000e+01    1.422040e+02
7.750000e+01    1.446441e+02
7.755000e+01    1.467641e+02
7.760000e+01    1.470942e+02
7.765000e+01    1.456742e+02
7.770000e+01    1.449041e+02
7.775000e+01    1.517744e+02
7.780000e+01    1.793951e+02
7.785000e+01    2.437470e+02
7.790000e+01    3.522101e+02
7.795000e+01    4.868938e+02
7.800000e+01    5.970869e+02
7.805000e+01    6.232477e+02
7.810000e+01    5.473556e+02
7.815000e+01    4.143117e+02
7.820000e+01    2.902883e+02
7.825000e+01    2.096659e+02
7.830000e+01    1.690348e+02
7.835000e+01    1.539744e+02
7.840000e+01    1.586045e+02
7.845000e+01    1.890454e+02
7.850000e+01    2.591374e+02
7.855000e+01    3.805509e+02
7.860000e+01    5.473456e+02
7.865000e+01    7.239206e+02
7.870000e+01    8.527543e+02
7.875000e+01    8.917354e+02
7.880000e+01    8.621146e+02
7.885000e+01    8.496442e+02
7.890000e+01    9.311866e+02
7.895000e+01    1.092531e+03
7.900000e+01    1.222135e+03
7.905000e+01    1.193534e+03
7.910000e+01    9.773878e+02
7.915000e+01    6.715991e+02
7.920000e+01    4.092617e+02
7.925000e+01    2.527072e+02
7.930000e+01    1.847052e+02
7.935000e+01    1.633446e+02
7.940000e+01    1.597046e+02
7.945000e+01    1.615746e+02
7.950000e+01    1.655047e+02
7.955000e+01    1.705849e+02
7.960000e+01    1.754150e+02
7.965000e+01    1.780150e+02
7.970000e+01    1.774451e+02
7.975000e+01    1.750450e+02
7.980000e+01    1.732550e+02
7.985000e+01    1.736049e+02
7.990000e+01    1.759650e+02
7.995000e+01    1.791551e+02
8.000000e+01    1.820351e+02
8.005000e+01    1.840952e+02
8.010000e+01    1.854652e+02
8.015000e+01    1.865453e+02
8.020000e+01    1.875453e+02
8.025000e+01    1.884053e+02
8.030000e+01    1.888854e+02
8.035000e+01    1.889054e+02
8.040000e+01    1.887953e+02
8.045000e+01    1.894053e+02
8.050000e+01    1.919554e+02
8.055000e+01    1.970356e+02
8.060000e+01    2.035458e+02
8.065000e+01    2.088559e+02
8.070000e+01    2.110559e+02
8.075000e+01    2.107460e+02
8.080000e+01    2.101759e+02
8.085000e+01    2.110660e+02
8.090000e+01    2.134061e+02
8.095000e+01    2.158462e+02
8.100000e+01    2.171862e+02
8.105000e+01    2.174062e+02
8.110000e+01    2.174862e+02
8.115000e+01    2.184462e+02
8.120000e+01    2.205463e+02
8.125000e+01    2.232063e+02
8.130000e+01    2.255765e+02
8.135000e+01    2.274265e+02
8.140000e+01    2.295466e+02
8.145000e+01    2.330666e+02
8.150000e+01    2.380168e+02
8.155000e+01    2.429470e+02
8.160000e+01    2.464670e+02
8.165000e+01    2.487271e+02
8.170000e+01    2.508072e+02
8.175000e+01    2.532372e+02
8.180000e+01    2.554373e+02
8.185000e+01    2.565172e+02
8.190000e+01    2.562573e+02
8.195000e+01    2.553773e+02
8.200000e+01    2.547572e+02
8.205000e+01    2.549272e+02
8.210000e+01    2.562474e+02
8.215000e+01    2.591673e+02
8.220000e+01    2.633274e+02
8.225000e+01    2.672076e+02
8.230000e+01    2.691576e+02
8.235000e+01    2.687976e+02
8.240000e+01    2.671176e+02
8.245000e+01    2.655075e+02
8.250000e+01    2.649576e+02
8.255000e+01    2.657775e+02
8.260000e+01    2.678277e+02
8.265000e+01    2.707577e+02
8.270000e+01    2.740578e+02
8.275000e+01    2.772279e+02
8.280000e+01    2.802980e+02
8.285000e+01    2.837281e+02
8.290000e+01    2.876582e+02
8.295000e+01    2.922183e+02
8.300000e+01    3.006085e+02
8.305000e+01    3.241193e+02
8.310000e+01    3.848009e+02
8.315000e+01    5.093845e+02
8.320000e+01    7.124503e+02
8.325000e+01    9.779378e+02
8.330000e+01    1.254535e+03
8.335000e+01    1.476542e+03
8.340000e+01    1.599046e+03
8.345000e+01    1.611946e+03
8.350000e+01    1.516943e+03
8.355000e+01    1.315737e+03
8.360000e+01    1.037830e+03
8.365000e+01    7.562415e+02
8.370000e+01    5.444055e+02
8.375000e+01    4.257621e+02
8.380000e+01    3.765007e+02
8.385000e+01    3.619902e+02
8.390000e+01    3.595702e+02
8.395000e+01    3.594903e+02
8.400000e+01    3.588802e+02
8.405000e+01    3.576402e+02
8.410000e+01    3.566702e+02
8.415000e+01    3.571602e+02
8.420000e+01    3.597603e+02
8.425000e+01    3.641404e+02
8.430000e+01    3.692505e+02
8.435000e+01    3.740706e+02
8.440000e+01    3.780508e+02
8.445000e+01    3.811409e+02
8.450000e+01    3.835910e+02
8.455000e+01    3.857210e+02
8.460000e+01    3.877710e+02
8.465000e+01    3.899511e+02
8.470000e+01    3.924712e+02
8.475000e+01    3.955012e+02
8.480000e+01    3.991214e+02
8.485000e+01    4.031615e+02
8.490000e+01    4.069216e+02
8.495000e+01    4.095217e+02
8.500000e+01    4.106817e+02
8.505000e+01    4.110817e+02
8.510000e+01    4.116317e+02
8.515000e+01    4.125717e+02
8.520000e+01    4.137418e+02
8.525000e+01    4.153518e+02
8.530000e+01    4.183319e+02
8.535000e+01    4.235720e+02
8.540000e+01    4.306923e+02
8.545000e+01    4.377024e+02
8.550000e+01    4.426626e+02
8.555000e+01    4.454426e+02
8.560000e+01    4.480328e+02
8.565000e+01    4.532829e+02
8.570000e+01    4.632132e+02
8.575000e+01    4.774335e+02
8.580000e+01    4.924740e+02
8.585000e+01    5.033444e+02
8.590000e+01    5.070544e+02
8.595000e+01    5.047743e+02
8.600000e+01    5.002843e+02
8.605000e+01    4.967941e+02
8.610000e+01    4.954241e+02
8.615000e+01    4.956841e+02
8.620000e+01    4.967141e+02
8.625000e+01    4.980442e+02
8.630000e+01    4.993142e+02
8.635000e+01    5.000143e+02
8.640000e+01    4.997142e+02
8.645000e+01    4.984741e+02
8.650000e+01    4.969141e+02
8.655000e+01    4.960641e+02
8.660000e+01    4.973241e+02
8.665000e+01    5.018542e+02
8.670000e+01    5.094045e+02
8.675000e+01    5.179448e+02
8.680000e+01    5.252150e+02
8.685000e+01    5.303551e+02
8.690000e+01    5.338952e+02
8.695000e+01    5.366453e+02
8.700000e+01    5.389953e+02
8.705000e+01    5.409354e+02
8.710000e+01    5.425254e+02
8.715000e+01    5.441054e+02
8.720000e+01    5.460156e+02
8.725000e+01    5.483556e+02
8.730000e+01    5.510057e+02
8.735000e+01    5.540158e+02
8.740000e+01    5.577859e+02
8.745000e+01    5.627460e+02
8.750000e+01    5.686462e+02
8.755000e+01    5.743663e+02
8.760000e+01    5.785764e+02
8.765000e+01    5.807666e+02
8.770000e+01    5.816165e+02
8.775000e+01    5.824866e+02
8.780000e+01    5.846566e+02
8.785000e+01    5.888167e+02
8.790000e+01    5.951869e+02
8.795000e+01    6.035571e+02
8.800000e+01    6.129374e+02
8.805000e+01    6.218477e+02
8.810000e+01    6.294680e+02
8.815000e+01    6.362181e+02
8.820000e+01    6.427883e+02
8.825000e+01    6.489385e+02
8.830000e+01    6.537286e+02
8.835000e+01    6.567687e+02
8.840000e+01    6.586588e+02
8.845000e+01    6.605489e+02
8.850000e+01    6.629689e+02
8.855000e+01    6.656489e+02
8.860000e+01    6.683690e+02
8.865000e+01    6.717692e+02
8.870000e+01    6.765792e+02
8.875000e+01    6.826794e+02
8.880000e+01    6.892196e+02
8.885000e+01    6.954998e+02
8.890000e+01    7.015400e+02
8.895000e+01    7.078801e+02
8.900000e+01    7.148403e+02
8.905000e+01    7.220105e+02
8.910000e+01    7.285408e+02
8.915000e+01    7.338709e+02
8.920000e+01    7.385111e+02
8.925000e+01    7.442511e+02
8.930000e+01    7.536915e+02
8.935000e+01    7.688218e+02
8.940000e+01    7.891625e+02
8.945000e+01    8.104830e+02
8.950000e+01    8.257435e+02
8.955000e+01    8.289536e+02
8.960000e+01    8.201633e+02
8.965000e+01    8.063130e+02
8.970000e+01    7.958626e+02
8.975000e+01    7.928025e+02
8.980000e+01    7.960927e+02
8.985000e+01    8.028928e+02
8.990000e+01    8.111031e+02
8.995000e+01    8.199534e+02
9.000000e+01    8.293736e+02
9.005000e+01    8.398839e+02
9.010000e+01    8.539543e+02
9.015000e+01    8.786249e+02
9.020000e+01    9.257863e+02
9.025000e+01    1.004329e+03
9.030000e+01    1.105631e+03
9.035000e+01    1.198234e+03
9.040000e+01    1.243235e+03
9.045000e+01    1.220135e+03
9.050000e+01    1.143133e+03
9.055000e+01    1.051230e+03
9.060000e+01    9.810879e+02
9.065000e+01    9.441869e+02
9.070000e+01    9.316766e+02
9.075000e+01    9.309965e+02
9.080000e+01    9.346366e+02
9.085000e+01    9.395267e+02
9.090000e+01    9.449369e+02
9.095000e+01    9.512171e+02
9.100000e+01    9.586173e+02
9.105000e+01    9.664775e+02
9.110000e+01    9.735878e+02
9.115000e+01    9.786779e+02
9.120000e+01    9.797779e+02
9.125000e+01    9.738677e+02
9.130000e+01    9.581073e+02
9.135000e+01    9.320865e+02
9.140000e+01    8.990156e+02
9.145000e+01    8.645446e+02
9.150000e+01    8.329237e+02
9.155000e+01    8.016728e+02
9.160000e+01    7.596316e+02
9.165000e+01    6.936598e+02
9.170000e+01    6.026571e+02
9.175000e+01    5.035043e+02
9.180000e+01    4.192119e+02
9.185000e+01    3.621503e+02
9.190000e+01    3.292294e+02
9.195000e+01    3.098188e+02
9.200000e+01    2.968485e+02
9.205000e+01    2.912083e+02
9.210000e+01    2.966884e+02
9.215000e+01    3.131089e+02
9.220000e+01    3.347496e+02
9.225000e+01    3.518100e+02
9.230000e+01    3.520901e+02
9.235000e+01    3.270393e+02
9.240000e+01    2.824281e+02
9.245000e+01    2.400168e+02
9.250000e+01    2.215963e+02
9.255000e+01    2.295265e+02
9.260000e+01    2.433669e+02
9.265000e+01    2.363667e+02
9.270000e+01    1.990657e+02
9.275000e+01    1.476342e+02
9.280000e+01    1.080631e+02
9.285000e+01    9.722577e+01
9.290000e+01    1.199934e+02
9.295000e+01    1.717649e+02
9.300000e+01    2.343066e+02
9.305000e+01    2.783779e+02
9.310000e+01    2.843981e+02
9.315000e+01    2.610774e+02
9.320000e+01    2.377468e+02
9.325000e+01    2.369668e+02
9.330000e+01    2.521571e+02
9.335000e+01    2.535572e+02
9.340000e+01    2.209563e+02
9.345000e+01    1.664347e+02
9.350000e+01    1.214635e+02
9.355000e+01    1.125532e+02
9.360000e+01    1.535943e+02
9.365000e+01    2.420569e+02
9.370000e+01    3.469399e+02
9.375000e+01    4.141218e+02
9.380000e+01    4.053616e+02
9.385000e+01    3.300694e+02
9.390000e+01    2.308866e+02
9.395000e+01    1.465842e+02
9.400000e+01    9.289464e+01
9.405000e+01    6.656890e+01
9.410000e+01    5.748263e+01
9.415000e+01    5.746464e+01
9.420000e+01    6.303579e+01
9.425000e+01    7.491214e+01
9.430000e+01    9.615474e+01
9.435000e+01    1.269736e+02
9.440000e+01    1.579645e+02
9.445000e+01    1.723249e+02
9.450000e+01    1.604146e+02
9.455000e+01    1.299237e+02
9.460000e+01    9.836280e+01
9.465000e+01    8.001027e+01
9.470000e+01    8.453741e+01
9.475000e+01    1.250135e+02
9.480000e+01    2.194463e+02
9.485000e+01    3.724005e+02
9.490000e+01    5.466555e+02
9.495000e+01    6.667590e+02
9.500000e+01    6.717392e+02
9.505000e+01    5.638861e+02
9.510000e+01    4.004414e+02
9.515000e+01    2.475271e+02
9.520000e+01    1.430241e+02
9.525000e+01    8.896353e+01
9.530000e+01    6.741592e+01
9.535000e+01    6.013071e+01
9.540000e+01    5.700962e+01
9.545000e+01    5.464655e+01
9.550000e+01    5.263850e+01
9.555000e+01    5.130746e+01
9.560000e+01    5.096345e+01
9.565000e+01    5.191148e+01
9.570000e+01    5.448955e+01
9.575000e+01    5.860666e+01
9.580000e+01    6.298379e+01
9.585000e+01    6.540286e+01
9.590000e+01    6.442183e+01
9.595000e+01    6.075673e+01
9.600000e+01    5.663162e+01
9.605000e+01    5.397953e+01
9.610000e+01    5.330452e+01
9.615000e+01    5.384753e+01
9.620000e+01    5.462256e+01
9.625000e+01    5.529057e+01
9.630000e+01    5.614160e+01
9.635000e+01    5.742863e+01
9.640000e+01    5.875967e+01
9.645000e+01    5.918669e+01
9.650000e+01    5.802865e+01
9.655000e+01    5.559258e+01
9.660000e+01    5.302351e+01
9.665000e+01    5.148247e+01
9.670000e+01    5.136446e+01
9.675000e+01    5.218349e+01
9.680000e+01    5.329151e+01
9.685000e+01    5.499057e+01
9.690000e+01    6.010371e+01
9.695000e+01    7.734921e+01
9.700000e+01    1.275537e+02
9.705000e+01    2.482471e+02
9.710000e+01    4.801137e+02
9.715000e+01    8.160332e+02
9.720000e+01    1.143833e+03
9.725000e+01    1.284737e+03
9.730000e+01    1.149233e+03
9.735000e+01    8.428940e+02
9.740000e+01    6.029272e+02
9.745000e+01    7.070402e+02
9.750000e+01    1.453641e+03
9.755000e+01    3.033187e+03
9.760000e+01    5.213848e+03
9.765000e+01    7.216106e+03
9.770000e+01    8.101230e+03
9.775000e+01    7.400011e+03
9.780000e+01    5.458955e+03
9.785000e+01    3.207491e+03
9.790000e+01    1.488143e+03
9.795000e+01    5.592860e+02
9.800000e+01    1.983657e+02
9.805000e+01    9.776078e+01
9.810000e+01    7.784921e+01
9.815000e+01    7.399511e+01
9.820000e+01    7.133604e+01
9.825000e+01    6.926997e+01
9.830000e+01    6.915497e+01
9.835000e+01    7.062701e+01
9.840000e+01    7.203605e+01
9.845000e+01    7.230706e+01
9.850000e+01    7.157903e+01
9.855000e+01    7.079301e+01
9.860000e+01    7.175104e+01
9.865000e+01    7.838323e+01
9.870000e+01    9.805279e+01
9.875000e+01    1.397339e+02
9.880000e+01    2.078460e+02
9.885000e+01    2.963685e+02
9.890000e+01    3.902810e+02
9.895000e+01    4.774335e+02
9.900000e+01    5.604259e+02
9.905000e+01    6.458884e+02
9.910000e+01    7.131803e+02
9.915000e+01    7.124802e+02
9.920000e+01    6.159975e+02
9.925000e+01    4.576730e+02
9.930000e+01    3.036587e+02
9.935000e+01    1.968957e+02
9.940000e+01    1.401340e+02
9.945000e+01    1.150233e+02
9.950000e+01    1.033529e+02
9.955000e+01    9.576772e+01
9.960000e+01    9.050557e+01
9.965000e+01    8.848652e+01
9.970000e+01    8.984455e+01
9.975000e+01    9.381167e+01
9.980000e+01    1.006329e+02
9.985000e+01    1.111532e+02
9.990000e+01    1.229335e+02
9.995000e+01    1.291937e+02
1.000000e+02    1.245336e+02
1.000500e+02    1.104831e+02
1.001000e+02    9.355467e+01
1.001500e+02    7.950326e+01
1.002000e+02    7.047101e+01
1.002500e+02    6.584087e+01
1.003000e+02    6.421082e+01
1.003500e+02    6.474384e+01
1.004000e+02    6.743392e+01
1.004500e+02    7.243406e+01
1.005000e+02    7.898725e+01
1.005500e+02    8.494142e+01
1.006000e+02    8.763850e+01
1.006500e+02    8.594645e+01
1.007000e+02    8.208034e+01
1.007500e+02    8.111131e+01
1.008000e+02    8.768649e+01
1.008500e+02    1.027929e+02
1.009000e+02    1.231535e+02
1.009500e+02    1.424141e+02
1.010000e+02    1.528544e+02
1.010500e+02    1.490142e+02
1.011000e+02    1.324738e+02
1.011500e+02    1.119632e+02
1.012000e+02    9.618774e+01
1.012500e+02    8.742549e+01
1.013000e+02    8.316937e+01
1.013500e+02    8.137931e+01
1.014000e+02    8.210334e+01
1.014500e+02    8.560144e+01
1.015000e+02    9.077159e+01
1.015500e+02    9.578373e+01
1.016000e+02    9.991484e+01
1.016500e+02    1.038530e+02
1.017000e+02    1.075531e+02
1.017500e+02    1.091131e+02
1.018000e+02    1.069430e+02
1.018500e+02    1.023929e+02
1.019000e+02    9.902182e+01
1.019500e+02    9.999484e+01
1.020000e+02    1.062530e+02
1.020500e+02    1.158933e+02
1.021000e+02    1.247635e+02
1.021500e+02    1.297836e+02
1.022000e+02    1.360439e+02
1.022500e+02    1.678747e+02
1.023000e+02    2.884783e+02
1.023500e+02    6.265779e+02
1.024000e+02    1.356839e+03
1.024500e+02    2.538972e+03
1.025000e+02    3.884510e+03
1.025500e+02    4.793837e+03
1.026000e+02    4.803137e+03
1.026500e+02    3.972013e+03
1.027000e+02    2.766778e+03
1.027500e+02    1.663647e+03
1.028000e+02    9.006256e+02
1.028500e+02    4.819838e+02
1.029000e+02    3.211191e+02
1.029500e+02    3.852909e+02
1.030000e+02    7.384710e+02
1.030500e+02    1.432741e+03
1.031000e+02    2.322566e+03
1.031500e+02    3.035286e+03
1.032000e+02    3.211091e+03
1.032500e+02    2.775779e+03
1.033000e+02    1.970056e+03
1.033500e+02    1.156433e+03
1.034000e+02    5.971670e+02
1.034500e+02    3.624703e+02
1.035000e+02    4.073516e+02
1.035500e+02    6.898496e+02
1.036000e+02    1.189534e+03
1.036500e+02    1.820252e+03
1.037000e+02    2.351467e+03
1.037500e+02    2.492071e+03
1.038000e+02    2.136060e+03
1.038500e+02    1.485443e+03
1.039000e+02    8.640646e+02
1.039500e+02    4.557829e+02
1.040000e+02    2.555773e+02
1.040500e+02    1.801652e+02
1.041000e+02    1.576344e+02
1.041500e+02    1.485542e+02
1.042000e+02    1.382339e+02
1.042500e+02    1.261337e+02
1.043000e+02    1.164133e+02
1.043500e+02    1.114432e+02
1.044000e+02    1.103631e+02
1.044500e+02    1.108732e+02
1.045000e+02    1.111132e+02
1.045500e+02    1.103431e+02
1.046000e+02    1.088631e+02
1.046500e+02    1.075031e+02
1.047000e+02    1.069530e+02
1.047500e+02    1.074431e+02
1.048000e+02    1.089431e+02
1.048500e+02    1.113032e+02
1.049000e+02    1.141432e+02
1.049500e+02    1.166633e+02
1.050000e+02    1.182534e+02
1.050500e+02    1.188934e+02
1.051000e+02    1.191334e+02
1.051500e+02    1.196134e+02
1.052000e+02    1.207234e+02
1.052500e+02    1.225335e+02
1.053000e+02    1.248336e+02
1.053500e+02    1.271837e+02
1.054000e+02    1.289837e+02
1.054500e+02    1.296237e+02
1.055000e+02    1.287836e+02
1.055500e+02    1.266235e+02
1.056000e+02    1.238935e+02
1.056500e+02    1.215735e+02
1.057000e+02    1.203434e+02
1.057500e+02    1.202234e+02
1.058000e+02    1.208234e+02
1.058500e+02    1.217335e+02
1.059000e+02    1.227535e+02
1.059500e+02    1.237935e+02
1.060000e+02    1.248336e+02
1.060500e+02    1.258836e+02
1.061000e+02    1.269336e+02
1.061500e+02    1.279937e+02
1.062000e+02    1.290536e+02
1.062500e+02    1.301337e+02
1.063000e+02    1.312438e+02
1.063500e+02    1.324638e+02
1.064000e+02    1.339638e+02
1.064500e+02    1.360239e+02
1.065000e+02    1.388940e+02
1.065500e+02    1.426740e+02
1.066000e+02    1.470442e+02
1.066500e+02    1.511442e+02
1.067000e+02    1.537544e+02
1.067500e+02    1.539244e+02
1.068000e+02    1.518543e+02
1.068500e+02    1.490142e+02
1.069000e+02    1.470041e+02
1.069500e+02    1.464742e+02
1.070000e+02    1.472642e+02
1.070500e+02    1.494542e+02
1.071000e+02    1.539744e+02
1.071500e+02    1.622046e+02
1.072000e+02    1.747450e+02
1.072500e+02    1.904954e+02
1.073000e+02    2.067759e+02
1.073500e+02    2.201363e+02
1.074000e+02    2.272865e+02
1.074500e+02    2.262464e+02
1.075000e+02    2.176562e+02
1.075500e+02    2.047758e+02
1.076000e+02    1.917255e+02
1.076500e+02    1.813251e+02
1.077000e+02    1.743949e+02
1.077500e+02    1.704349e+02
1.078000e+02    1.685548e+02
1.078500e+02    1.679947e+02
1.079000e+02    1.682948e+02
1.079500e+02    1.691148e+02
1.080000e+02    1.702449e+02
1.080500e+02    1.717049e+02
1.081000e+02    1.743550e+02
1.081500e+02    1.808752e+02
1.082000e+02    1.967056e+02
1.082500e+02    2.284466e+02
1.083000e+02    2.796080e+02
1.083500e+02    3.471899e+02
1.084000e+02    4.224320e+02
1.084500e+02    4.935740e+02
1.085000e+02    5.480056e+02
1.085500e+02    5.741764e+02
1.086000e+02    5.649760e+02
1.086500e+02    5.215349e+02
1.087000e+02    4.545030e+02
1.087500e+02    3.805408e+02
1.088000e+02    3.147790e+02
1.088500e+02    2.649376e+02
1.089000e+02    2.316766e+02
1.089500e+02    2.121460e+02
1.090000e+02    2.026758e+02
1.090500e+02    1.997957e+02
1.091000e+02    2.008457e+02
1.091500e+02    2.040158e+02
1.092000e+02    2.076859e+02
1.092500e+02    2.101660e+02
1.093000e+02    2.109061e+02
1.093500e+02    2.114760e+02
1.094000e+02    2.147961e+02
1.094500e+02    2.228764e+02
1.095000e+02    2.348967e+02
1.095500e+02    2.472670e+02
1.096000e+02    2.557973e+02
1.096500e+02    2.581074e+02
1.097000e+02    2.542772e+02
1.097500e+02    2.462670e+02
1.098000e+02    2.370168e+02
1.098500e+02    2.293766e+02
1.099000e+02    2.252365e+02
1.099500e+02    2.252464e+02
1.100000e+02    2.296765e+02
1.100500e+02    2.385368e+02
1.101000e+02    2.503771e+02
1.101500e+02    2.619975e+02
1.102000e+02    2.703677e+02
1.102500e+02    2.747778e+02
1.103000e+02    2.764779e+02
1.103500e+02    2.770379e+02
1.104000e+02    2.775979e+02
1.104500e+02    2.793079e+02
1.105000e+02    2.837181e+02
1.105500e+02    2.920483e+02
1.106000e+02    3.034887e+02
1.106500e+02    3.149189e+02
1.107000e+02    3.232492e+02
1.107500e+02    3.276593e+02
1.108000e+02    3.293494e+02
1.108500e+02    3.298194e+02
1.109000e+02    3.299194e+02
1.109500e+02    3.299293e+02
1.110000e+02    3.299293e+02
1.110500e+02    3.299194e+02
1.111000e+02    3.298594e+02
1.111500e+02    3.296593e+02
1.112000e+02    3.290694e+02
1.112500e+02    3.277694e+02
1.113000e+02    3.252393e+02
1.113500e+02    3.205192e+02
1.114000e+02    3.120089e+02
1.114500e+02    2.982885e+02
1.115000e+02    2.802279e+02
1.115500e+02    2.615974e+02
1.116000e+02    2.468871e+02
1.116500e+02    2.382368e+02
1.117000e+02    2.345067e+02
1.117500e+02    2.324666e+02
1.118000e+02    2.288866e+02
1.118500e+02    2.221363e+02
1.119000e+02    2.127560e+02
1.119500e+02    2.035258e+02
1.120000e+02    1.991757e+02
1.120500e+02    2.050858e+02
1.121000e+02    2.243363e+02
1.121500e+02    2.548572e+02
1.122000e+02    2.886382e+02
1.122500e+02    3.150589e+02
1.123000e+02    3.268693e+02
1.123500e+02    3.241792e+02
1.124000e+02    3.127389e+02
1.124500e+02    2.995286e+02
1.125000e+02    2.896483e+02
1.125500e+02    2.858381e+02
1.126000e+02    2.889782e+02
1.126500e+02    2.987485e+02
1.127000e+02    3.137090e+02
1.127500e+02    3.309995e+02
1.128000e+02    3.461198e+02
1.128500e+02    3.527001e+02
1.129000e+02    3.434698e+02
1.129500e+02    3.142389e+02
1.130000e+02    2.695877e+02
1.130500e+02    2.228064e+02
1.131000e+02    1.871053e+02
1.131500e+02    1.670348e+02
1.132000e+02    1.590445e+02
1.132500e+02    1.575245e+02
1.133000e+02    1.586045e+02
1.133500e+02    1.605346e+02
1.134000e+02    1.626846e+02
1.134500e+02    1.649047e+02
1.135000e+02    1.671548e+02
1.135500e+02    1.694448e+02
1.136000e+02    1.717649e+02
1.136500e+02    1.741150e+02
1.137000e+02    1.764950e+02
1.137500e+02    1.789151e+02
1.138000e+02    1.813552e+02
1.138500e+02    1.838353e+02
1.139000e+02    1.863553e+02
1.139500e+02    1.889054e+02
1.140000e+02    1.914854e+02
1.140500e+02    1.941056e+02
1.141000e+02    1.967656e+02
1.141500e+02    1.994557e+02
1.142000e+02    2.021858e+02
1.142500e+02    2.049559e+02
1.143000e+02    2.077559e+02
1.143500e+02    2.105960e+02
1.144000e+02    2.134860e+02
1.144500e+02    2.164062e+02
1.145000e+02    2.193662e+02
1.145500e+02    2.223664e+02
1.146000e+02    2.254065e+02
1.146500e+02    2.284865e+02
1.147000e+02    2.316065e+02
1.147500e+02    2.347767e+02
1.148000e+02    2.379968e+02
1.148500e+02    2.412569e+02
1.149000e+02    2.445570e+02
1.149500e+02    2.479071e+02
1.150000e+02    2.512972e+02
1.150500e+02    2.547372e+02
1.151000e+02    2.582173e+02
1.151500e+02    2.617475e+02
1.152000e+02    2.653276e+02
1.152500e+02    2.689577e+02
1.153000e+02    2.726377e+02
1.153500e+02    2.763679e+02
1.154000e+02    2.801480e+02
1.154500e+02    2.839780e+02
1.155000e+02    2.878682e+02
1.155500e+02    2.918083e+02
1.156000e+02    2.957984e+02
1.156500e+02    2.998485e+02
1.157000e+02    3.039686e+02
1.157500e+02    3.082388e+02
1.158000e+02    3.130189e+02
1.158500e+02    3.194791e+02
1.159000e+02    3.300794e+02
1.159500e+02    3.483099e+02
1.160000e+02    3.765807e+02
1.160500e+02    4.125317e+02
1.161000e+02    4.468427e+02
1.161500e+02    4.674033e+02
1.162000e+02    4.693634e+02
1.162500e+02    4.600231e+02
1.163000e+02    4.512728e+02
1.163500e+02    4.495428e+02
1.164000e+02    4.549329e+02
1.164500e+02    4.668633e+02
1.165000e+02    4.875839e+02
1.165500e+02    5.190948e+02
1.166000e+02    5.567958e+02
1.166500e+02    5.878867e+02
1.167000e+02    5.993271e+02
1.167500e+02    5.884267e+02
1.168000e+02    5.665261e+02
1.168500e+02    5.533358e+02
1.169000e+02    5.651761e+02
1.169500e+02    6.041372e+02
1.170000e+02    6.552686e+02
1.170500e+02    6.957997e+02
1.171000e+02    7.113602e+02
1.171500e+02    7.049501e+02
1.172000e+02    6.934497e+02
1.172500e+02    7.088702e+02
1.173000e+02    8.155733e+02
1.173500e+02    1.117232e+03
1.174000e+02    1.711749e+03
1.174500e+02    2.581074e+03
1.175000e+02    3.488899e+03
1.175500e+02    4.045515e+03
1.176000e+02    3.975713e+03
1.176500e+02    3.334095e+03
1.177000e+02    2.435969e+03
1.177500e+02    1.617746e+03
1.178000e+02    1.059730e+03
1.178500e+02    7.610316e+02
1.179000e+02    6.277679e+02
1.179500e+02    5.721363e+02
1.180000e+02    5.492056e+02
1.180500e+02    5.435555e+02
1.181000e+02    5.485556e+02
1.181500e+02    5.582158e+02
1.182000e+02    5.689462e+02
1.182500e+02    5.815766e+02
1.183000e+02    5.981170e+02
1.183500e+02    6.176276e+02
1.184000e+02    6.366682e+02
1.184500e+02    6.525586e+02
1.185000e+02    6.652290e+02
1.185500e+02    6.764592e+02
1.186000e+02    6.880996e+02
1.186500e+02    7.010499e+02
1.187000e+02    7.158004e+02
1.187500e+02    7.340409e+02
1.188000e+02    7.596716e+02
1.188500e+02    7.977827e+02
1.189000e+02    8.502742e+02
1.189500e+02    9.097560e+02
1.190000e+02    9.571273e+02
1.190500e+02    9.713777e+02
1.191000e+02    9.496370e+02
1.191500e+02    9.160961e+02
1.192000e+02    9.056058e+02
1.192500e+02    9.388268e+02
1.193000e+02    1.011229e+03
1.193500e+02    1.096331e+03
1.194000e+02    1.157233e+03
1.194500e+02    1.164833e+03
1.195000e+02    1.118832e+03
1.195500e+02    1.051330e+03
1.196000e+02    1.001629e+03
1.196500e+02    9.884381e+02
1.197000e+02    1.006429e+03
1.197500e+02    1.042730e+03
1.198000e+02    1.094031e+03
1.198500e+02    1.165733e+03
1.199000e+02    1.254836e+03
1.199500e+02    1.338638e+03
1.200000e+02    1.386039e+03
1.200500e+02    1.379239e+03
1.201000e+02    1.323837e+03
1.201500e+02    1.244235e+03
1.202000e+02    1.170233e+03
1.202500e+02    1.126432e+03
1.203000e+02    1.131932e+03
1.203500e+02    1.218235e+03
1.204000e+02    1.468642e+03
1.204500e+02    2.056559e+03
1.205000e+02    3.193891e+03
1.205500e+02    4.875339e+03
1.206000e+02    6.567086e+03
1.206500e+02    7.371509e+03
1.207000e+02    6.801394e+03
1.207500e+02    5.283350e+03
1.208000e+02    3.704205e+03
1.208500e+02    2.642575e+03
1.209000e+02    2.161662e+03
1.209500e+02    2.077960e+03
1.210000e+02    2.221063e+03
1.210500e+02    2.518171e+03
1.211000e+02    2.996085e+03
1.211500e+02    3.862010e+03
1.212000e+02    5.902769e+03
1.212500e+02    1.161233e+04
1.213000e+02    2.731478e+04
1.213500e+02    6.500684e+04
1.214000e+02    1.388940e+05
1.214500e+02    2.502271e+05
1.215000e+02    3.684305e+05
1.215500e+02    4.381625e+05
1.216000e+02    4.217120e+05
1.216500e+02    3.319295e+05
1.217000e+02    2.165362e+05
1.217500e+02    1.186834e+05
1.218000e+02    5.594959e+04
1.218500e+02    2.418869e+04
1.219000e+02    1.097731e+04
1.219500e+02    6.014172e+03
1.220000e+02    4.013614e+03
1.220500e+02    3.030686e+03
1.221000e+02    2.458470e+03
1.221500e+02    2.087760e+03
1.222000e+02    1.827153e+03
1.222500e+02    1.633446e+03
1.223000e+02    1.485242e+03
1.223500e+02    1.370838e+03
1.224000e+02    1.280536e+03
1.224500e+02    1.204334e+03
1.225000e+02    1.134432e+03
1.225500e+02    1.068630e+03
1.226000e+02    1.009929e+03
1.226500e+02    9.624974e+02
1.227000e+02    9.270864e+02
1.227500e+02    9.003356e+02
1.228000e+02    8.764949e+02
1.228500e+02    8.506642e+02
1.229000e+02    8.209634e+02
1.229500e+02    7.886124e+02
1.230000e+02    7.565616e+02
1.230500e+02    7.276107e+02
1.231000e+02    7.032600e+02
1.231500e+02    6.836195e+02
1.232000e+02    6.680691e+02
1.232500e+02    6.557887e+02
1.233000e+02    6.456784e+02
1.233500e+02    6.363881e+02
1.234000e+02    6.269278e+02
1.234500e+02    6.173076e+02
1.235000e+02    6.083873e+02
1.235500e+02    6.024972e+02
1.236000e+02    6.076773e+02
1.236500e+02    6.458184e+02
1.237000e+02    7.527314e+02
1.237500e+02    9.483470e+02
1.238000e+02    1.187734e+03
1.238500e+02    1.360939e+03
1.239000e+02    1.374339e+03
1.239500e+02    1.229335e+03
1.240000e+02    1.013129e+03
1.240500e+02    8.315337e+02
1.241000e+02    7.540215e+02
1.241500e+02    7.892125e+02
1.242000e+02    8.863153e+02
1.242500e+02    9.639075e+02
1.243000e+02    9.607073e+02
1.243500e+02    8.715148e+02
1.244000e+02    7.385310e+02
1.244500e+02    6.142875e+02
1.245000e+02    5.303351e+02
1.245500e+02    4.891539e+02
1.246000e+02    4.767035e+02
1.246500e+02    4.775537e+02
1.247000e+02    4.794236e+02
1.247500e+02    4.730534e+02
1.248000e+02    4.560830e+02
1.248500e+02    4.360325e+02
1.249000e+02    4.247521e+02
1.249500e+02    4.280422e+02
1.250000e+02    4.397725e+02
1.250500e+02    4.462527e+02
1.251000e+02    4.390925e+02
1.251500e+02    4.252322e+02
1.252000e+02    4.233921e+02
1.252500e+02    4.478527e+02
1.253000e+02    4.917940e+02
1.253500e+02    5.290450e+02
1.254000e+02    5.381754e+02
1.254500e+02    5.231549e+02
1.255000e+02    5.066944e+02
1.255500e+02    5.064944e+02
1.256000e+02    5.199448e+02
1.256500e+02    5.318252e+02
1.257000e+02    5.382053e+02
1.257500e+02    5.575358e+02
1.258000e+02    6.125474e+02
1.258500e+02    7.068601e+02
1.259000e+02    8.219134e+02
1.259500e+02    9.257964e+02
1.260000e+02    9.799679e+02
1.260500e+02    9.519571e+02
1.261000e+02    8.391239e+02
1.261500e+02    6.799194e+02
1.262000e+02    5.371252e+02
1.262500e+02    4.766136e+02
1.263000e+02    5.562259e+02
1.263500e+02    7.937426e+02
1.264000e+02    1.113332e+03
1.264500e+02    1.356539e+03
1.265000e+02    1.397640e+03
1.265500e+02    1.242335e+03
1.266000e+02    9.938083e+02
1.266500e+02    7.535315e+02
1.267000e+02    5.686562e+02
1.267500e+02    4.415025e+02
1.268000e+02    3.582201e+02
1.268500e+02    3.077588e+02
1.269000e+02    2.846481e+02
1.269500e+02    2.834281e+02
1.270000e+02    2.940084e+02
1.270500e+02    3.035986e+02
1.271000e+02    3.036086e+02
1.271500e+02    2.943484e+02
1.272000e+02    2.825781e+02
1.272500e+02    2.773878e+02
1.273000e+02    2.888182e+02
1.273500e+02    3.240892e+02
1.274000e+02    3.792308e+02
1.274500e+02    4.374025e+02
1.275000e+02    4.809937e+02
1.275500e+02    5.047743e+02
1.276000e+02    5.151247e+02
1.276500e+02    5.189648e+02
1.277000e+02    5.156946e+02
1.277500e+02    5.005142e+02
1.278000e+02    4.758336e+02
1.278500e+02    4.547529e+02
1.279000e+02    4.479528e+02
1.279500e+02    4.502228e+02
1.280000e+02    4.439227e+02
1.280500e+02    4.146718e+02
1.281000e+02    3.636403e+02
1.281500e+02    3.065187e+02
1.282000e+02    2.606674e+02
1.282500e+02    2.331866e+02
1.283000e+02    2.205763e+02
1.283500e+02    2.157861e+02
1.284000e+02    2.137661e+02
1.284500e+02    2.129361e+02
1.285000e+02    2.143261e+02
1.285500e+02    2.206763e+02
1.286000e+02    2.362568e+02
1.286500e+02    2.663976e+02
1.287000e+02    3.148290e+02
1.287500e+02    3.776608e+02
1.288000e+02    4.382924e+02
1.288500e+02    4.731435e+02
1.289000e+02    4.690934e+02
1.289500e+02    4.343424e+02
1.290000e+02    3.887410e+02
1.290500e+02    3.469899e+02
1.291000e+02    3.132889e+02
1.291500e+02    2.864581e+02
1.292000e+02    2.659676e+02
1.292500e+02    2.540873e+02
1.293000e+02    2.544573e+02
1.293500e+02    2.695577e+02
1.294000e+02    2.987985e+02
1.294500e+02    3.374796e+02
1.295000e+02    3.767308e+02
1.295500e+02    4.051615e+02
1.296000e+02    4.136418e+02
1.296500e+02    4.023414e+02
1.297000e+02    3.850709e+02
1.297500e+02    3.824708e+02
1.298000e+02    4.053416e+02
1.298500e+02    4.491427e+02
1.299000e+02    5.146746e+02
1.299500e+02    6.382482e+02
1.300000e+02    8.988656e+02
1.300500e+02    1.378640e+03
1.301000e+02    2.079660e+03
1.301500e+02    2.851181e+03
1.302000e+02    3.417998e+03
1.302500e+02    3.582102e+03
1.303000e+02    3.483399e+03
1.303500e+02    3.566601e+03
1.304000e+02    4.139518e+03
1.304500e+02    5.022444e+03
1.305000e+02    5.725563e+03
1.305500e+02    5.857266e+03
1.306000e+02    5.312751e+03
1.306500e+02    4.240021e+03
1.307000e+02    2.962584e+03
1.307500e+02    1.862053e+03
1.308000e+02    1.192134e+03
1.308500e+02    9.522371e+02
1.309000e+02    9.491970e+02
1.309500e+02    9.697677e+02
1.310000e+02    9.102559e+02
1.310500e+02    7.903226e+02
1.311000e+02    6.738492e+02
1.311500e+02    5.922168e+02
1.312000e+02    5.379953e+02
1.312500e+02    4.963642e+02
1.313000e+02    4.591531e+02
1.313500e+02    4.223120e+02
1.314000e+02    3.885710e+02
1.314500e+02    3.710706e+02
1.315000e+02    3.848009e+02
1.315500e+02    4.309823e+02
1.316000e+02    4.903140e+02
1.316500e+02    5.349653e+02
1.317000e+02    5.523357e+02
1.317500e+02    5.541458e+02
1.318000e+02    5.569359e+02
1.318500e+02    5.594860e+02
1.319000e+02    5.452155e+02
1.319500e+02    5.020443e+02
1.320000e+02    4.364424e+02
1.320500e+02    3.702805e+02
1.321000e+02    3.247892e+02
1.321500e+02    3.083287e+02
1.322000e+02    3.183091e+02
1.322500e+02    3.468499e+02
1.323000e+02    3.804309e+02
1.323500e+02    4.013814e+02
1.324000e+02    3.991813e+02
1.324500e+02    3.796108e+02
1.325000e+02    3.590703e+02
1.325500e+02    3.505299e+02
1.326000e+02    3.555101e+02
1.326500e+02    3.685605e+02
1.327000e+02    3.889211e+02
1.327500e+02    4.241820e+02
1.328000e+02    4.784036e+02
1.328500e+02    5.388453e+02
1.329000e+02    5.785165e+02
1.329500e+02    5.742264e+02
1.330000e+02    5.259150e+02
1.330500e+02    4.595631e+02
1.331000e+02    4.117017e+02
1.331500e+02    4.237420e+02
1.332000e+02    5.761564e+02
1.332500e+02    1.050430e+03
1.333000e+02    2.137661e+03
1.333500e+02    4.068216e+03
1.334000e+02    6.685791e+03
1.334500e+02    9.284764e+03
1.335000e+02    1.088131e+04
1.335500e+02    1.077731e+04
1.336000e+02    9.023257e+03
1.336500e+02    6.402683e+03
1.337000e+02    3.890610e+03
1.337500e+02    2.082659e+03
1.338000e+02    1.058730e+03
1.338500e+02    5.976670e+02
1.339000e+02    4.326923e+02
1.339500e+02    3.851510e+02
1.340000e+02    3.748306e+02
1.340500e+02    3.758507e+02
1.341000e+02    3.806209e+02
1.341500e+02    3.856110e+02
1.342000e+02    3.882611e+02
1.342500e+02    3.872210e+02
1.343000e+02    3.830009e+02
1.343500e+02    3.777907e+02
1.344000e+02    3.740006e+02
1.344500e+02    3.727106e+02
1.345000e+02    3.736306e+02
1.345500e+02    3.757407e+02
1.346000e+02    3.778108e+02
1.346500e+02    3.787408e+02
1.347000e+02    3.783807e+02
1.347500e+02    3.778108e+02
1.348000e+02    3.787508e+02
1.348500e+02    3.832709e+02
1.349000e+02    3.957813e+02
1.349500e+02    4.276121e+02
1.350000e+02    4.966542e+02
1.350500e+02    6.095173e+02
1.351000e+02    7.342909e+02
1.351500e+02    8.068629e+02
1.352000e+02    7.866224e+02
1.352500e+02    6.992599e+02
1.353000e+02    6.146875e+02
1.353500e+02    5.996571e+02
1.354000e+02    6.945398e+02
1.354500e+02    8.954054e+02
1.355000e+02    1.127832e+03
1.355500e+02    1.270036e+03
1.356000e+02    1.249736e+03
1.356500e+02    1.111932e+03
1.357000e+02    9.670375e+02
1.357500e+02    8.900753e+02
1.358000e+02    8.780550e+02
1.358500e+02    8.795751e+02
1.359000e+02    8.494041e+02
1.359500e+02    7.814922e+02
1.360000e+02    7.015000e+02
1.360500e+02    6.375281e+02
1.361000e+02    5.982470e+02
1.361500e+02    5.738063e+02
1.362000e+02    5.544258e+02
1.362500e+02    5.433254e+02
1.363000e+02    5.485256e+02
1.363500e+02    5.671762e+02
1.364000e+02    5.831866e+02
1.364500e+02    5.795065e+02
1.365000e+02    5.532358e+02
1.365500e+02    5.184447e+02
1.366000e+02    4.930140e+02
1.366500e+02    4.846538e+02
1.367000e+02    4.903540e+02
1.367500e+02    5.039843e+02
1.368000e+02    5.211848e+02
1.368500e+02    5.400554e+02
1.369000e+02    5.606860e+02
1.369500e+02    5.839366e+02
1.370000e+02    6.089473e+02
1.370500e+02    6.314279e+02
1.371000e+02    6.450983e+02
1.371500e+02    6.453183e+02
1.372000e+02    6.322580e+02
1.372500e+02    6.112274e+02
1.373000e+02    5.896068e+02
1.373500e+02    5.727864e+02
1.374000e+02    5.620660e+02
1.374500e+02    5.557658e+02
1.375000e+02    5.522558e+02
1.375500e+02    5.512356e+02
1.376000e+02    5.519257e+02
1.376500e+02    5.518257e+02
1.377000e+02    5.491957e+02
1.377500e+02    5.462056e+02
1.378000e+02    5.482256e+02
1.378500e+02    5.591160e+02
1.379000e+02    5.766164e+02
1.379500e+02    5.935769e+02
1.380000e+02    6.052572e+02
1.380500e+02    6.126375e+02
1.381000e+02    6.163975e+02
1.381500e+02    6.123774e+02
1.382000e+02    5.974170e+02
1.382500e+02    5.759764e+02
1.383000e+02    5.567058e+02
1.383500e+02    5.448555e+02
1.384000e+02    5.405654e+02
1.384500e+02    5.418955e+02
1.385000e+02    5.471556e+02
1.385500e+02    5.551558e+02
1.386000e+02    5.651161e+02
1.386500e+02    5.762764e+02
1.387000e+02    5.873667e+02
1.387500e+02    5.963270e+02
1.388000e+02    6.010171e+02
1.388500e+02    6.004670e+02
1.389000e+02    5.956870e+02
1.389500e+02    5.897768e+02
1.390000e+02    5.880067e+02
1.390500e+02    6.019171e+02
1.391000e+02    6.649689e+02
1.391500e+02    8.582945e+02
1.392000e+02    1.304737e+03
1.392500e+02    2.057458e+03
1.393000e+02    2.928683e+03
1.393500e+02    3.509600e+03
1.394000e+02    3.485299e+03
1.394500e+02    2.907683e+03
1.395000e+02    2.108560e+03
1.395500e+02    1.414340e+03
1.396000e+02    9.727078e+02
1.396500e+02    7.613216e+02
1.397000e+02    6.869395e+02
1.397500e+02    6.725091e+02
1.398000e+02    6.834695e+02
1.398500e+02    7.128203e+02
1.399000e+02    7.630717e+02
1.399500e+02    8.398639e+02
1.400000e+02    9.559372e+02
1.400500e+02    1.137732e+03
1.401000e+02    1.417341e+03
1.401500e+02    1.788851e+03
1.402000e+02    2.153061e+03
1.402500e+02    2.342566e+03
1.403000e+02    2.253164e+03
1.403500e+02    1.941756e+03
1.404000e+02    1.566844e+03
1.404500e+02    1.259635e+03
1.405000e+02    1.062330e+03
1.405500e+02    9.510771e+02
1.406000e+02    8.859052e+02
1.406500e+02    8.422340e+02
1.407000e+02    8.114731e+02
1.407500e+02    7.893224e+02
1.408000e+02    7.724120e+02
1.408500e+02    7.606817e+02
1.409000e+02    7.565916e+02
1.409500e+02    7.621617e+02
1.410000e+02    7.783221e+02
1.410500e+02    8.043330e+02
1.411000e+02    8.350438e+02
1.411500e+02    8.604145e+02
1.412000e+02    8.709248e+02
1.412500e+02    8.638547e+02
1.413000e+02    8.441140e+02
1.413500e+02    8.205934e+02
1.414000e+02    8.019428e+02
1.414500e+02    7.932926e+02
1.415000e+02    7.945426e+02
1.415500e+02    8.010828e+02
1.416000e+02    8.072230e+02
1.416500e+02    8.094231e+02
1.417000e+02    8.069030e+02
1.417500e+02    8.006028e+02
1.418000e+02    7.922026e+02
1.418500e+02    7.833823e+02
1.419000e+02    7.751021e+02
1.419500e+02    7.674318e+02
1.420000e+02    7.604916e+02
1.420500e+02    7.553115e+02
1.421000e+02    7.535015e+02
1.421500e+02    7.566116e+02
1.422000e+02    7.669618e+02
1.422500e+02    7.904725e+02
1.423000e+02    8.377839e+02
1.423500e+02    9.169361e+02
1.424000e+02    1.018229e+03
1.424500e+02    1.108232e+03
1.425000e+02    1.146533e+03
1.425500e+02    1.113032e+03
1.426000e+02    1.024129e+03
1.426500e+02    9.223363e+02
1.427000e+02    8.458341e+02
1.427500e+02    8.056629e+02
1.428000e+02    7.919326e+02
1.428500e+02    7.925426e+02
1.429000e+02    8.016129e+02
1.429500e+02    8.184633e+02
1.430000e+02    8.464241e+02
1.430500e+02    8.911453e+02
1.431000e+02    9.548872e+02
1.431500e+02    1.030529e+03
1.432000e+02    1.101331e+03
1.432500e+02    1.147533e+03
1.433000e+02    1.155433e+03
1.433500e+02    1.124832e+03
1.434000e+02    1.070430e+03
1.434500e+02    1.015429e+03
1.435000e+02    9.795779e+02
1.435500e+02    9.697576e+02
1.436000e+02    9.776378e+02
1.436500e+02    9.870581e+02
1.437000e+02    9.854881e+02
1.437500e+02    9.709677e+02
1.438000e+02    9.495670e+02
1.438500e+02    9.291265e+02
1.439000e+02    9.158661e+02
1.439500e+02    9.129360e+02
1.440000e+02    9.188261e+02
1.440500e+02    9.282564e+02
1.441000e+02    9.371666e+02
1.441500e+02    9.458070e+02
1.442000e+02    9.555871e+02
1.442500e+02    9.657175e+02
1.443000e+02    9.752077e+02
1.443500e+02    9.855381e+02
1.444000e+02    9.983285e+02
1.444500e+02    1.011829e+03
1.445000e+02    1.021729e+03
1.445500e+02    1.024529e+03
1.446000e+02    1.019729e+03
1.446500e+02    1.009129e+03
1.447000e+02    9.957383e+02
1.447500e+02    9.819080e+02
1.448000e+02    9.687175e+02
1.448500e+02    9.565873e+02
1.449000e+02    9.464769e+02
1.449500e+02    9.400468e+02
1.450000e+02    9.380167e+02
1.450500e+02    9.396267e+02
1.451000e+02    9.445069e+02
1.451500e+02    9.535972e+02
1.452000e+02    9.670976e+02
1.452500e+02    9.833980e+02
1.453000e+02    1.002128e+03
1.453500e+02    1.025029e+03
1.454000e+02    1.051330e+03
1.454500e+02    1.073931e+03
1.455000e+02    1.084231e+03
1.455500e+02    1.079431e+03
1.456000e+02    1.065530e+03
1.456500e+02    1.052830e+03
1.457000e+02    1.049830e+03
1.457500e+02    1.059230e+03
1.458000e+02    1.077031e+03
1.458500e+02    1.095631e+03
1.459000e+02    1.107832e+03
1.459500e+02    1.110232e+03
1.460000e+02    1.105031e+03
1.460500e+02    1.098931e+03
1.461000e+02    1.099331e+03
1.461500e+02    1.112532e+03
1.462000e+02    1.142233e+03
1.462500e+02    1.185934e+03
1.463000e+02    1.228735e+03
1.463500e+02    1.248836e+03
1.464000e+02    1.236735e+03
1.464500e+02    1.207034e+03
1.465000e+02    1.186534e+03
1.465500e+02    1.196234e+03
1.466000e+02    1.247536e+03
1.466500e+02    1.339338e+03
1.467000e+02    1.448841e+03
1.467500e+02    1.532844e+03
1.468000e+02    1.556644e+03
1.468500e+02    1.520743e+03
1.469000e+02    1.455742e+03
1.469500e+02    1.396240e+03
1.470000e+02    1.363038e+03
1.470500e+02    1.368839e+03
1.471000e+02    1.436740e+03
1.471500e+02    1.596245e+03
1.472000e+02    1.845552e+03
1.472500e+02    2.125060e+03
1.473000e+02    2.341767e+03
1.473500e+02    2.420069e+03
1.474000e+02    2.334266e+03
1.474500e+02    2.113961e+03
1.475000e+02    1.831452e+03
1.475500e+02    1.571145e+03
1.476000e+02    1.388640e+03
1.476500e+02    1.289237e+03
1.477000e+02    1.243636e+03
1.477500e+02    1.220535e+03
1.478000e+02    1.203534e+03
1.478500e+02    1.192434e+03
1.479000e+02    1.198134e+03
1.479500e+02    1.241835e+03
1.480000e+02    1.349939e+03
1.480500e+02    1.532244e+03
1.481000e+02    1.749350e+03
1.481500e+02    1.919355e+03
1.482000e+02    1.978656e+03
1.482500e+02    1.929955e+03
1.483000e+02    1.819552e+03
1.483500e+02    1.692149e+03
1.484000e+02    1.583145e+03
1.484500e+02    1.526643e+03
1.485000e+02    1.540644e+03
1.485500e+02    1.606446e+03
1.486000e+02    1.676148e+03
1.486500e+02    1.703048e+03
1.487000e+02    1.668848e+03
1.487500e+02    1.590046e+03
1.488000e+02    1.501243e+03
1.488500e+02    1.432141e+03
1.489000e+02    1.393240e+03
1.489500e+02    1.378140e+03
1.490000e+02    1.375940e+03
1.490500e+02    1.382839e+03
1.491000e+02    1.403440e+03
1.491500e+02    1.440941e+03
1.492000e+02    1.487042e+03
1.492500e+02    1.522943e+03
1.493000e+02    1.534144e+03
1.493500e+02    1.522743e+03
1.494000e+02    1.501243e+03
1.494500e+02    1.480442e+03
1.495000e+02    1.464941e+03
1.495500e+02    1.455742e+03
1.496000e+02    1.452641e+03
1.496500e+02    1.454141e+03
1.497000e+02    1.459341e+03
1.497500e+02    1.469042e+03
1.498000e+02    1.484443e+03
1.498500e+02    1.506542e+03
1.499000e+02    1.536443e+03
1.499500e+02    1.573745e+03
1.500000e+02    1.612246e+03
1.500500e+02    1.640947e+03
1.501000e+02    1.653647e+03
1.501500e+02    1.654448e+03
1.502000e+02    1.651147e+03
1.502500e+02    1.646547e+03
1.503000e+02    1.640046e+03
1.503500e+02    1.633147e+03
1.504000e+02    1.628846e+03
1.504500e+02    1.627747e+03
1.505000e+02    1.628447e+03
1.505500e+02    1.629647e+03
1.506000e+02    1.631746e+03
1.506500e+02    1.635946e+03
1.507000e+02    1.642947e+03
1.507500e+02    1.652647e+03
1.508000e+02    1.666448e+03
1.508500e+02    1.689648e+03
1.509000e+02    1.730150e+03
1.509500e+02    1.790851e+03
1.510000e+02    1.859553e+03
1.510500e+02    1.909455e+03
1.511000e+02    1.918455e+03
1.511500e+02    1.886453e+03
1.512000e+02    1.833052e+03
1.512500e+02    1.782150e+03
1.513000e+02    1.747450e+03
1.513500e+02    1.729049e+03
1.514000e+02    1.720949e+03
1.514500e+02    1.718949e+03
1.515000e+02    1.721649e+03
1.515500e+02    1.727849e+03
1.516000e+02    1.734949e+03
1.516500e+02    1.739450e+03
1.517000e+02    1.740549e+03
1.517500e+02    1.740150e+03
1.518000e+02    1.741449e+03
1.518500e+02    1.746450e+03
1.519000e+02    1.755149e+03
1.519500e+02    1.766750e+03
1.520000e+02    1.780251e+03
1.520500e+02    1.795451e+03
1.521000e+02    1.813251e+03
1.521500e+02    1.835352e+03
1.522000e+02    1.862853e+03
1.522500e+02    1.894454e+03
1.523000e+02    1.924855e+03
1.523500e+02    1.950356e+03
1.524000e+02    1.981457e+03
1.524500e+02    2.056159e+03
1.525000e+02    2.230964e+03
1.525500e+02    2.526872e+03
1.526000e+02    2.858381e+03
1.526500e+02    3.053987e+03
1.527000e+02    3.000186e+03
1.527500e+02    2.749579e+03
1.528000e+02    2.456270e+03
1.528500e+02    2.239163e+03
1.529000e+02    2.124461e+03
1.529500e+02    2.079359e+03
1.530000e+02    2.066359e+03
1.530500e+02    2.076260e+03
1.531000e+02    2.131361e+03
1.531500e+02    2.270064e+03
1.532000e+02    2.519972e+03
1.532500e+02    2.854882e+03
1.533000e+02    3.160590e+03
1.533500e+02    3.279293e+03
1.534000e+02    3.137189e+03
1.534500e+02    2.821780e+03
1.535000e+02    2.504471e+03
1.535500e+02    2.308666e+03
1.536000e+02    2.259364e+03
1.536500e+02    2.308166e+03
1.537000e+02    2.374468e+03
1.537500e+02    2.386968e+03
1.538000e+02    2.325966e+03
1.538500e+02    2.236864e+03
1.539000e+02    2.192563e+03
1.539500e+02    2.237064e+03
1.540000e+02    2.356867e+03
1.540500e+02    2.492471e+03
1.541000e+02    2.575073e+03
1.541500e+02    2.564873e+03
1.542000e+02    2.468470e+03
1.542500e+02    2.331467e+03
1.543000e+02    2.212763e+03
1.543500e+02    2.155862e+03
1.544000e+02    2.172862e+03
1.544500e+02    2.245564e+03
1.545000e+02    2.354067e+03
1.545500e+02    2.541972e+03
1.546000e+02    2.979884e+03
1.546500e+02    3.915311e+03
1.547000e+02    5.449655e+03
1.547500e+02    7.280808e+03
1.548000e+02    8.688748e+03
1.548500e+02    8.981456e+03
1.549000e+02    8.172533e+03
1.549500e+02    7.069402e+03
1.550000e+02    6.432783e+03
1.550500e+02    6.235977e+03
1.551000e+02    5.951869e+03
1.551500e+02    5.273350e+03
1.552000e+02    4.329724e+03
1.552500e+02    3.423497e+03
1.553000e+02    2.764179e+03
1.553500e+02    2.393669e+03
1.554000e+02    2.246263e+03
1.554500e+02    2.232063e+03
1.555000e+02    2.279165e+03
1.555500e+02    2.340067e+03
1.556000e+02    2.393168e+03
1.556500e+02    2.453969e+03
1.557000e+02    2.579973e+03
1.557500e+02    2.839280e+03
1.558000e+02    3.251792e+03
1.558500e+02    3.776707e+03
1.559000e+02    4.372325e+03
1.559500e+02    5.020143e+03
1.560000e+02    5.640661e+03
1.560500e+02    6.036771e+03
1.561000e+02    5.994971e+03
1.561500e+02    5.466156e+03
1.562000e+02    4.646433e+03
1.562500e+02    3.867710e+03
1.563000e+02    3.359095e+03
1.563500e+02    3.109488e+03
1.564000e+02    2.970884e+03
1.564500e+02    2.843581e+03
1.565000e+02    2.734477e+03
1.565500e+02    2.694177e+03
1.566000e+02    2.743578e+03
1.566500e+02    2.850181e+03
1.567000e+02    2.957785e+03
1.567500e+02    3.032987e+03
1.568000e+02    3.090288e+03
1.568500e+02    3.172990e+03
1.569000e+02    3.302195e+03
1.569500e+02    3.444098e+03
1.570000e+02    3.532101e+03
1.570500e+02    3.518001e+03
1.571000e+02    3.407897e+03
1.571500e+02    3.266093e+03
1.572000e+02    3.189290e+03
1.572500e+02    3.258993e+03
1.573000e+02    3.490099e+03
1.573500e+02    3.807108e+03
1.574000e+02    4.072416e+03
1.574500e+02    4.159118e+03
1.575000e+02    4.028315e+03
1.575500e+02    3.749807e+03
1.576000e+02    3.443198e+03
1.576500e+02    3.196591e+03
1.577000e+02    3.031987e+03
1.577500e+02    2.924383e+03
1.578000e+02    2.845181e+03
1.578500e+02    2.797379e+03
1.579000e+02    2.816880e+03
1.579500e+02    2.930483e+03
1.580000e+02    3.099788e+03
1.580500e+02    3.222492e+03
1.581000e+02    3.217192e+03
1.581500e+02    3.099089e+03
1.582000e+02    2.959084e+03
1.582500e+02    2.888582e+03
1.583000e+02    2.930383e+03
1.583500e+02    3.068787e+03
1.584000e+02    3.243093e+03
1.584500e+02    3.378396e+03
1.585000e+02    3.429198e+03
1.585500e+02    3.403896e+03
1.586000e+02    3.350196e+03
1.586500e+02    3.323594e+03
1.587000e+02    3.363796e+03
1.587500e+02    3.472299e+03
1.588000e+02    3.595403e+03
1.588500e+02    3.650104e+03
1.589000e+02    3.600602e+03
1.589500e+02    3.495299e+03
1.590000e+02    3.407197e+03
1.590500e+02    3.362995e+03
1.591000e+02    3.350495e+03
1.591500e+02    3.358795e+03
1.592000e+02    3.382997e+03
1.592500e+02    3.416397e+03
1.593000e+02    3.464898e+03
1.593500e+02    3.548801e+03
1.594000e+02    3.660505e+03
1.594500e+02    3.740307e+03
1.595000e+02    3.721805e+03
1.595500e+02    3.593302e+03
1.596000e+02    3.405297e+03
1.596500e+02    3.228292e+03
1.597000e+02    3.110389e+03
1.597500e+02    3.058987e+03
1.598000e+02    3.053487e+03
1.598500e+02    3.071388e+03
1.599000e+02    3.109589e+03
1.599500e+02    3.181391e+03
1.600000e+02    3.293893e+03
1.600500e+02    3.436298e+03
1.601000e+02    3.595302e+03
1.601500e+02    3.759907e+03
1.602000e+02    3.897211e+03
1.602500e+02    3.948513e+03
1.603000e+02    3.881711e+03
1.603500e+02    3.734606e+03
1.604000e+02    3.586202e+03
1.604500e+02    3.494099e+03
1.605000e+02    3.466598e+03
1.605500e+02    3.478800e+03
1.606000e+02    3.507400e+03
1.606500e+02    3.554801e+03
1.607000e+02    3.645204e+03
1.607500e+02    3.788408e+03
1.608000e+02    3.941512e+03
1.608500e+02    4.031214e+03
1.609000e+02    4.039515e+03
1.609500e+02    4.040216e+03
1.610000e+02    4.113617e+03
1.610500e+02    4.258521e+03
1.611000e+02    4.421125e+03
1.611500e+02    4.571231e+03
1.612000e+02    4.713434e+03
1.612500e+02    4.843738e+03
1.613000e+02    4.920640e+03
1.613500e+02    4.883939e+03
1.614000e+02    4.708234e+03
1.614500e+02    4.437326e+03
1.615000e+02    4.163119e+03
1.615500e+02    3.969113e+03
1.616000e+02    3.885510e+03
1.616500e+02    3.890911e+03
1.617000e+02    3.953413e+03
1.617500e+02    4.054715e+03
1.618000e+02    4.165619e+03
1.618500e+02    4.235520e+03
1.619000e+02    4.239420e+03
1.619500e+02    4.218920e+03
1.620000e+02    4.249021e+03
1.620500e+02    4.369825e+03
1.621000e+02    4.556129e+03
1.621500e+02    4.743335e+03
1.622000e+02    4.879139e+03
1.622500e+02    4.948740e+03
1.623000e+02    4.960442e+03
1.623500e+02    4.939041e+03
1.624000e+02    4.945441e+03
1.624500e+02    5.049544e+03
1.625000e+02    5.233449e+03
1.625500e+02    5.368953e+03
1.626000e+02    5.350653e+03
1.626500e+02    5.212048e+03
1.627000e+02    5.063844e+03
1.627500e+02    4.975441e+03
1.628000e+02    4.958242e+03
1.628500e+02    5.002642e+03
1.629000e+02    5.070145e+03
1.629500e+02    5.089545e+03
1.630000e+02    5.018943e+03
1.630500e+02    4.906540e+03
1.631000e+02    4.862239e+03
1.631500e+02    4.965842e+03
1.632000e+02    5.197948e+03
1.632500e+02    5.453256e+03
1.633000e+02    5.623460e+03
1.633500e+02    5.663861e+03
1.634000e+02    5.583159e+03
1.634500e+02    5.411354e+03
1.635000e+02    5.205548e+03
1.635500e+02    5.059443e+03
1.636000e+02    5.060544e+03
1.636500e+02    5.217948e+03
1.637000e+02    5.434954e+03
1.637500e+02    5.580159e+03
1.638000e+02    5.628360e+03
1.638500e+02    5.719663e+03
1.639000e+02    6.031572e+03
1.639500e+02    6.575687e+03
1.640000e+02    7.114802e+03
1.640500e+02    7.315208e+03
1.641000e+02    7.050001e+03
1.641500e+02    6.538887e+03
1.642000e+02    6.141475e+03
1.642500e+02    6.042572e+03
1.643000e+02    6.153975e+03
1.643500e+02    6.255878e+03
1.644000e+02    6.205177e+03
1.644500e+02    6.025472e+03
1.645000e+02    5.821366e+03
1.645500e+02    5.659161e+03
1.646000e+02    5.550958e+03
1.646500e+02    5.495756e+03
1.647000e+02    5.489156e+03
1.647500e+02    5.515557e+03
1.648000e+02    5.562259e+03
1.648500e+02    5.624860e+03
1.649000e+02    5.680362e+03
1.649500e+02    5.680462e+03
1.650000e+02    5.602160e+03
1.650500e+02    5.484857e+03
1.651000e+02    5.391954e+03
1.651500e+02    5.355253e+03
1.652000e+02    5.380453e+03
1.652500e+02    5.485156e+03
1.653000e+02    5.706162e+03
1.653500e+02    6.069173e+03
1.654000e+02    6.574987e+03
1.654500e+02    7.272407e+03
1.655000e+02    8.367139e+03
1.655500e+02    1.013029e+04
1.656000e+02    1.254535e+04
1.656500e+02    1.507143e+04
1.657000e+02    1.687748e+04
1.657500e+02    1.733949e+04
1.658000e+02    1.637947e+04
1.658500e+02    1.444341e+04
1.659000e+02    1.218635e+04
1.659500e+02    1.012829e+04
1.660000e+02    8.548543e+03
1.660500e+02    7.521014e+03
1.661000e+02    6.984999e+03
1.661500e+02    6.799994e+03
1.662000e+02    6.814195e+03
1.662500e+02    6.906697e+03
1.663000e+02    6.981499e+03
1.663500e+02    6.968398e+03
1.664000e+02    6.868096e+03
1.664500e+02    6.768893e+03
1.665000e+02    6.769993e+03
1.665500e+02    6.883096e+03
1.666000e+02    7.015700e+03
1.666500e+02    7.046301e+03
1.667000e+02    6.927598e+03
1.667500e+02    6.729692e+03
1.668000e+02    6.592488e+03
1.668500e+02    6.657890e+03
1.669000e+02    7.029900e+03
1.669500e+02    7.703520e+03
1.670000e+02    8.461841e+03
1.670500e+02    8.925154e+03
1.671000e+02    8.832851e+03
1.671500e+02    8.278236e+03
1.672000e+02    7.625117e+03
1.672500e+02    7.225606e+03
1.673000e+02    7.206505e+03
1.673500e+02    7.441612e+03
1.674000e+02    7.685718e+03
1.674500e+02    7.759720e+03
1.675000e+02    7.662518e+03
1.675500e+02    7.530714e+03
1.676000e+02    7.479512e+03
1.676500e+02    7.496013e+03
1.677000e+02    7.503013e+03
1.677500e+02    7.476713e+03
1.678000e+02    7.464713e+03
1.678500e+02    7.519314e+03
1.679000e+02    7.639717e+03
1.679500e+02    7.778121e+03
1.680000e+02    7.890324e+03
1.680500e+02    7.966426e+03
1.681000e+02    8.004228e+03
1.681500e+02    7.988727e+03
1.682000e+02    7.923526e+03
1.682500e+02    7.856023e+03
1.683000e+02    7.839623e+03
1.683500e+02    7.896025e+03
1.684000e+02    8.038829e+03
1.684500e+02    8.309136e+03
1.685000e+02    8.746449e+03
1.685500e+02    9.304865e+03
1.686000e+02    9.808179e+03
1.686500e+02    1.004429e+04
1.687000e+02    9.963684e+03
1.687500e+02    9.747977e+03
1.688000e+02    9.607974e+03
1.688500e+02    9.596474e+03
1.689000e+02    9.671375e+03
1.689500e+02    9.834080e+03
1.690000e+02    1.010629e+04
1.690500e+02    1.043530e+04
1.691000e+02    1.070330e+04
1.691500e+02    1.082831e+04
1.692000e+02    1.083631e+04
1.692500e+02    1.083631e+04
1.693000e+02    1.093131e+04
1.693500e+02    1.113532e+04
1.694000e+02    1.136832e+04
1.694500e+02    1.154433e+04
1.695000e+02    1.166733e+04
1.695500e+02    1.183134e+04
1.696000e+02    1.208534e+04
1.696500e+02    1.234135e+04
1.697000e+02    1.247336e+04
1.697500e+02    1.245235e+04
1.698000e+02    1.236735e+04
1.698500e+02    1.232435e+04
1.699000e+02    1.236035e+04
1.699500e+02    1.246935e+04
1.700000e+02    1.269137e+04
1.700500e+02    1.311238e+04
1.701000e+02    1.370139e+04
1.701500e+02    1.422540e+04
1.702000e+02    1.442141e+04
1.702500e+02    1.422641e+04
1.703000e+02    1.379739e+04
1.703500e+02    1.335539e+04
1.704000e+02    1.303237e+04
1.704500e+02    1.283037e+04
1.705000e+02    1.269836e+04
1.705500e+02    1.261136e+04
1.706000e+02    1.257736e+04
1.706500e+02    1.262136e+04
1.707000e+02    1.278736e+04
1.707500e+02    1.312137e+04
1.708000e+02    1.358739e+04
1.708500e+02    1.403940e+04
1.709000e+02    1.431140e+04
1.709500e+02    1.433340e+04
1.710000e+02    1.414940e+04
1.710500e+02    1.384940e+04
1.711000e+02    1.350239e+04
1.711500e+02    1.316237e+04
1.712000e+02    1.288437e+04
1.712500e+02    1.271536e+04
1.713000e+02    1.263236e+04
1.713500e+02    1.254535e+04
1.714000e+02    1.242436e+04
1.714500e+02    1.238735e+04
1.715000e+02    1.259536e+04
1.715500e+02    1.309437e+04
1.716000e+02    1.377140e+04
1.716500e+02    1.442641e+04
1.717000e+02    1.487143e+04
1.717500e+02    1.501142e+04
1.718000e+02    1.488843e+04
1.718500e+02    1.466641e+04
1.719000e+02    1.455941e+04
1.719500e+02    1.469341e+04
1.720000e+02    1.497943e+04
1.720500e+02    1.516243e+04
1.721000e+02    1.504743e+04
1.721500e+02    1.467542e+04
1.722000e+02    1.423941e+04
1.722500e+02    1.391939e+04
1.723000e+02    1.383540e+04
1.723500e+02    1.404540e+04
1.724000e+02    1.449642e+04
1.724500e+02    1.501142e+04
1.725000e+02    1.540944e+04
1.725500e+02    1.562644e+04
1.726000e+02    1.570145e+04
1.726500e+02    1.569145e+04
1.727000e+02    1.561545e+04
1.727500e+02    1.545444e+04
1.728000e+02    1.515344e+04
1.728500e+02    1.467442e+04
1.729000e+02    1.407840e+04
1.729500e+02    1.354839e+04
1.730000e+02    1.327438e+04
1.730500e+02    1.331838e+04
1.731000e+02    1.357939e+04
1.731500e+02    1.389340e+04
1.732000e+02    1.415641e+04
1.732500e+02    1.437541e+04
1.733000e+02    1.458742e+04
1.733500e+02    1.477642e+04
1.734000e+02    1.491642e+04
1.734500e+02    1.502943e+04
1.735000e+02    1.515344e+04
1.735500e+02    1.528944e+04
1.736000e+02    1.541044e+04
1.736500e+02    1.550944e+04
1.737000e+02    1.561444e+04
1.737500e+02    1.576145e+04
1.738000e+02    1.595445e+04
1.738500e+02    1.615746e+04
1.739000e+02    1.634646e+04
1.739500e+02    1.655347e+04
1.740000e+02    1.684148e+04
1.740500e+02    1.723949e+04
1.741000e+02    1.769650e+04
1.741500e+02    1.810652e+04
1.742000e+02    1.840553e+04
1.742500e+02    1.862654e+04
1.743000e+02    1.884654e+04
1.743500e+02    1.908554e+04
1.744000e+02    1.928655e+04
1.744500e+02    1.936955e+04
1.745000e+02    1.930255e+04
1.745500e+02    1.911254e+04
1.746000e+02    1.881954e+04
1.746500e+02    1.841553e+04
1.747000e+02    1.797252e+04
1.747500e+02    1.766750e+04
1.748000e+02    1.764151e+04
1.748500e+02    1.787451e+04
1.749000e+02    1.825552e+04
1.749500e+02    1.872454e+04
1.750000e+02    1.927655e+04
1.750500e+02    1.987156e+04
1.751000e+02    2.041459e+04
1.751500e+02    2.080559e+04
1.752000e+02    2.102460e+04
1.752500e+02    2.115860e+04
1.753000e+02    2.134761e+04
1.753500e+02    2.168661e+04
1.754000e+02    2.216163e+04
1.754500e+02    2.265164e+04
1.755000e+02    2.300265e+04
1.755500e+02    2.314066e+04
1.756000e+02    2.312165e+04
1.756500e+02    2.309465e+04
1.757000e+02    2.316966e+04
1.757500e+02    2.334066e+04
1.758000e+02    2.353768e+04
1.758500e+02    2.371667e+04
1.759000e+02    2.387868e+04
1.759500e+02    2.403868e+04
1.760000e+02    2.421969e+04
1.760500e+02    2.442969e+04
1.761000e+02    2.460571e+04
1.761500e+02    2.461470e+04
1.762000e+02    2.435169e+04
1.762500e+02    2.386367e+04
1.763000e+02    2.334266e+04
1.763500e+02    2.296866e+04
1.764000e+02    2.273065e+04
1.764500e+02    2.246763e+04
1.765000e+02    2.215063e+04
1.765500e+02    2.207163e+04
1.766000e+02    2.262165e+04
1.766500e+02    2.387968e+04
1.767000e+02    2.542472e+04
1.767500e+02    2.658176e+04
1.768000e+02    2.693977e+04
1.768500e+02    2.667976e+04
1.769000e+02    2.636575e+04
1.769500e+02    2.649275e+04
1.770000e+02    2.721977e+04
1.770500e+02    2.839981e+04
1.771000e+02    2.975585e+04
1.771500e+02    3.104888e+04
1.772000e+02    3.210891e+04
1.772500e+02    3.277894e+04
1.773000e+02    3.286393e+04
1.773500e+02    3.218092e+04
1.774000e+02    3.071188e+04
1.774500e+02    2.874482e+04
1.775000e+02    2.683877e+04
1.775500e+02    2.556773e+04
1.776000e+02    2.518872e+04
1.776500e+02    2.552773e+04
1.777000e+02    2.623875e+04
1.777500e+02    2.711177e+04
1.778000e+02    2.812880e+04
1.778500e+02    2.931084e+04
1.779000e+02    3.057587e+04
1.779500e+02    3.171690e+04
1.780000e+02    3.246392e+04
1.780500e+02    3.261893e+04
1.781000e+02    3.220891e+04
1.781500e+02    3.151790e+04
1.782000e+02    3.095189e+04
1.782500e+02    3.080288e+04
1.783000e+02    3.107689e+04
1.783500e+02    3.153190e+04
1.784000e+02    3.190591e+04
1.784500e+02    3.211992e+04
1.785000e+02    3.224192e+04
1.785500e+02    3.234692e+04
1.786000e+02    3.244393e+04
1.786500e+02    3.250893e+04
1.787000e+02    3.255593e+04
1.787500e+02    3.268593e+04
1.788000e+02    3.304994e+04
1.788500e+02    3.373196e+04
1.789000e+02    3.460599e+04
1.789500e+02    3.537301e+04
1.790000e+02    3.580001e+04
1.790500e+02    3.585202e+04
1.791000e+02    3.553101e+04
1.791500e+02    3.474099e+04
1.792000e+02    3.344895e+04
1.792500e+02    3.189891e+04
1.793000e+02    3.051186e+04
1.793500e+02    2.962984e+04
1.794000e+02    2.936984e+04
1.794500e+02    2.963685e+04
1.795000e+02    3.020986e+04
1.795500e+02    3.083987e+04
1.796000e+02    3.135890e+04
1.796500e+02    3.173091e+04
1.797000e+02    3.202191e+04
1.797500e+02    3.233092e+04
1.798000e+02    3.272794e+04
1.798500e+02    3.322794e+04
1.799000e+02    3.380297e+04
1.799500e+02    3.440198e+04
1.800000e+02    3.497600e+04
1.800500e+02    3.548201e+04
1.801000e+02    3.588802e+04
1.801500e+02    3.617403e+04
1.802000e+02    3.633304e+04
1.802500e+02    3.639704e+04
1.803000e+02    3.647204e+04
1.803500e+02    3.671705e+04
1.804000e+02    3.722506e+04
1.804500e+02    3.794408e+04
1.805000e+02    3.873910e+04
1.805500e+02    3.961713e+04
1.806000e+02    4.088717e+04
1.806500e+02    4.294722e+04
1.807000e+02    4.569230e+04
1.807500e+02    4.821737e+04
1.808000e+02    4.934441e+04
1.808500e+02    4.851939e+04
1.809000e+02    4.626631e+04
1.809500e+02    4.378824e+04
1.810000e+02    4.199519e+04
1.810500e+02    4.094616e+04
1.811000e+02    4.026215e+04
1.811500e+02    3.974213e+04
1.812000e+02    3.937412e+04
1.812500e+02    3.907611e+04
1.813000e+02    3.874611e+04
1.813500e+02    3.850110e+04
1.814000e+02    3.876110e+04
1.814500e+02    4.025715e+04
1.815000e+02    4.396225e+04
1.815500e+02    5.046844e+04
1.816000e+02    5.883467e+04
1.816500e+02    6.626888e+04
1.817000e+02    6.961998e+04
1.817500e+02    6.752292e+04
1.818000e+02    6.134574e+04
1.818500e+02    5.418354e+04
1.819000e+02    4.862939e+04
1.819500e+02    4.539029e+04
1.820000e+02    4.392325e+04
1.820500e+02    4.367925e+04
1.821000e+02    4.433226e+04
1.821500e+02    4.547230e+04
1.822000e+02    4.674033e+04
1.822500e+02    4.807636e+04
1.823000e+02    4.949641e+04
1.823500e+02    5.074045e+04
1.824000e+02    5.136746e+04
1.824500e+02    5.111445e+04
1.825000e+02    5.007743e+04
1.825500e+02    4.863439e+04
1.826000e+02    4.724835e+04
1.826500e+02    4.626832e+04
1.827000e+02    4.580430e+04
1.827500e+02    4.574730e+04
1.828000e+02    4.593031e+04
1.828500e+02    4.623632e+04
1.829000e+02    4.656532e+04
1.829500e+02    4.680934e+04
1.830000e+02    4.698433e+04
1.830500e+02    4.725934e+04
1.831000e+02    4.775537e+04
1.831500e+02    4.836638e+04
1.832000e+02    4.888739e+04
1.832500e+02    4.927040e+04
1.833000e+02    4.967242e+04
1.833500e+02    5.027544e+04
1.834000e+02    5.104545e+04
1.834500e+02    5.168247e+04
1.835000e+02    5.184748e+04
1.835500e+02    5.148747e+04
1.836000e+02    5.094045e+04
1.836500e+02    5.070544e+04
1.837000e+02    5.101046e+04
1.837500e+02    5.161947e+04
1.838000e+02    5.209948e+04
1.838500e+02    5.215349e+04
1.839000e+02    5.162747e+04
1.839500e+02    5.041244e+04
1.840000e+02    4.855538e+04
1.840500e+02    4.644132e+04
1.841000e+02    4.473327e+04
1.841500e+02    4.401325e+04
1.842000e+02    4.436227e+04
1.842500e+02    4.530529e+04
1.843000e+02    4.624332e+04
1.843500e+02    4.684033e+04
1.844000e+02    4.694233e+04
1.844500e+02    4.644332e+04
1.845000e+02    4.544530e+04
1.845500e+02    4.429626e+04
1.846000e+02    4.320223e+04
1.846500e+02    4.203419e+04
1.847000e+02    4.081416e+04
1.847500e+02    4.011515e+04
1.848000e+02    4.061115e+04
1.848500e+02    4.228021e+04
1.849000e+02    4.418626e+04
1.849500e+02    4.514028e+04
1.850000e+02    4.471127e+04
1.850500e+02    4.356824e+04
1.851000e+02    4.270321e+04
1.851500e+02    4.260721e+04
1.852000e+02    4.334324e+04
1.852500e+02    4.499229e+04
1.853000e+02    4.761336e+04
1.853500e+02    5.089645e+04
1.854000e+02    5.409654e+04
1.854500e+02    5.642861e+04
1.855000e+02    5.757864e+04
1.855500e+02    5.778164e+04
1.856000e+02    5.734163e+04
1.856500e+02    5.631361e+04
1.857000e+02    5.482356e+04
1.857500e+02    5.334652e+04
1.858000e+02    5.230349e+04
1.858500e+02    5.166847e+04
1.859000e+02    5.124345e+04
1.859500e+02    5.106646e+04
1.860000e+02    5.128646e+04
1.860500e+02    5.186147e+04
1.861000e+02    5.263550e+04
1.861500e+02    5.353652e+04
1.862000e+02    5.448655e+04
1.862500e+02    5.523657e+04
1.863000e+02    5.545858e+04
1.863500e+02    5.501657e+04
1.864000e+02    5.413754e+04
1.864500e+02    5.334652e+04
1.865000e+02    5.322252e+04
1.865500e+02    5.411454e+04
1.866000e+02    5.598760e+04
1.866500e+02    5.845266e+04
1.867000e+02    6.095573e+04
1.867500e+02    6.304079e+04
1.868000e+02    6.452683e+04
1.868500e+02    6.549387e+04
1.869000e+02    6.609688e+04
1.869500e+02    6.644489e+04
1.870000e+02    6.665990e+04
1.870500e+02    6.687090e+04
1.871000e+02    6.702391e+04
1.871500e+02    6.686091e+04
1.872000e+02    6.626489e+04
1.872500e+02    6.552487e+04
1.873000e+02    6.506286e+04
1.873500e+02    6.501685e+04
1.874000e+02    6.517086e+04
1.874500e+02    6.521785e+04
1.875000e+02    6.502485e+04
1.875500e+02    6.468085e+04
1.876000e+02    6.432283e+04
1.876500e+02    6.398382e+04
1.877000e+02    6.361381e+04
1.877500e+02    6.318280e+04
1.878000e+02    6.271678e+04
1.878500e+02    6.226677e+04
1.879000e+02    6.189176e+04
1.879500e+02    6.163475e+04
1.880000e+02    6.150275e+04
1.880500e+02    6.153475e+04
1.881000e+02    6.191876e+04
1.881500e+02    6.294680e+04
1.882000e+02    6.469285e+04
1.882500e+02    6.681090e+04
1.883000e+02    6.874796e+04
1.883500e+02    7.011800e+04
1.884000e+02    7.083802e+04
1.884500e+02    7.104203e+04
1.885000e+02    7.094402e+04
1.885500e+02    7.074101e+04
1.886000e+02    7.055000e+04
1.886500e+02    7.039001e+04
1.887000e+02    7.023100e+04
1.887500e+02    7.012199e+04
1.888000e+02    7.028900e+04
1.888500e+02    7.101503e+04
1.889000e+02    7.232306e+04
1.889500e+02    7.387111e+04
1.890000e+02    7.530914e+04
1.890500e+02    7.660918e+04
1.891000e+02    7.789322e+04
1.891500e+02    7.902525e+04
1.892000e+02    7.953927e+04
1.892500e+02    7.909625e+04
1.893000e+02    7.807722e+04
1.893500e+02    7.743021e+04
1.894000e+02    7.763021e+04
1.894500e+02    7.810623e+04
1.895000e+02    7.806923e+04
1.895500e+02    7.744620e+04
1.896000e+02    7.660118e+04
1.896500e+02    7.558215e+04
1.897000e+02    7.411911e+04
1.897500e+02    7.217806e+04
1.898000e+02    7.025101e+04
1.898500e+02    6.910697e+04
1.899000e+02    6.921397e+04
1.899500e+02    7.031800e+04
1.900000e+02    7.156903e+04
1.900500e+02    7.219105e+04
1.901000e+02    7.222706e+04
1.901500e+02    7.252906e+04
1.902000e+02    7.379511e+04
1.902500e+02    7.580415e+04
1.903000e+02    7.778222e+04
1.903500e+02    7.918425e+04
1.904000e+02    7.989628e+04
1.904500e+02    7.999628e+04
1.905000e+02    7.965726e+04
1.905500e+02    7.919126e+04
1.906000e+02    7.901625e+04
1.906500e+02    7.949227e+04
1.907000e+02    8.073630e+04
1.907500e+02    8.253335e+04
1.908000e+02    8.438340e+04
1.908500e+02    8.564044e+04
1.909000e+02    8.574144e+04
1.909500e+02    8.453440e+04
1.910000e+02    8.254335e+04
1.910500e+02    8.079130e+04
1.911000e+02    8.008428e+04
1.911500e+02    8.043929e+04
1.912000e+02    8.126532e+04
1.912500e+02    8.200633e+04
1.913000e+02    8.261235e+04
1.913500e+02    8.349638e+04
1.914000e+02    8.505442e+04
1.914500e+02    8.719048e+04
1.915000e+02    8.926154e+04
1.915500e+02    9.048258e+04
1.916000e+02    9.048357e+04
1.916500e+02    8.952455e+04
1.917000e+02    8.816651e+04
1.917500e+02    8.689347e+04
1.918000e+02    8.611245e+04
1.918500e+02    8.621245e+04
1.919000e+02    8.736149e+04
1.919500e+02    8.930554e+04
1.920000e+02    9.151960e+04
1.920500e+02    9.348367e+04
1.921000e+02    9.478170e+04
1.921500e+02    9.513971e+04
1.922000e+02    9.457370e+04
1.922500e+02    9.342666e+04
1.923000e+02    9.213762e+04
1.923500e+02    9.099859e+04
1.924000e+02    9.017056e+04
1.924500e+02    8.974056e+04
1.925000e+02    8.964756e+04
1.925500e+02    8.965655e+04
1.926000e+02    8.958655e+04
1.926500e+02    8.953055e+04
1.927000e+02    8.972455e+04
1.927500e+02    9.019057e+04
1.928000e+02    9.048258e+04
1.928500e+02    8.980356e+04
1.929000e+02    8.748249e+04
1.929500e+02    8.344738e+04
1.930000e+02    7.831123e+04
1.930500e+02    7.310008e+04
1.931000e+02    6.881396e+04
1.931500e+02    6.609988e+04
1.932000e+02    6.514786e+04
1.932500e+02    6.568786e+04
1.933000e+02    6.703891e+04
1.933500e+02    6.829395e+04
1.934000e+02    6.870296e+04
1.934500e+02    6.798593e+04
1.935000e+02    6.636989e+04
1.935500e+02    6.449484e+04
1.936000e+02    6.334781e+04
1.936500e+02    6.401982e+04
1.937000e+02    6.718691e+04
1.937500e+02    7.266906e+04
1.938000e+02    7.946827e+04
1.938500e+02    8.625345e+04
1.939000e+02    9.196262e+04
1.939500e+02    9.623774e+04
1.940000e+02    9.948984e+04
1.940500e+02    1.025529e+05
1.941000e+02    1.061030e+05
1.941500e+02    1.101831e+05
1.942000e+02    1.142233e+05
1.942500e+02    1.173633e+05
1.943000e+02    1.188134e+05
1.943500e+02    1.183534e+05
1.944000e+02    1.165033e+05
1.944500e+02    1.142532e+05
1.945000e+02    1.123332e+05
1.945500e+02    1.109232e+05
1.946000e+02    1.103131e+05
1.946500e+02    1.111132e+05
1.947000e+02    1.136132e+05
1.947500e+02    1.170133e+05
1.948000e+02    1.199334e+05
1.948500e+02    1.213235e+05
1.949000e+02    1.207834e+05
1.949500e+02    1.184434e+05
1.950000e+02    1.148433e+05
1.950500e+02    1.108032e+05
1.951000e+02    1.070430e+05
1.951500e+02    1.041030e+05
1.952000e+02    1.026329e+05
1.952500e+02    1.033329e+05
1.953000e+02    1.062030e+05
1.953500e+02    1.099731e+05
1.954000e+02    1.128232e+05
1.954500e+02    1.137332e+05
1.955000e+02    1.132232e+05
1.955500e+02    1.127032e+05
1.956000e+02    1.129832e+05
1.956500e+02    1.135532e+05
1.957000e+02    1.135332e+05
1.957500e+02    1.129432e+05
1.958000e+02    1.127532e+05
1.958500e+02    1.138032e+05
1.959000e+02    1.157333e+05
1.959500e+02    1.170933e+05
1.960000e+02    1.166533e+05
1.960500e+02    1.145033e+05
1.961000e+02    1.118332e+05
1.961500e+02    1.099031e+05
1.962000e+02    1.092531e+05
1.962500e+02    1.098031e+05
1.963000e+02    1.113232e+05
1.963500e+02    1.138432e+05
1.964000e+02    1.173033e+05
1.964500e+02    1.213035e+05
1.965000e+02    1.253035e+05
1.965500e+02    1.289336e+05
1.966000e+02    1.320137e+05
1.966500e+02    1.344038e+05
1.967000e+02    1.360539e+05
1.967500e+02    1.371139e+05
1.968000e+02    1.377539e+05
1.968500e+02    1.379340e+05
1.969000e+02    1.373039e+05
1.969500e+02    1.355139e+05
1.970000e+02    1.328237e+05
1.970500e+02    1.301537e+05
1.971000e+02    1.283236e+05
1.971500e+02    1.274537e+05
1.972000e+02    1.272136e+05
1.972500e+02    1.273636e+05
1.973000e+02    1.276237e+05
1.973500e+02    1.274636e+05
1.974000e+02    1.266436e+05
1.974500e+02    1.255936e+05
1.975000e+02    1.249936e+05
1.975500e+02    1.249936e+05
1.976000e+02    1.250936e+05
1.976500e+02    1.247336e+05
1.977000e+02    1.240635e+05
1.977500e+02    1.238535e+05
1.978000e+02    1.243936e+05
1.978500e+02    1.249936e+05
1.979000e+02    1.248736e+05
1.979500e+02    1.244035e+05
1.980000e+02    1.248236e+05
1.980500e+02    1.270236e+05
1.981000e+02    1.306237e+05
1.981500e+02    1.340538e+05
1.982000e+02    1.356339e+05
1.982500e+02    1.347138e+05
1.983000e+02    1.322438e+05
1.983500e+02    1.300637e+05
1.984000e+02    1.293837e+05
1.984500e+02    1.297737e+05
1.985000e+02    1.296037e+05
1.985500e+02    1.276036e+05
1.986000e+02    1.240735e+05
1.986500e+02    1.207934e+05
1.987000e+02    1.191934e+05
1.987500e+02    1.192034e+05
1.988000e+02    1.198334e+05
1.988500e+02    1.205234e+05
1.989000e+02    1.213735e+05
1.989500e+02    1.226235e+05
1.990000e+02    1.241436e+05
1.990500e+02    1.256636e+05
1.991000e+02    1.273136e+05
1.991500e+02    1.298037e+05
1.992000e+02    1.337638e+05
1.992500e+02    1.387940e+05
1.993000e+02    1.432340e+05
1.993500e+02    1.451342e+05
1.994000e+02    1.440041e+05
1.994500e+02    1.413240e+05
1.995000e+02    1.390340e+05
1.995500e+02    1.377640e+05
1.996000e+02    1.369138e+05
1.996500e+02    1.359939e+05
1.997000e+02    1.354139e+05
1.997500e+02    1.360239e+05
1.998000e+02    1.377339e+05
1.998500e+02    1.392540e+05
1.999000e+02    1.396140e+05
1.999500e+02    1.393639e+05
2.000000e+02    1.396339e+05
2.000500e+02    1.407640e+05
2.001000e+02    1.423441e+05
2.001500e+02    1.440441e+05
2.002000e+02    1.457641e+05
2.002500e+02    1.472442e+05
2.003000e+02    1.480242e+05
2.003500e+02    1.478942e+05
2.004000e+02    1.473642e+05
2.004500e+02    1.474742e+05
2.005000e+02    1.488742e+05
2.005500e+02    1.510843e+05
2.006000e+02    1.528443e+05
2.006500e+02    1.531744e+05
2.007000e+02    1.521444e+05
2.007500e+02    1.507542e+05
2.008000e+02    1.500643e+05
2.008500e+02    1.504643e+05
2.009000e+02    1.517343e+05
2.009500e+02    1.533144e+05
2.010000e+02    1.542244e+05
2.010500e+02    1.536644e+05
2.011000e+02    1.521743e+05
2.011500e+02    1.518543e+05
2.012000e+02    1.543344e+05
2.012500e+02    1.589245e+05
2.013000e+02    1.632546e+05
2.013500e+02    1.653447e+05
2.014000e+02    1.648348e+05
2.014500e+02    1.628247e+05
2.015000e+02    1.607146e+05
2.015500e+02    1.594646e+05
2.016000e+02    1.596346e+05
2.016500e+02    1.616247e+05
2.017000e+02    1.654647e+05
2.017500e+02    1.703248e+05
2.018000e+02    1.745450e+05
2.018500e+02    1.764550e+05
2.019000e+02    1.756750e+05
2.019500e+02    1.734149e+05
2.020000e+02    1.711049e+05
2.020500e+02    1.690449e+05
2.021000e+02    1.666747e+05
2.021500e+02    1.637947e+05
2.022000e+02    1.614146e+05
2.022500e+02    1.611546e+05
2.023000e+02    1.634646e+05
2.023500e+02    1.667247e+05
2.024000e+02    1.680848e+05
2.024500e+02    1.653747e+05
2.025000e+02    1.582045e+05
2.025500e+02    1.485143e+05
2.026000e+02    1.403840e+05
2.026500e+02    1.383339e+05
2.027000e+02    1.441241e+05
2.027500e+02    1.551444e+05
2.028000e+02    1.664547e+05
2.028500e+02    1.743449e+05
2.029000e+02    1.782051e+05
2.029500e+02    1.800452e+05
2.030000e+02    1.824251e+05
2.030500e+02    1.866153e+05
2.031000e+02    1.917054e+05
2.031500e+02    1.953355e+05
2.032000e+02    1.952655e+05
2.032500e+02    1.909054e+05
2.033000e+02    1.835152e+05
2.033500e+02    1.756450e+05
2.034000e+02    1.699848e+05
2.034500e+02    1.684748e+05
2.035000e+02    1.716749e+05
2.035500e+02    1.785550e+05
2.036000e+02    1.867853e+05
2.036500e+02    1.936856e+05
2.037000e+02    1.975856e+05
2.037500e+02    1.982956e+05
2.038000e+02    1.963056e+05
2.038500e+02    1.920855e+05
2.039000e+02    1.865953e+05
2.039500e+02    1.818752e+05
2.040000e+02    1.803651e+05
2.040500e+02    1.834552e+05
2.041000e+02    1.906354e+05
2.041500e+02    1.997656e+05
2.042000e+02    2.080860e+05
2.042500e+02    2.134061e+05
2.043000e+02    2.146562e+05
2.043500e+02    2.122261e+05
2.044000e+02    2.080959e+05
2.044500e+02    2.052259e+05
2.045000e+02    2.057759e+05
2.045500e+02    2.095459e+05
2.046000e+02    2.139960e+05
2.046500e+02    2.160462e+05
2.047000e+02    2.144061e+05
2.047500e+02    2.104660e+05
2.048000e+02    2.068958e+05
2.048500e+02    2.055558e+05
2.049000e+02    2.065859e+05
2.049500e+02    2.089359e+05
2.050000e+02    2.113760e+05
2.050500e+02    2.132360e+05
2.051000e+02    2.145961e+05
2.051500e+02    2.159661e+05
2.052000e+02    2.177762e+05
2.052500e+02    2.199762e+05
2.053000e+02    2.219264e+05
2.053500e+02    2.226564e+05
2.054000e+02    2.213163e+05
2.054500e+02    2.177062e+05
2.055000e+02    2.126260e+05
2.055500e+02    2.078759e+05
2.056000e+02    2.055258e+05
2.056500e+02    2.064558e+05
2.057000e+02    2.090759e+05
2.057500e+02    2.103160e+05
2.058000e+02    2.088759e+05
2.058500e+02    2.069959e+05
2.059000e+02    2.077759e+05
2.059500e+02    2.117060e+05
2.060000e+02    2.164761e+05
2.060500e+02    2.190762e+05
2.061000e+02    2.176262e+05
2.061500e+02    2.124461e+05
2.062000e+02    2.065159e+05
2.062500e+02    2.039458e+05
2.063000e+02    2.065758e+05
2.063500e+02    2.123860e+05
2.064000e+02    2.179962e+05
2.064500e+02    2.217463e+05
2.065000e+02    2.235364e+05
2.065500e+02    2.236263e+05
2.066000e+02    2.229764e+05
2.066500e+02    2.234563e+05
2.067000e+02    2.260464e+05
2.067500e+02    2.294365e+05
2.068000e+02    2.314066e+05
2.068500e+02    2.312266e+05
2.069000e+02    2.300665e+05
2.069500e+02    2.297565e+05
2.070000e+02    2.313266e+05
2.070500e+02    2.344867e+05
2.071000e+02    2.378268e+05
2.071500e+02    2.399168e+05
2.072000e+02    2.406268e+05
2.072500e+02    2.413368e+05
2.073000e+02    2.435570e+05
2.073500e+02    2.475370e+05
2.074000e+02    2.522372e+05
2.074500e+02    2.564373e+05
2.075000e+02    2.597273e+05
2.075500e+02    2.626075e+05
2.076000e+02    2.656776e+05
2.076500e+02    2.687276e+05
2.077000e+02    2.707177e+05
2.077500e+02    2.705977e+05
2.078000e+02    2.684877e+05
2.078500e+02    2.660176e+05
2.079000e+02    2.650876e+05
2.079500e+02    2.661975e+05
2.080000e+02    2.679476e+05
2.080500e+02    2.681276e+05
2.081000e+02    2.657876e+05
2.081500e+02    2.621875e+05
2.082000e+02    2.595573e+05
2.082500e+02    2.590574e+05
2.083000e+02    2.599973e+05
2.083500e+02    2.608774e+05
2.084000e+02    2.615075e+05
2.084500e+02    2.639575e+05
2.085000e+02    2.711077e+05
2.085500e+02    2.838481e+05
2.086000e+02    2.996785e+05
2.086500e+02    3.146390e+05
2.087000e+02    3.273294e+05
2.087500e+02    3.392596e+05
2.088000e+02    3.497100e+05
2.088500e+02    3.535700e+05
2.089000e+02    3.475898e+05
2.089500e+02    3.364296e+05
2.090000e+02    3.291394e+05
2.090500e+02    3.311894e+05
2.091000e+02    3.415697e+05
2.091500e+02    3.568202e+05
2.092000e+02    3.764007e+05
2.092500e+02    4.010414e+05
2.093000e+02    4.244520e+05
2.093500e+02    4.334624e+05
2.094000e+02    4.233121e+05
2.094500e+02    4.074515e+05
2.095000e+02    4.050815e+05
2.095500e+02    4.219721e+05
2.096000e+02    4.476128e+05
2.096500e+02    4.679734e+05
2.097000e+02    4.790736e+05
2.097500e+02    4.871539e+05
2.098000e+02    4.954741e+05
2.098500e+02    4.964241e+05
2.099000e+02    4.818337e+05
2.099500e+02    4.567831e+05
2.100000e+02    4.388925e+05
2.100500e+02    4.459826e+05
2.101000e+02    4.839838e+05
2.101500e+02    5.404454e+05
2.102000e+02    5.867067e+05
2.102500e+02    5.938469e+05
2.103000e+02    5.572459e+05
2.103500e+02    5.061644e+05
2.104000e+02    4.827037e+05
2.104500e+02    5.098846e+05
2.105000e+02    5.770064e+05
2.105500e+02    6.503586e+05
2.106000e+02    6.982899e+05
2.106500e+02    7.094602e+05
2.107000e+02    6.909597e+05
2.107500e+02    6.544886e+05
2.108000e+02    6.063073e+05
2.108500e+02    5.487356e+05
2.109000e+02    4.895040e+05
2.109500e+02    4.457827e+05
2.110000e+02    4.353624e+05
2.110500e+02    4.650632e+05
2.111000e+02    5.277750e+05
2.111500e+02    6.051173e+05
2.112000e+02    6.712591e+05
2.112500e+02    7.026801e+05
2.113000e+02    6.932998e+05
2.113500e+02    6.580287e+05
2.114000e+02    6.166076e+05
2.114500e+02    5.813266e+05
2.115000e+02    5.652061e+05
2.115500e+02    5.870267e+05
2.116000e+02    6.530486e+05
2.116500e+02    7.407111e+05
2.117000e+02    8.123132e+05
2.117500e+02    8.430940e+05
2.118000e+02    8.354138e+05
2.118500e+02    8.136132e+05
2.119000e+02    8.078129e+05
2.119500e+02    8.339837e+05
2.120000e+02    8.795450e+05
2.120500e+02    9.092359e+05
2.121000e+02    8.926854e+05
2.121500e+02    8.271935e+05
2.122000e+02    7.326509e+05
2.122500e+02    6.311780e+05
2.123000e+02    5.348552e+05
2.123500e+02    4.486428e+05
2.124000e+02    3.804108e+05
2.124500e+02    3.448298e+05
2.125000e+02    3.548501e+05
2.125500e+02    4.101417e+05
2.126000e+02    4.944840e+05
2.126500e+02    5.834466e+05
2.127000e+02    6.561686e+05
2.127500e+02    7.034700e+05
2.128000e+02    7.271107e+05
2.128500e+02    7.317408e+05
2.129000e+02    7.170604e+05
2.129500e+02    6.799293e+05
2.130000e+02    6.263779e+05
2.130500e+02    5.763865e+05
2.131000e+02    5.501356e+05
2.131500e+02    5.516557e+05
2.132000e+02    5.689663e+05
2.132500e+02    5.869067e+05
2.133000e+02    5.978270e+05
2.133500e+02    6.014971e+05
2.134000e+02    5.973170e+05
2.134500e+02    5.827166e+05
2.135000e+02    5.632360e+05
2.135500e+02    5.573658e+05
2.136000e+02    5.824266e+05
2.136500e+02    6.361581e+05
2.137000e+02    6.941698e+05
2.137500e+02    7.247707e+05
2.138000e+02    7.094002e+05
2.138500e+02    6.557687e+05
2.139000e+02    5.955769e+05
2.139500e+02    5.693362e+05
2.140000e+02    6.052072e+05
2.140500e+02    7.016400e+05
2.141000e+02    8.242835e+05
2.141500e+02    9.250963e+05
2.142000e+02    9.754978e+05
2.142500e+02    9.834180e+05
2.143000e+02    9.751877e+05
2.143500e+02    9.667875e+05
2.144000e+02    9.550372e+05
2.144500e+02    9.282465e+05
2.145000e+02    8.801151e+05
2.145500e+02    8.165033e+05
2.146000e+02    7.528814e+05
2.146500e+02    7.060001e+05
2.147000e+02    6.856595e+05
2.147500e+02    6.919296e+05
2.148000e+02    7.189304e+05
2.148500e+02    7.596916e+05
2.149000e+02    8.059329e+05
2.149500e+02    8.437040e+05
2.150000e+02    8.524143e+05
2.150500e+02    8.174033e+05
2.151000e+02    7.507913e+05
2.151500e+02    6.927297e+05
2.152000e+02    6.800394e+05
2.152500e+02    7.171604e+05
2.153000e+02    7.816423e+05
2.153500e+02    8.464341e+05
2.154000e+02    8.899953e+05
2.154500e+02    8.978855e+05
2.155000e+02    8.678448e+05
2.155500e+02    8.114331e+05
2.156000e+02    7.438912e+05
2.156500e+02    6.736692e+05
2.157000e+02    6.040972e+05
2.157500e+02    5.404954e+05
2.158000e+02    4.916141e+05
2.158500e+02    4.666733e+05
2.159000e+02    4.734535e+05
2.159500e+02    5.162847e+05
2.160000e+02    5.915669e+05
2.160500e+02    6.834995e+05
2.161000e+02    7.664218e+05
2.161500e+02    8.171532e+05
2.162000e+02    8.308537e+05
2.162500e+02    8.225434e+05
2.163000e+02    8.084931e+05
2.163500e+02    7.916926e+05
2.164000e+02    7.692719e+05
2.164500e+02    7.419711e+05
2.165000e+02    7.070201e+05
2.165500e+02    6.534186e+05
2.166000e+02    5.780965e+05
2.166500e+02    5.011643e+05
2.167000e+02    4.546030e+05
2.167500e+02    4.560029e+05
2.168000e+02    4.942041e+05
2.168500e+02    5.392954e+05
2.169000e+02    5.686962e+05
2.169500e+02    5.837066e+05
2.170000e+02    6.005371e+05
2.170500e+02    6.305880e+05
2.171000e+02    6.714492e+05
2.171500e+02    7.114003e+05
2.172000e+02    7.384610e+05
2.172500e+02    7.458813e+05
2.173000e+02    7.317309e+05
2.173500e+02    6.973198e+05
2.174000e+02    6.488585e+05
2.174500e+02    5.994971e+05
2.175000e+02    5.665162e+05
2.175500e+02    5.619159e+05
2.176000e+02    5.816966e+05
2.176500e+02    6.054073e+05
2.177000e+02    6.118674e+05
2.177500e+02    5.986870e+05
2.178000e+02    5.882067e+05
2.178500e+02    6.131275e+05
2.179000e+02    6.902496e+05
2.179500e+02    8.056929e+05
2.180000e+02    9.263163e+05
2.180500e+02    1.023429e+06
2.181000e+02    1.087131e+06
2.181500e+02    1.123632e+06
2.182000e+02    1.142432e+06
2.182500e+02    1.143333e+06
2.183000e+02    1.115632e+06
2.183500e+02    1.052330e+06
2.184000e+02    9.699877e+05
2.184500e+02    9.065058e+05
2.185000e+02    8.880253e+05
2.185500e+02    8.996056e+05
2.186000e+02    8.963255e+05
2.186500e+02    8.457641e+05
2.187000e+02    7.627117e+05
2.187500e+02    6.988600e+05
2.188000e+02    6.897197e+05
2.188500e+02    7.218405e+05
2.189000e+02    7.613417e+05
2.189500e+02    7.943926e+05
2.190000e+02    8.241034e+05
2.190500e+02    8.469641e+05
2.191000e+02    8.532742e+05
2.191500e+02    8.475142e+05
2.192000e+02    8.575345e+05
2.192500e+02    9.144761e+05
2.193000e+02    1.015629e+06
2.193500e+02    1.113132e+06
2.194000e+02    1.150033e+06
2.194500e+02    1.105431e+06
2.195000e+02    1.001128e+06
2.195500e+02    8.811651e+05
2.196000e+02    7.906825e+05
2.196500e+02    7.618717e+05
2.197000e+02    8.030729e+05
2.197500e+02    8.953855e+05
2.198000e+02    1.001829e+06
2.198500e+02    1.083431e+06
2.199000e+02    1.112732e+06
2.199500e+02    1.080431e+06
2.200000e+02    9.964683e+05
2.200500e+02    8.900253e+05
2.201000e+02    8.067930e+05
2.201500e+02    7.921726e+05
2.202000e+02    8.617345e+05
2.202500e+02    9.875781e+05
2.203000e+02    1.119932e+06
2.203500e+02    1.218835e+06
2.204000e+02    1.265936e+06
2.204500e+02    1.261337e+06
2.205000e+02    1.220735e+06
2.205500e+02    1.165933e+06
2.206000e+02    1.108632e+06
2.206500e+02    1.043330e+06
2.207000e+02    9.625274e+05
2.207500e+02    8.746249e+05
2.208000e+02    7.995127e+05
2.208500e+02    7.509814e+05
2.209000e+02    7.246707e+05
2.209500e+02    7.008299e+05
2.210000e+02    6.592188e+05
2.210500e+02    5.954069e+05
2.211000e+02    5.276651e+05
2.211500e+02    4.899140e+05
2.212000e+02    5.122846e+05
2.212500e+02    5.990171e+05
2.213000e+02    7.189504e+05
2.213500e+02    8.228935e+05
2.214000e+02    8.806451e+05
2.214500e+02    8.977355e+05
2.215000e+02    8.903153e+05
2.215500e+02    8.572344e+05
2.216000e+02    7.887725e+05
2.216500e+02    6.919397e+05
2.217000e+02    5.962569e+05
2.217500e+02    5.381754e+05
2.218000e+02    5.417854e+05
2.218500e+02    6.079073e+05
2.219000e+02    7.156403e+05
2.219500e+02    8.339438e+05
2.220000e+02    9.368766e+05
2.220500e+02    1.012729e+06
2.221000e+02    1.061130e+06
2.221500e+02    1.084031e+06
2.222000e+02    1.080131e+06
2.222500e+02    1.051030e+06
2.223000e+02    1.012429e+06
2.223500e+02    9.890882e+05
2.224000e+02    9.901182e+05
2.224500e+02    9.976384e+05
2.225000e+02    9.913183e+05
2.225500e+02    9.719276e+05
2.226000e+02    9.505170e+05
2.226500e+02    9.295665e+05
2.227000e+02    9.089758e+05
2.227500e+02    8.991956e+05
2.228000e+02    9.139860e+05
2.228500e+02    9.527471e+05
2.229000e+02    9.960783e+05
2.229500e+02    1.018029e+06
2.230000e+02    1.005329e+06
2.230500e+02    9.686975e+05
2.231000e+02    9.405368e+05
2.231500e+02    9.579672e+05
2.232000e+02    1.041730e+06
2.232500e+02    1.181434e+06
2.233000e+02    1.338239e+06
2.233500e+02    1.465141e+06
2.234000e+02    1.535943e+06
2.234500e+02    1.557645e+06
2.235000e+02    1.555544e+06
2.235500e+02    1.547443e+06
2.236000e+02    1.531744e+06
2.236500e+02    1.494842e+06
2.237000e+02    1.427641e+06
2.237500e+02    1.336838e+06
2.238000e+02    1.246036e+06
2.238500e+02    1.184334e+06
2.239000e+02    1.171933e+06
2.239500e+02    1.205034e+06
2.240000e+02    1.251135e+06
2.240500e+02    1.265737e+06
2.241000e+02    1.227835e+06
2.241500e+02    1.156833e+06
2.242000e+02    1.088631e+06
2.242500e+02    1.042230e+06
2.243000e+02    1.013229e+06
2.243500e+02    9.912182e+05
2.244000e+02    9.766778e+05
2.244500e+02    9.824079e+05
2.245000e+02    1.020429e+06
2.245500e+02    1.088831e+06
2.246000e+02    1.172233e+06
2.246500e+02    1.252535e+06
2.247000e+02    1.319138e+06
2.247500e+02    1.365739e+06
2.248000e+02    1.377640e+06
2.248500e+02    1.336738e+06
2.249000e+02    1.248036e+06
2.249500e+02    1.150533e+06
2.250000e+02    1.083031e+06
2.250500e+02    1.051430e+06
2.251000e+02    1.041430e+06
2.251500e+02    1.044730e+06
2.252000e+02    1.058830e+06
2.252500e+02    1.072430e+06
2.253000e+02    1.067730e+06
2.253500e+02    1.038730e+06
2.254000e+02    1.001128e+06
2.254500e+02    9.803579e+05
2.255000e+02    9.828580e+05
2.255500e+02    9.887982e+05
2.256000e+02    9.806680e+05
2.256500e+02    9.666576e+05
2.257000e+02    9.644775e+05
2.257500e+02    9.772579e+05
2.258000e+02    9.977684e+05
2.258500e+02    1.019329e+06
2.259000e+02    1.028229e+06
2.259500e+02    1.002929e+06
2.260000e+02    9.402768e+05
2.260500e+02    8.721948e+05
2.261000e+02    8.399139e+05
2.261500e+02    8.550844e+05
2.262000e+02    8.933254e+05
2.262500e+02    9.184962e+05
2.263000e+02    9.100159e+05
2.263500e+02    8.713249e+05
2.264000e+02    8.170732e+05
2.264500e+02    7.586716e+05
2.265000e+02    7.040501e+05
2.265500e+02    6.622988e+05
2.266000e+02    6.402982e+05
2.266500e+02    6.362181e+05
2.267000e+02    6.402382e+05
2.267500e+02    6.413183e+05
2.268000e+02    6.334781e+05
2.268500e+02    6.180676e+05
2.269000e+02    6.016372e+05
2.269500e+02    5.911368e+05
2.270000e+02    5.894268e+05
2.270500e+02    5.944969e+05
2.271000e+02    6.032272e+05
2.271500e+02    6.153576e+05
2.272000e+02    6.327481e+05
2.272500e+02    6.547586e+05
2.273000e+02    6.750692e+05
2.273500e+02    6.862095e+05
2.274000e+02    6.894196e+05
2.274500e+02    6.947598e+05
2.275000e+02    7.066401e+05
2.275500e+02    7.177905e+05
2.276000e+02    7.250407e+05
2.276500e+02    7.402311e+05
2.277000e+02    7.740920e+05
2.277500e+02    8.190034e+05
2.278000e+02    8.579344e+05
2.278500e+02    8.821951e+05
2.279000e+02    8.932554e+05
2.279500e+02    8.978456e+05
2.280000e+02    9.101159e+05
2.280500e+02    9.488770e+05
2.281000e+02    1.019829e+06
2.281500e+02    1.103031e+06
2.282000e+02    1.165833e+06
2.282500e+02    1.186234e+06
2.283000e+02    1.165033e+06
2.283500e+02    1.123132e+06
2.284000e+02    1.091331e+06
2.284500e+02    1.093531e+06
2.285000e+02    1.127832e+06
2.285500e+02    1.163233e+06
2.286000e+02    1.159433e+06
2.286500e+02    1.098031e+06
2.287000e+02    9.998084e+05
2.287500e+02    9.120960e+05
2.288000e+02    8.741849e+05
2.288500e+02    8.880253e+05
2.289000e+02    9.210362e+05
2.289500e+02    9.348566e+05
2.290000e+02    9.156261e+05
2.290500e+02    8.812151e+05
2.291000e+02    8.599144e+05
2.291500e+02    8.654346e+05
2.292000e+02    8.926254e+05
2.292500e+02    9.282764e+05
2.293000e+02    9.610974e+05
2.293500e+02    9.856081e+05
2.294000e+02    1.002929e+06
2.294500e+02    1.020229e+06
2.295000e+02    1.047330e+06
2.295500e+02    1.083631e+06
2.296000e+02    1.105031e+06
2.296500e+02    1.072931e+06
2.297000e+02    9.731976e+05
2.297500e+02    8.392439e+05
2.298000e+02    7.264607e+05
2.298500e+02    6.692590e+05
2.299000e+02    6.663089e+05
2.299500e+02    6.945598e+05
2.300000e+02    7.302508e+05
2.300500e+02    7.625417e+05
2.301000e+02    7.949426e+05
2.301500e+02    8.343138e+05
2.302000e+02    8.761049e+05
2.302500e+02    9.039057e+05
2.303000e+02    9.088058e+05
2.303500e+02    9.048357e+05
2.304000e+02    9.195662e+05
2.304500e+02    9.745277e+05
2.305000e+02    1.075731e+06
2.305500e+02    1.210935e+06
2.306000e+02    1.348039e+06
2.306500e+02    1.443542e+06
2.307000e+02    1.467141e+06
2.307500e+02    1.421241e+06
2.308000e+02    1.333238e+06
2.308500e+02    1.232735e+06
2.309000e+02    1.135432e+06
2.309500e+02    1.042130e+06
2.310000e+02    9.482770e+05
2.310500e+02    8.550243e+05
2.311000e+02    7.716220e+05
2.311500e+02    7.098502e+05
2.312000e+02    6.750592e+05
2.312500e+02    6.629288e+05
2.313000e+02    6.670890e+05
2.313500e+02    6.903797e+05
2.314000e+02    7.473612e+05
2.314500e+02    8.490641e+05
2.315000e+02    9.793679e+05
2.315500e+02    1.093731e+06
2.316000e+02    1.153133e+06
2.316500e+02    1.156533e+06
2.317000e+02    1.133632e+06
2.317500e+02    1.114432e+06
2.318000e+02    1.108032e+06
2.318500e+02    1.099831e+06
2.319000e+02    1.063430e+06
2.319500e+02    9.838180e+05
2.320000e+02    8.783750e+05
2.320500e+02    7.924825e+05
2.321000e+02    7.638217e+05
2.321500e+02    7.982027e+05
2.322000e+02    8.859552e+05
2.322500e+02    1.022329e+06
2.323000e+02    1.194334e+06
2.323500e+02    1.360139e+06
2.324000e+02    1.459442e+06
2.324500e+02    1.447841e+06
2.325000e+02    1.325238e+06
2.325500e+02    1.138432e+06
2.326000e+02    9.552772e+05
2.326500e+02    8.305436e+05
2.327000e+02    7.833422e+05
2.327500e+02    7.997127e+05
2.328000e+02    8.544444e+05
2.328500e+02    9.278864e+05
2.329000e+02    1.002729e+06
2.329500e+02    1.057330e+06
2.330000e+02    1.073131e+06
2.330500e+02    1.045930e+06
2.331000e+02    9.848080e+05
2.331500e+02    9.037758e+05
2.332000e+02    8.178433e+05
2.332500e+02    7.448212e+05
2.333000e+02    7.056201e+05
2.333500e+02    7.159004e+05
2.334000e+02    7.729020e+05
2.334500e+02    8.548943e+05
2.335000e+02    9.388867e+05
2.335500e+02    1.011629e+06
2.336000e+02    1.057830e+06
2.336500e+02    1.052030e+06
2.337000e+02    9.791078e+05
2.337500e+02    8.570344e+05
2.338000e+02    7.301008e+05
2.338500e+02    6.417182e+05
2.339000e+02    6.123374e+05
2.339500e+02    6.357181e+05
2.340000e+02    6.911797e+05
2.340500e+02    7.587116e+05
2.341000e+02    8.250635e+05
2.341500e+02    8.790950e+05
2.342000e+02    9.042557e+05
2.342500e+02    8.813450e+05
2.343000e+02    8.048329e+05
2.343500e+02    6.954398e+05
2.344000e+02    5.920968e+05
2.344500e+02    5.288250e+05
2.345000e+02    5.151947e+05
2.345500e+02    5.358253e+05
2.346000e+02    5.686261e+05
2.346500e+02    5.996271e+05
2.347000e+02    6.201676e+05
2.347500e+02    6.228278e+05
2.348000e+02    6.106174e+05
2.348500e+02    6.035872e+05
2.349000e+02    6.279579e+05
2.349500e+02    7.022400e+05
2.350000e+02    8.277436e+05
2.350500e+02    9.731177e+05
2.351000e+02    1.081731e+06
2.351500e+02    1.132832e+06
2.352000e+02    1.181734e+06
2.352500e+02    1.293037e+06
2.353000e+02    1.448942e+06
2.353500e+02    1.554045e+06
2.354000e+02    1.524943e+06
2.354500e+02    1.371839e+06
2.355000e+02    1.194134e+06
2.355500e+02    1.103231e+06
2.356000e+02    1.147233e+06
2.356500e+02    1.280437e+06
2.357000e+02    1.398240e+06
2.357500e+02    1.426940e+06
2.358000e+02    1.369639e+06
2.358500e+02    1.266136e+06
2.359000e+02    1.143133e+06
2.359500e+02    1.014429e+06
2.360000e+02    8.984256e+05
2.360500e+02    8.176933e+05
2.361000e+02    7.892825e+05
2.361500e+02    8.175233e+05
2.362000e+02    8.873252e+05
2.362500e+02    9.676475e+05
2.363000e+02    1.029829e+06
2.363500e+02    1.059330e+06
2.364000e+02    1.054830e+06
2.364500e+02    1.022229e+06
2.365000e+02    9.694876e+05
2.365500e+02    9.149560e+05
2.366000e+02    8.874153e+05
2.366500e+02    8.934054e+05
2.367000e+02    9.094158e+05
2.367500e+02    9.202661e+05
2.368000e+02    9.369266e+05
2.368500e+02    9.759378e+05
2.369000e+02    1.045830e+06
2.369500e+02    1.144933e+06
2.370000e+02    1.250036e+06
2.370500e+02    1.322438e+06
2.371000e+02    1.348838e+06
2.371500e+02    1.356438e+06
2.372000e+02    1.362339e+06
2.372500e+02    1.330838e+06
2.373000e+02    1.223035e+06
2.373500e+02    1.072031e+06
2.374000e+02    9.633475e+05
2.374500e+02    9.440969e+05
2.375000e+02    9.838580e+05
2.375500e+02    1.032929e+06
2.376000e+02    1.089531e+06
2.376500e+02    1.185334e+06
2.377000e+02    1.318937e+06
2.377500e+02    1.430941e+06
2.378000e+02    1.445141e+06
2.378500e+02    1.327338e+06
2.379000e+02    1.122832e+06
2.379500e+02    9.324265e+05
2.380000e+02    8.295337e+05
2.380500e+02    8.094530e+05
2.381000e+02    8.250735e+05
2.381500e+02    8.514543e+05
2.382000e+02    9.024157e+05
2.382500e+02    9.813679e+05
2.383000e+02    1.042030e+06
2.383500e+02    1.041130e+06
2.384000e+02    1.002228e+06
2.384500e+02    9.843980e+05
2.385000e+02    1.017929e+06
2.385500e+02    1.087431e+06
2.386000e+02    1.151133e+06
2.386500e+02    1.174533e+06
2.387000e+02    1.155333e+06
2.387500e+02    1.116032e+06
2.388000e+02    1.076531e+06
2.388500e+02    1.043430e+06
2.389000e+02    1.021429e+06
2.389500e+02    1.018629e+06
2.390000e+02    1.041730e+06
2.390500e+02    1.092631e+06
2.391000e+02    1.160833e+06
2.391500e+02    1.221435e+06
2.392000e+02    1.248836e+06
2.392500e+02    1.227335e+06
2.393000e+02    1.162633e+06
2.393500e+02    1.090331e+06
2.394000e+02    1.047330e+06
2.394500e+02    1.025129e+06
2.395000e+02    9.874481e+05
2.395500e+02    9.337466e+05
2.396000e+02    8.945355e+05
2.396500e+02    8.774549e+05
2.397000e+02    8.732948e+05
2.397500e+02    8.934155e+05
2.398000e+02    9.431369e+05
2.398500e+02    9.851981e+05
2.399000e+02    9.804779e+05
2.399500e+02    9.441669e+05
2.400000e+02    9.284964e+05
2.400500e+02    9.595073e+05
2.401000e+02    1.008729e+06
2.401500e+02    1.032429e+06
2.402000e+02    1.026329e+06
2.402500e+02    1.023529e+06
2.403000e+02    1.045230e+06
2.403500e+02    1.069430e+06
2.404000e+02    1.047830e+06
2.404500e+02    9.578773e+05
2.405000e+02    8.347637e+05
2.405500e+02    7.418511e+05
2.406000e+02    7.136003e+05
2.406500e+02    7.372209e+05
2.407000e+02    7.805923e+05
2.407500e+02    8.246835e+05
2.408000e+02    8.743148e+05
2.408500e+02    9.408968e+05
2.409000e+02    1.012729e+06
2.409500e+02    1.057130e+06
2.410000e+02    1.052430e+06
2.410500e+02    1.003729e+06
2.411000e+02    9.301765e+05
2.411500e+02    8.528643e+05
2.412000e+02    7.906125e+05
2.412500e+02    7.583916e+05
2.413000e+02    7.584916e+05
2.413500e+02    7.836122e+05
2.414000e+02    8.345038e+05
2.414500e+02    9.152760e+05
2.415000e+02    1.010229e+06
2.415500e+02    1.089631e+06
2.416000e+02    1.141632e+06
2.416500e+02    1.179734e+06
2.417000e+02    1.216835e+06
2.417500e+02    1.252535e+06
2.418000e+02    1.289137e+06
2.418500e+02    1.338638e+06
2.419000e+02    1.403440e+06
2.419500e+02    1.473241e+06
2.420000e+02    1.539744e+06
2.420500e+02    1.583245e+06
2.421000e+02    1.575945e+06
2.421500e+02    1.533944e+06
2.422000e+02    1.506443e+06
2.422500e+02    1.488442e+06
2.423000e+02    1.410741e+06
2.423500e+02    1.242535e+06
2.424000e+02    1.047930e+06
2.424500e+02    9.245163e+05
2.425000e+02    9.264364e+05
2.425500e+02    1.047230e+06
2.426000e+02    1.245935e+06
2.426500e+02    1.473042e+06
2.427000e+02    1.672647e+06
2.427500e+02    1.785851e+06
2.428000e+02    1.788250e+06
2.428500e+02    1.709049e+06
2.429000e+02    1.606846e+06
2.429500e+02    1.537744e+06
2.430000e+02    1.526443e+06
2.430500e+02    1.552644e+06
2.431000e+02    1.581145e+06
2.431500e+02    1.592345e+06
2.432000e+02    1.576645e+06
2.432500e+02    1.537044e+06
2.433000e+02    1.489742e+06
2.433500e+02    1.449741e+06
2.434000e+02    1.425441e+06
2.434500e+02    1.404440e+06
2.435000e+02    1.350338e+06
2.435500e+02    1.258336e+06
2.436000e+02    1.183134e+06
2.436500e+02    1.170433e+06
2.437000e+02    1.217535e+06
2.437500e+02    1.312137e+06
2.438000e+02    1.435141e+06
2.438500e+02    1.525844e+06
2.439000e+02    1.514043e+06
2.439500e+02    1.391140e+06
2.440000e+02    1.224035e+06
2.440500e+02    1.104531e+06
2.441000e+02    1.081531e+06
2.441500e+02    1.126932e+06
2.442000e+02    1.183434e+06
2.442500e+02    1.231735e+06
2.443000e+02    1.282837e+06
2.443500e+02    1.336838e+06
2.444000e+02    1.375839e+06
2.444500e+02    1.379039e+06
2.445000e+02    1.337739e+06
2.445500e+02    1.260635e+06
2.446000e+02    1.169033e+06
2.446500e+02    1.093931e+06
2.447000e+02    1.060930e+06
2.447500e+02    1.066430e+06
2.448000e+02    1.082131e+06
2.448500e+02    1.088431e+06
2.449000e+02    1.086031e+06
2.449500e+02    1.081831e+06
2.450000e+02    1.081631e+06
2.450500e+02    1.091431e+06
2.451000e+02    1.110332e+06
2.451500e+02    1.119232e+06
2.452000e+02    1.089131e+06
2.452500e+02    1.018729e+06
2.453000e+02    9.486570e+05
2.453500e+02    9.150260e+05
2.454000e+02    9.094759e+05
2.454500e+02    9.096559e+05
2.455000e+02    9.167561e+05
2.455500e+02    9.364566e+05
2.456000e+02    9.511271e+05
2.456500e+02    9.406368e+05
2.457000e+02    9.133660e+05
2.457500e+02    8.961655e+05
2.458000e+02    9.054458e+05
2.458500e+02    9.338966e+05
2.459000e+02    9.567373e+05
2.459500e+02    9.581573e+05
2.460000e+02    9.504171e+05
2.460500e+02    9.511371e+05
2.461000e+02    9.566573e+05
2.461500e+02    9.515571e+05
2.462000e+02    9.227263e+05
2.462500e+02    8.667847e+05
2.463000e+02    8.076530e+05
2.463500e+02    7.903925e+05
2.464000e+02    8.335538e+05
2.464500e+02    9.074858e+05
2.465000e+02    9.752077e+05
2.465500e+02    1.033629e+06
2.466000e+02    1.098231e+06
2.466500e+02    1.161933e+06
2.467000e+02    1.199634e+06
2.467500e+02    1.209934e+06
2.468000e+02    1.220635e+06
2.468500e+02    1.254336e+06
2.469000e+02    1.303837e+06
2.469500e+02    1.337038e+06
2.470000e+02    1.333839e+06
2.470500e+02    1.313738e+06
2.471000e+02    1.309837e+06
2.471500e+02    1.320137e+06
2.472000e+02    1.302238e+06
2.472500e+02    1.221835e+06
2.473000e+02    1.104031e+06
2.473500e+02    1.026729e+06
2.474000e+02    1.049930e+06
2.474500e+02    1.157233e+06
2.475000e+02    1.278237e+06
2.475500e+02    1.362339e+06
2.476000e+02    1.409040e+06
2.476500e+02    1.439642e+06
2.477000e+02    1.466442e+06
2.477500e+02    1.480543e+06
2.478000e+02    1.453042e+06
2.478500e+02    1.362439e+06
2.479000e+02    1.227735e+06
2.479500e+02    1.091531e+06
2.480000e+02    9.894381e+05
2.480500e+02    9.483470e+05
2.481000e+02    9.774378e+05
2.481500e+02    1.037329e+06
2.482000e+02    1.058930e+06
2.482500e+02    1.004429e+06
2.483000e+02    8.897253e+05
2.483500e+02    7.662818e+05
2.484000e+02    6.980199e+05
2.484500e+02    7.246707e+05
2.485000e+02    8.308337e+05
2.485500e+02    9.651775e+05
2.486000e+02    1.080231e+06
2.486500e+02    1.143233e+06
2.487000e+02    1.134732e+06
2.487500e+02    1.056630e+06
2.488000e+02    9.335965e+05
2.488500e+02    8.079630e+05
2.489000e+02    7.259306e+05
2.489500e+02    7.030400e+05
2.490000e+02    7.070602e+05
2.490500e+02    6.928098e+05
2.491000e+02    6.497486e+05
2.491500e+02    6.122774e+05
2.492000e+02    6.268379e+05
2.492500e+02    7.099602e+05
2.493000e+02    8.447241e+05
2.493500e+02    1.004829e+06
2.494000e+02    1.161433e+06
2.494500e+02    1.290237e+06
2.495000e+02    1.390540e+06
2.495500e+02    1.467242e+06
2.496000e+02    1.499942e+06
2.496500e+02    1.476643e+06
2.497000e+02    1.439941e+06
2.497500e+02    1.444941e+06
2.498000e+02    1.488643e+06
2.498500e+02    1.537443e+06
2.499000e+02    1.589245e+06
2.499500e+02    1.645847e+06
2.500000e+02    1.663047e+06
2.500500e+02    1.585645e+06
2.501000e+02    1.410741e+06
2.501500e+02    1.205534e+06
2.502000e+02    1.074331e+06
2.502500e+02    1.075231e+06
2.503000e+02    1.162433e+06
2.503500e+02    1.244436e+06
2.504000e+02    1.281736e+06
2.504500e+02    1.293436e+06
2.505000e+02    1.292437e+06
2.505500e+02    1.253335e+06
2.506000e+02    1.149633e+06
2.506500e+02    9.992085e+05
2.507000e+02    8.660347e+05
2.507500e+02    8.209634e+05
2.508000e+02    8.983356e+05
2.508500e+02    1.070731e+06
2.509000e+02    1.262236e+06
2.509500e+02    1.399640e+06
2.510000e+02    1.455242e+06
2.510500e+02    1.438641e+06
2.511000e+02    1.374439e+06
2.511500e+02    1.304137e+06
2.512000e+02    1.270036e+06
2.512500e+02    1.273337e+06
2.513000e+02    1.272136e+06
2.513500e+02    1.226635e+06
2.514000e+02    1.132632e+06
2.514500e+02    1.018229e+06
2.515000e+02    9.225563e+05
2.515500e+02    8.658946e+05
2.516000e+02    8.333538e+05
2.516500e+02    7.992227e+05
2.517000e+02    7.619116e+05
2.517500e+02    7.345710e+05
2.518000e+02    7.190004e+05
2.518500e+02    7.140503e+05
2.519000e+02    7.285708e+05
2.519500e+02    7.668718e+05
2.520000e+02    8.251035e+05
2.520500e+02    9.003356e+05
2.521000e+02    9.757977e+05
2.521500e+02    1.018529e+06
2.522000e+02    1.013229e+06
2.522500e+02    9.697576e+05
2.523000e+02    9.014556e+05
2.523500e+02    8.236035e+05
2.524000e+02    7.587015e+05
2.524500e+02    7.229205e+05
2.525000e+02    7.205405e+05
2.525500e+02    7.481613e+05
2.526000e+02    7.953326e+05
2.526500e+02    8.505242e+05
2.527000e+02    8.999156e+05
2.527500e+02    9.169562e+05
2.528000e+02    8.799651e+05
2.528500e+02    8.014128e+05
2.529000e+02    7.194505e+05
2.529500e+02    6.724891e+05
2.530000e+02    6.906096e+05
2.530500e+02    7.859124e+05
2.531000e+02    9.387768e+05
2.531500e+02    1.101031e+06
2.532000e+02    1.218235e+06
2.532500e+02    1.264035e+06
2.533000e+02    1.255936e+06
2.533500e+02    1.224835e+06
2.534000e+02    1.190334e+06
2.534500e+02    1.161933e+06
2.535000e+02    1.132932e+06
2.535500e+02    1.089331e+06
2.536000e+02    1.046430e+06
2.536500e+02    1.050630e+06
2.537000e+02    1.126032e+06
2.537500e+02    1.241236e+06
2.538000e+02    1.335838e+06
2.538500e+02    1.359939e+06
2.539000e+02    1.307138e+06
2.539500e+02    1.227935e+06
2.540000e+02    1.184834e+06
2.540500e+02    1.183934e+06
2.541000e+02    1.181534e+06
2.541500e+02    1.159633e+06
2.542000e+02    1.155633e+06
2.542500e+02    1.213035e+06
2.543000e+02    1.333538e+06
2.543500e+02    1.474642e+06
2.544000e+02    1.574345e+06
2.544500e+02    1.594045e+06
2.545000e+02    1.541343e+06
2.545500e+02    1.444241e+06
2.546000e+02    1.322538e+06
2.546500e+02    1.206234e+06
2.547000e+02    1.151933e+06
2.547500e+02    1.192534e+06
2.548000e+02    1.282837e+06
2.548500e+02    1.339038e+06
2.549000e+02    1.314638e+06
2.549500e+02    1.213335e+06
2.550000e+02    1.076731e+06
2.550500e+02    9.808279e+05
2.551000e+02    9.944883e+05
2.551500e+02    1.135132e+06
2.552000e+02    1.367239e+06
2.552500e+02    1.607745e+06
2.553000e+02    1.766351e+06
2.553500e+02    1.835652e+06
2.554000e+02    1.878754e+06
2.554500e+02    1.902254e+06
2.555000e+02    1.849752e+06
2.555500e+02    1.734849e+06
2.556000e+02    1.659548e+06
2.556500e+02    1.678247e+06
2.557000e+02    1.735750e+06
2.557500e+02    1.763550e+06
2.558000e+02    1.763350e+06
2.558500e+02    1.777250e+06
2.559000e+02    1.844953e+06
2.559500e+02    1.991957e+06
2.560000e+02    2.187862e+06
2.560500e+02    2.331266e+06
2.561000e+02    2.336466e+06
2.561500e+02    2.211063e+06
2.562000e+02    2.010457e+06
2.562500e+02    1.777750e+06
2.563000e+02    1.564745e+06
2.563500e+02    1.436041e+06
2.564000e+02    1.415040e+06
2.564500e+02    1.481542e+06
2.565000e+02    1.624047e+06
2.565500e+02    1.857052e+06
2.566000e+02    2.173761e+06
2.566500e+02    2.489671e+06
2.567000e+02    2.683976e+06
2.567500e+02    2.730178e+06
2.568000e+02    2.698977e+06
2.568500e+02    2.630875e+06
2.569000e+02    2.541373e+06
2.569500e+02    2.509072e+06
2.570000e+02    2.599274e+06
2.570500e+02    2.738078e+06
2.571000e+02    2.773779e+06
2.571500e+02    2.664875e+06
2.572000e+02    2.537973e+06
2.572500e+02    2.541373e+06
2.573000e+02    2.716978e+06
2.573500e+02    2.996986e+06
2.574000e+02    3.227592e+06
2.574500e+02    3.236992e+06
2.575000e+02    2.960184e+06
2.575500e+02    2.495771e+06
2.576000e+02    2.047158e+06
2.576500e+02    1.807552e+06
2.577000e+02    1.863753e+06
2.577500e+02    2.163462e+06
2.578000e+02    2.544073e+06
2.578500e+02    2.845181e+06
2.579000e+02    3.015086e+06
2.579500e+02    3.077988e+06
2.580000e+02    3.053787e+06
2.580500e+02    2.981785e+06
2.581000e+02    2.966585e+06
2.581500e+02    3.097588e+06
2.582000e+02    3.293393e+06
2.582500e+02    3.321894e+06
2.583000e+02    3.086988e+06
2.583500e+02    2.780779e+06
2.584000e+02    2.604075e+06
2.584500e+02    2.487171e+06
2.585000e+02    2.262264e+06
2.585500e+02    1.943855e+06
2.586000e+02    1.681848e+06
2.586500e+02    1.585445e+06
2.587000e+02    1.685548e+06
2.587500e+02    1.946455e+06
2.588000e+02    2.274565e+06
2.588500e+02    2.600874e+06
2.589000e+02    2.953184e+06
2.589500e+02    3.361196e+06
2.590000e+02    3.708506e+06
2.590500e+02    3.792708e+06
2.591000e+02    3.547400e+06
2.591500e+02    3.138189e+06
2.592000e+02    2.814981e+06
2.592500e+02    2.682576e+06
2.593000e+02    2.622074e+06
2.593500e+02    2.455270e+06
2.594000e+02    2.183362e+06
2.594500e+02    2.001957e+06
2.595000e+02    2.072358e+06
2.595500e+02    2.329467e+06
2.596000e+02    2.539472e+06
2.596500e+02    2.535773e+06
2.597000e+02    2.356468e+06
2.597500e+02    2.136261e+06
2.598000e+02    1.938155e+06
2.598500e+02    1.742850e+06
2.599000e+02    1.546943e+06
2.599500e+02    1.400140e+06
2.600000e+02    1.354839e+06
2.600500e+02    1.423941e+06
2.601000e+02    1.590445e+06
2.601500e+02    1.826352e+06
2.602000e+02    2.086960e+06
2.602500e+02    2.309066e+06
2.603000e+02    2.435969e+06
2.603500e+02    2.448070e+06
2.604000e+02    2.384268e+06
2.604500e+02    2.323966e+06
2.605000e+02    2.302466e+06
2.605500e+02    2.251264e+06
2.606000e+02    2.092959e+06
2.606500e+02    1.867953e+06
2.607000e+02    1.692348e+06
2.607500e+02    1.636846e+06
2.608000e+02    1.685048e+06
2.608500e+02    1.765750e+06
2.609000e+02    1.816952e+06
2.609500e+02    1.842852e+06
2.610000e+02    1.892154e+06
2.610500e+02    1.968756e+06
2.611000e+02    1.996057e+06
2.611500e+02    1.908155e+06
2.612000e+02    1.749250e+06
2.612500e+02    1.632147e+06
2.613000e+02    1.611645e+06
2.613500e+02    1.645647e+06
2.614000e+02    1.676648e+06
2.614500e+02    1.723149e+06
2.615000e+02    1.863053e+06
2.615500e+02    2.121660e+06
2.616000e+02    2.414568e+06
2.616500e+02    2.622875e+06
2.617000e+02    2.683276e+06
2.617500e+02    2.591574e+06
2.618000e+02    2.387568e+06
2.618500e+02    2.175262e+06
2.619000e+02    2.096560e+06
2.619500e+02    2.221763e+06
2.620000e+02    2.476671e+06
2.620500e+02    2.707478e+06
2.621000e+02    2.808780e+06
2.621500e+02    2.777479e+06
2.622000e+02    2.685577e+06
2.622500e+02    2.633975e+06
2.623000e+02    2.660876e+06
2.623500e+02    2.675476e+06
2.624000e+02    2.593774e+06
2.624500e+02    2.502371e+06
2.625000e+02    2.528972e+06
2.625500e+02    2.627174e+06
2.626000e+02    2.640275e+06
2.626500e+02    2.506572e+06
2.627000e+02    2.305865e+06
2.627500e+02    2.145562e+06
2.628000e+02    2.050158e+06
2.628500e+02    1.975156e+06
2.629000e+02    1.899254e+06
2.629500e+02    1.835152e+06
2.630000e+02    1.770950e+06
2.630500e+02    1.692848e+06
2.631000e+02    1.636047e+06
2.631500e+02    1.635247e+06
2.632000e+02    1.671447e+06
2.632500e+02    1.724250e+06
2.633000e+02    1.823952e+06
2.633500e+02    2.028658e+06
2.634000e+02    2.382068e+06
2.634500e+02    2.877082e+06
2.635000e+02    3.414098e+06
2.635500e+02    3.821209e+06
2.636000e+02    3.989313e+06
2.636500e+02    3.976913e+06
2.637000e+02    3.937412e+06
2.637500e+02    4.008714e+06
2.638000e+02    4.281722e+06
2.638500e+02    4.727435e+06
2.639000e+02    5.127446e+06
2.639500e+02    5.228149e+06
2.640000e+02    5.005743e+06
2.640500e+02    4.662233e+06
2.641000e+02    4.347024e+06
2.641500e+02    4.084116e+06
2.642000e+02    4.017115e+06
2.642500e+02    4.429427e+06
2.643000e+02    5.343852e+06
2.643500e+02    6.287979e+06
2.644000e+02    6.672790e+06
2.644500e+02    6.374482e+06
2.645000e+02    5.804465e+06
2.645500e+02    5.415055e+06
2.646000e+02    5.294551e+06
2.646500e+02    5.248750e+06
2.647000e+02    5.092545e+06
2.647500e+02    4.763036e+06
2.648000e+02    4.276522e+06
2.648500e+02    3.745007e+06
2.649000e+02    3.394197e+06
2.649500e+02    3.422198e+06
2.650000e+02    3.815809e+06
2.650500e+02    4.303322e+06
2.651000e+02    4.539729e+06
2.651500e+02    4.416826e+06
2.652000e+02    4.112317e+06
2.652500e+02    3.830209e+06
2.653000e+02    3.666105e+06
2.653500e+02    3.700105e+06
2.654000e+02    4.038315e+06
2.654500e+02    4.729034e+06
2.655000e+02    5.634860e+06
2.655500e+02    6.410382e+06
2.656000e+02    6.771392e+06
2.656500e+02    6.805893e+06
2.657000e+02    6.800593e+06
2.657500e+02    6.777193e+06
2.658000e+02    6.482884e+06
2.658500e+02    5.855066e+06
2.659000e+02    5.236048e+06
2.659500e+02    5.051244e+06
2.660000e+02    5.369153e+06
2.660500e+02    5.855367e+06
2.661000e+02    6.136675e+06
2.661500e+02    6.066573e+06
2.662000e+02    5.667562e+06
2.662500e+02    5.086345e+06
2.663000e+02    4.566831e+06
2.663500e+02    4.218120e+06
2.664000e+02    3.952612e+06
2.664500e+02    3.790407e+06
2.665000e+02    3.912711e+06
2.665500e+02    4.284423e+06
2.666000e+02    4.558230e+06
2.666500e+02    4.512828e+06
2.667000e+02    4.377824e+06
2.667500e+02    4.555629e+06
2.668000e+02    5.099945e+06
2.668500e+02    5.647560e+06
2.669000e+02    5.834766e+06
2.669500e+02    5.591559e+06
2.670000e+02    5.127646e+06
2.670500e+02    4.839338e+06
2.671000e+02    5.023943e+06
2.671500e+02    5.502157e+06
2.672000e+02    5.725263e+06
2.672500e+02    5.362653e+06
2.673000e+02    4.671233e+06
2.673500e+02    4.237420e+06
2.674000e+02    4.427826e+06
2.674500e+02    5.136146e+06
2.675000e+02    5.949270e+06
2.675500e+02    6.444984e+06
2.676000e+02    6.411782e+06
2.676500e+02    5.944870e+06
2.677000e+02    5.369853e+06
2.677500e+02    4.984342e+06
2.678000e+02    4.812637e+06
2.678500e+02    4.641332e+06
2.679000e+02    4.341724e+06
2.679500e+02    4.117517e+06
2.680000e+02    4.302122e+06
2.680500e+02    4.904840e+06
2.681000e+02    5.521657e+06
2.681500e+02    5.737664e+06
2.682000e+02    5.510557e+06
2.682500e+02    5.117946e+06
2.683000e+02    4.807237e+06
2.683500e+02    4.596331e+06
2.684000e+02    4.396826e+06
2.684500e+02    4.192619e+06
2.685000e+02    4.106616e+06
2.685500e+02    4.307722e+06
2.686000e+02    4.774335e+06
2.686500e+02    5.234949e+06
2.687000e+02    5.447755e+06
2.687500e+02    5.428555e+06
2.688000e+02    5.323251e+06
2.688500e+02    5.184348e+06
2.689000e+02    4.985042e+06
2.689500e+02    4.729735e+06
2.690000e+02    4.450326e+06
2.690500e+02    4.196720e+06
2.691000e+02    4.054215e+06
2.691500e+02    4.102617e+06
2.692000e+02    4.360024e+06
2.692500e+02    4.736435e+06
2.693000e+02    5.050244e+06
2.693500e+02    5.188448e+06
2.694000e+02    5.174048e+06
2.694500e+02    4.993242e+06
2.695000e+02    4.531229e+06
2.695500e+02    3.806608e+06
2.696000e+02    3.111488e+06
2.696500e+02    2.777879e+06
2.697000e+02    2.885182e+06
2.697500e+02    3.258593e+06
2.698000e+02    3.679605e+06
2.698500e+02    4.043115e+06
2.699000e+02    4.368024e+06
2.699500e+02    4.775036e+06
2.700000e+02    5.422254e+06
2.700500e+02    6.245278e+06
2.701000e+02    6.787893e+06
2.701500e+02    6.629489e+06
2.702000e+02    5.965570e+06
2.702500e+02    5.402853e+06
2.703000e+02    5.251049e+06
2.703500e+02    5.315352e+06
2.704000e+02    5.296451e+06
2.704500e+02    5.203648e+06
2.705000e+02    5.275150e+06
2.705500e+02    5.477456e+06
2.706000e+02    5.377153e+06
2.706500e+02    4.716434e+06
2.707000e+02    3.841810e+06
2.707500e+02    3.328895e+06
2.708000e+02    3.370696e+06
2.708500e+02    3.717006e+06
2.709000e+02    4.093017e+06
2.709500e+02    4.470627e+06
2.710000e+02    4.861038e+06
2.710500e+02    5.061444e+06
2.711000e+02    4.900140e+06
2.711500e+02    4.613731e+06
2.712000e+02    4.680934e+06
2.712500e+02    5.303751e+06
2.713000e+02    6.146976e+06
2.713500e+02    6.608488e+06
2.714000e+02    6.362881e+06
2.714500e+02    5.602259e+06
2.715000e+02    4.803137e+06
2.715500e+02    4.345124e+06
2.716000e+02    4.307022e+06
2.716500e+02    4.567331e+06
2.717000e+02    4.952041e+06
2.717500e+02    5.200348e+06
2.718000e+02    5.034243e+06
2.718500e+02    4.404426e+06
2.719000e+02    3.533401e+06
2.719500e+02    2.734477e+06
2.720000e+02    2.243464e+06
2.720500e+02    2.096859e+06
2.721000e+02    2.153862e+06
2.721500e+02    2.310965e+06
2.722000e+02    2.597574e+06
2.722500e+02    3.016686e+06
2.723000e+02    3.425497e+06
2.723500e+02    3.635403e+06
2.724000e+02    3.617903e+06
2.724500e+02    3.574601e+06
2.725000e+02    3.698905e+06
2.725500e+02    3.933812e+06
2.726000e+02    4.087417e+06
2.726500e+02    4.069916e+06
2.727000e+02    3.940513e+06
2.727500e+02    3.801708e+06
2.728000e+02    3.722305e+06
2.728500e+02    3.829609e+06
2.729000e+02    4.295423e+06
2.729500e+02    5.047044e+06
2.730000e+02    5.709963e+06
2.730500e+02    5.958570e+06
2.731000e+02    5.792064e+06
2.731500e+02    5.471955e+06
2.732000e+02    5.243049e+06
2.732500e+02    5.135546e+06
2.733000e+02    5.025943e+06
2.733500e+02    4.764736e+06
2.734000e+02    4.286822e+06
2.734500e+02    3.747407e+06
2.735000e+02    3.395296e+06
2.735500e+02    3.262993e+06
2.736000e+02    3.206392e+06
2.736500e+02    3.129389e+06
2.737000e+02    2.987885e+06
2.737500e+02    2.817480e+06
2.738000e+02    2.800180e+06
2.738500e+02    3.031987e+06
2.739000e+02    3.304395e+06
2.739500e+02    3.338795e+06
2.740000e+02    3.132589e+06
2.740500e+02    2.916383e+06
2.741000e+02    2.840980e+06
2.741500e+02    2.831480e+06
2.742000e+02    2.729577e+06
2.742500e+02    2.482870e+06
2.743000e+02    2.175362e+06
2.743500e+02    1.926055e+06
2.744000e+02    1.785251e+06
2.744500e+02    1.757250e+06
2.745000e+02    1.890353e+06
2.745500e+02    2.227463e+06
2.746000e+02    2.644276e+06
2.746500e+02    2.868481e+06
2.747000e+02    2.768079e+06
2.747500e+02    2.543073e+06
2.748000e+02    2.512172e+06
2.748500e+02    2.734578e+06
2.749000e+02    2.935083e+06
2.749500e+02    2.834481e+06
2.750000e+02    2.498071e+06
2.750500e+02    2.281365e+06
2.751000e+02    2.482670e+06
2.751500e+02    3.123789e+06
2.752000e+02    4.001714e+06
2.752500e+02    4.853938e+06
2.753000e+02    5.462155e+06
2.753500e+02    5.665162e+06
2.754000e+02    5.390754e+06
2.754500e+02    4.738535e+06
2.755000e+02    3.968913e+06
2.755500e+02    3.322394e+06
2.756000e+02    2.868382e+06
2.756500e+02    2.587574e+06
2.757000e+02    2.521571e+06
2.757500e+02    2.778278e+06
2.758000e+02    3.434598e+06
2.758500e+02    4.403825e+06
2.759000e+02    5.354553e+06
2.759500e+02    5.896468e+06
2.760000e+02    5.949669e+06
2.760500e+02    5.797565e+06
2.761000e+02    5.685662e+06
2.761500e+02    5.520658e+06
2.762000e+02    5.075245e+06
2.762500e+02    4.398026e+06
2.763000e+02    3.880810e+06
2.763500e+02    3.888410e+06
2.764000e+02    4.443726e+06
2.764500e+02    5.322952e+06
2.765000e+02    6.254578e+06
2.765500e+02    6.921996e+06
2.766000e+02    7.017100e+06
2.766500e+02    6.477684e+06
2.767000e+02    5.590559e+06
2.767500e+02    4.780935e+06
2.768000e+02    4.315023e+06
2.768500e+02    4.203320e+06
2.769000e+02    4.314423e+06
2.769500e+02    4.521029e+06
2.770000e+02    4.759336e+06
2.770500e+02    4.997643e+06
2.771000e+02    5.221348e+06
2.771500e+02    5.414754e+06
2.772000e+02    5.482256e+06
2.772500e+02    5.370153e+06
2.773000e+02    5.304751e+06
2.773500e+02    5.578359e+06
2.774000e+02    6.113074e+06
2.774500e+02    6.576887e+06
2.775000e+02    6.813493e+06
2.775500e+02    6.874396e+06
2.776000e+02    6.796193e+06
2.776500e+02    6.558286e+06
2.777000e+02    6.183576e+06
2.777500e+02    5.773165e+06
2.778000e+02    5.391653e+06
2.778500e+02    5.001942e+06
2.779000e+02    4.607732e+06
2.779500e+02    4.293822e+06
2.780000e+02    4.062416e+06
2.780500e+02    3.828709e+06
2.781000e+02    3.586202e+06
2.781500e+02    3.420097e+06
2.782000e+02    3.384796e+06
2.782500e+02    3.443098e+06
2.783000e+02    3.485799e+06
2.783500e+02    3.432297e+06
2.784000e+02    3.350095e+06
2.784500e+02    3.389797e+06
2.785000e+02    3.590602e+06
2.785500e+02    3.856410e+06
2.786000e+02    4.083416e+06
2.786500e+02    4.211120e+06
2.787000e+02    4.201820e+06
2.787500e+02    4.045615e+06
2.788000e+02    3.771008e+06
2.788500e+02    3.448198e+06
2.789000e+02    3.177090e+06
2.789500e+02    3.010086e+06
2.790000e+02    2.905383e+06
2.790500e+02    2.801579e+06
2.791000e+02    2.678376e+06
2.791500e+02    2.532472e+06
2.792000e+02    2.370467e+06
2.792500e+02    2.216163e+06
2.793000e+02    2.080160e+06
2.793500e+02    1.948556e+06
2.794000e+02    1.852053e+06
2.794500e+02    1.975656e+06
2.795000e+02    2.705377e+06
2.795500e+02    4.324423e+06
2.796000e+02    6.311379e+06
2.796500e+02    7.285908e+06
2.797000e+02    6.404182e+06
2.797500e+02    4.429826e+06
2.798000e+02    2.739978e+06
2.798500e+02    1.908455e+06
2.799000e+02    1.704849e+06
2.799500e+02    1.765050e+06
2.800000e+02    1.871454e+06
2.800500e+02    1.918755e+06
2.801000e+02    1.881353e+06
2.801500e+02    1.829652e+06
2.802000e+02    1.940155e+06
2.802500e+02    2.404469e+06
2.803000e+02    3.179391e+06
2.803500e+02    3.825809e+06
2.804000e+02    3.838309e+06
2.804500e+02    3.215591e+06
2.805000e+02    2.464670e+06
2.805500e+02    2.035857e+06
2.806000e+02    1.983056e+06
2.806500e+02    2.114560e+06
2.807000e+02    2.256664e+06
2.807500e+02    2.374468e+06
2.808000e+02    2.539673e+06
2.808500e+02    2.811180e+06
2.809000e+02    3.162390e+06
2.809500e+02    3.524801e+06
2.810000e+02    3.845710e+06
2.810500e+02    4.077016e+06
2.811000e+02    4.165718e+06
2.811500e+02    4.102317e+06
2.812000e+02    3.951812e+06
2.812500e+02    3.804509e+06
2.813000e+02    3.725006e+06
2.813500e+02    3.759307e+06
2.814000e+02    3.935912e+06
2.814500e+02    4.220620e+06
2.815000e+02    4.484627e+06
2.815500e+02    4.580430e+06
2.816000e+02    4.504228e+06
2.816500e+02    4.420726e+06
2.817000e+02    4.452127e+06
2.817500e+02    4.526928e+06
2.818000e+02    4.550729e+06
2.818500e+02    4.642733e+06
2.819000e+02    5.016943e+06
2.819500e+02    5.644660e+06
2.820000e+02    6.233777e+06
2.820500e+02    6.539886e+06
2.821000e+02    6.537186e+06
2.821500e+02    6.344781e+06
2.822000e+02    6.128874e+06
2.822500e+02    6.034272e+06
2.823000e+02    6.129775e+06
2.823500e+02    6.393682e+06
2.824000e+02    6.732691e+06
2.824500e+02    7.031400e+06
2.825000e+02    7.161504e+06
2.825500e+02    6.946398e+06
2.826000e+02    6.319780e+06
2.826500e+02    5.599760e+06
2.827000e+02    5.317651e+06
2.827500e+02    5.641161e+06
2.828000e+02    6.238177e+06
2.828500e+02    6.757892e+06
2.829000e+02    7.142203e+06
2.829500e+02    7.432011e+06
2.830000e+02    7.551514e+06
2.830500e+02    7.376710e+06
2.831000e+02    6.921797e+06
2.831500e+02    6.410983e+06
2.832000e+02    6.107174e+06
2.832500e+02    6.073573e+06
2.833000e+02    6.219577e+06
2.833500e+02    6.503185e+06
2.834000e+02    6.877096e+06
2.834500e+02    7.136603e+06
2.835000e+02    7.046901e+06
2.835500e+02    6.560486e+06
2.836000e+02    5.864367e+06
2.836500e+02    5.322051e+06
2.837000e+02    5.295151e+06
2.837500e+02    5.857367e+06
2.838000e+02    6.657289e+06
2.838500e+02    7.139204e+06
2.839000e+02    7.014800e+06
2.839500e+02    6.481384e+06
2.840000e+02    5.914368e+06
2.840500e+02    5.510857e+06
2.841000e+02    5.297751e+06
2.841500e+02    5.280551e+06
2.842000e+02    5.456456e+06
2.842500e+02    5.758464e+06
2.843000e+02    6.012972e+06
2.843500e+02    5.969370e+06
2.844000e+02    5.541057e+06
2.844500e+02    5.032643e+06
2.845000e+02    4.868739e+06
2.845500e+02    5.072345e+06
2.846000e+02    5.273450e+06
2.846500e+02    5.208948e+06
2.847000e+02    4.931541e+06
2.847500e+02    4.575830e+06
2.848000e+02    4.186719e+06
2.848500e+02    3.774608e+06
2.849000e+02    3.382096e+06
2.849500e+02    3.049486e+06
2.850000e+02    2.761579e+06
2.850500e+02    2.470770e+06
2.851000e+02    2.160561e+06
2.851500e+02    1.859653e+06
2.852000e+02    1.610145e+06
2.852500e+02    1.438641e+06
2.853000e+02    1.353538e+06
2.853500e+02    1.366339e+06
2.854000e+02    1.495443e+06
2.854500e+02    1.735349e+06
2.855000e+02    2.050158e+06
2.855500e+02    2.402368e+06
2.856000e+02    2.768179e+06
2.856500e+02    3.130889e+06
2.857000e+02    3.470298e+06
2.857500e+02    3.750107e+06
2.858000e+02    3.929912e+06
2.858500e+02    4.017514e+06
2.859000e+02    4.099316e+06
2.859500e+02    4.290622e+06
2.860000e+02    4.649133e+06
2.860500e+02    5.117245e+06
2.861000e+02    5.538357e+06
2.861500e+02    5.777964e+06
2.862000e+02    5.808365e+06
2.862500e+02    5.666761e+06
2.863000e+02    5.479556e+06
2.863500e+02    5.490257e+06
2.864000e+02    5.841467e+06
2.864500e+02    6.380582e+06
2.865000e+02    6.790694e+06
2.865500e+02    6.906596e+06
2.866000e+02    6.937598e+06
2.866500e+02    7.226705e+06
2.867000e+02    7.712620e+06
2.867500e+02    7.966726e+06
2.868000e+02    7.792822e+06
2.868500e+02    7.395911e+06
2.869000e+02    7.014300e+06
2.869500e+02    6.745192e+06
2.870000e+02    6.641389e+06
2.870500e+02    6.738192e+06
2.871000e+02    7.053101e+06
2.871500e+02    7.575616e+06
2.872000e+02    8.133932e+06
2.872500e+02    8.410539e+06
2.873000e+02    8.243335e+06
2.873500e+02    7.777421e+06
2.874000e+02    7.300108e+06
2.874500e+02    7.075702e+06
2.875000e+02    7.192505e+06
2.875500e+02    7.406311e+06
2.876000e+02    7.353209e+06
2.876500e+02    6.991099e+06
2.877000e+02    6.604787e+06
2.877500e+02    6.360580e+06
2.878000e+02    6.110975e+06
2.878500e+02    5.718362e+06
2.879000e+02    5.278651e+06
2.879500e+02    4.916340e+06
2.880000e+02    4.618432e+06
2.880500e+02    4.326923e+06
2.881000e+02    3.994114e+06
2.881500e+02    3.574802e+06
2.882000e+02    3.130189e+06
2.882500e+02    2.894083e+06
2.883000e+02    3.116889e+06
2.883500e+02    3.858410e+06
2.884000e+02    4.973342e+06
2.884500e+02    6.249078e+06
2.885000e+02    7.478213e+06
2.885500e+02    8.403640e+06
2.886000e+02    8.772049e+06
2.886500e+02    8.575644e+06
2.887000e+02    8.117532e+06
2.887500e+02    7.722719e+06
2.888000e+02    7.481212e+06
2.888500e+02    7.324809e+06
2.889000e+02    7.191805e+06
2.889500e+02    7.023800e+06
2.890000e+02    6.790993e+06
2.890500e+02    6.667690e+06
2.891000e+02    6.992299e+06
2.891500e+02    7.891325e+06
2.892000e+02    9.003457e+06
2.892500e+02    9.697776e+06
2.893000e+02    9.659675e+06
2.893500e+02    9.151361e+06
2.894000e+02    8.568444e+06
2.894500e+02    8.063630e+06
2.895000e+02    7.814922e+06
2.895500e+02    8.176733e+06
2.896000e+02    9.212163e+06
2.896500e+02    1.042130e+07
2.897000e+02    1.129632e+07
2.897500e+02    1.185834e+07
2.898000e+02    1.234935e+07
2.898500e+02    1.277237e+07
2.899000e+02    1.302537e+07
2.899500e+02    1.316037e+07
2.900000e+02    1.329538e+07
2.900500e+02    1.341038e+07
2.901000e+02    1.319937e+07
2.901500e+02    1.226035e+07
2.902000e+02    1.072831e+07
2.902500e+02    9.498370e+06
2.903000e+02    9.501371e+06
2.903500e+02    1.084631e+07
2.904000e+02    1.269536e+07
2.904500e+02    1.399539e+07
2.905000e+02    1.433441e+07
2.905500e+02    1.400140e+07
2.906000e+02    1.336938e+07
2.906500e+02    1.263236e+07
2.907000e+02    1.192534e+07
2.907500e+02    1.128932e+07
2.908000e+02    1.064630e+07
2.908500e+02    1.005329e+07
2.909000e+02    9.731577e+06
2.909500e+02    9.630075e+06
2.910000e+02    9.471470e+06
2.910500e+02    9.380968e+06
2.911000e+02    9.833580e+06
2.911500e+02    1.088431e+07
2.912000e+02    1.204534e+07
2.912500e+02    1.298037e+07
2.913000e+02    1.381139e+07
2.913500e+02    1.461041e+07
2.914000e+02    1.498843e+07
2.914500e+02    1.458841e+07
2.915000e+02    1.366938e+07
2.915500e+02    1.274236e+07
2.916000e+02    1.205434e+07
2.916500e+02    1.170133e+07
2.917000e+02    1.167633e+07
2.917500e+02    1.162733e+07
2.918000e+02    1.125532e+07
2.918500e+02    1.094931e+07
2.919000e+02    1.132632e+07
2.919500e+02    1.226435e+07
2.920000e+02    1.300137e+07
2.920500e+02    1.308237e+07
2.921000e+02    1.281236e+07
2.921500e+02    1.285337e+07
2.922000e+02    1.351139e+07
2.922500e+02    1.440741e+07
2.923000e+02    1.483443e+07
2.923500e+02    1.430941e+07
2.924000e+02    1.285037e+07
2.924500e+02    1.114632e+07
2.925000e+02    1.025029e+07
2.925500e+02    1.048230e+07
2.926000e+02    1.100131e+07
2.926500e+02    1.095631e+07
2.927000e+02    1.059030e+07
2.927500e+02    1.071731e+07
2.928000e+02    1.147233e+07
2.928500e+02    1.206434e+07
2.929000e+02    1.179034e+07
2.929500e+02    1.099331e+07
2.930000e+02    1.078931e+07
2.930500e+02    1.175433e+07
2.931000e+02    1.314238e+07
2.931500e+02    1.380639e+07
2.932000e+02    1.360139e+07
2.932500e+02    1.326037e+07
2.933000e+02    1.313637e+07
2.933500e+02    1.284136e+07
2.934000e+02    1.213035e+07
2.934500e+02    1.147033e+07
2.935000e+02    1.156433e+07
2.935500e+02    1.250036e+07
2.936000e+02    1.333137e+07
2.936500e+02    1.276937e+07
2.937000e+02    1.061530e+07
2.937500e+02    8.143632e+06
2.938000e+02    6.773393e+06
2.938500e+02    6.777693e+06
2.939000e+02    7.512414e+06
2.939500e+02    8.410539e+06
2.940000e+02    9.293864e+06
2.940500e+02    9.993285e+06
2.941000e+02    1.016029e+07
2.941500e+02    9.609174e+06
2.942000e+02    8.759550e+06
2.942500e+02    8.511442e+06
2.943000e+02    9.422768e+06
2.943500e+02    1.096231e+07
2.944000e+02    1.187434e+07
2.944500e+02    1.146433e+07
2.945000e+02    1.036430e+07
2.945500e+02    9.909482e+06
2.946000e+02    1.079331e+07
2.946500e+02    1.241736e+07
2.947000e+02    1.344738e+07
2.947500e+02    1.288437e+07
2.948000e+02    1.085831e+07
2.948500e+02    8.600045e+06
2.949000e+02    7.542915e+06
2.949500e+02    8.237934e+06
2.950000e+02    1.004929e+07
2.950500e+02    1.187234e+07
2.951000e+02    1.303737e+07
2.951500e+02    1.352839e+07
2.952000e+02    1.362038e+07
2.952500e+02    1.355438e+07
2.953000e+02    1.346138e+07
2.953500e+02    1.340838e+07
2.954000e+02    1.342639e+07
2.954500e+02    1.351238e+07
2.955000e+02    1.364439e+07
2.955500e+02    1.379140e+07
2.956000e+02    1.392740e+07
2.956500e+02    1.403641e+07
2.957000e+02    1.411441e+07
2.957500e+02    1.416640e+07
2.958000e+02    1.420640e+07
2.958500e+02    1.424641e+07
2.959000e+02    1.428940e+07
2.959500e+02    1.433540e+07
2.960000e+02    1.437641e+07
2.960500e+02    1.439541e+07
2.961000e+02    1.436240e+07
2.961500e+02    1.422941e+07
2.962000e+02    1.395240e+07
2.962500e+02    1.352238e+07
2.963000e+02    1.297537e+07
2.963500e+02    1.237535e+07
2.964000e+02    1.179034e+07
2.964500e+02    1.127532e+07
2.965000e+02    1.086031e+07
2.965500e+02    1.054530e+07
2.966000e+02    1.030629e+07
2.966500e+02    1.012629e+07
2.967000e+02    1.000828e+07
2.967500e+02    9.968484e+06
2.968000e+02    1.000928e+07
2.968500e+02    1.011529e+07
2.969000e+02    1.026129e+07
2.969500e+02    1.043530e+07
2.970000e+02    1.063630e+07
2.970500e+02    1.086731e+07
2.971000e+02    1.112832e+07
2.971500e+02    1.142033e+07
2.972000e+02    1.175333e+07
2.972500e+02    1.215435e+07
2.973000e+02    1.265036e+07
2.973500e+02    1.324738e+07
2.974000e+02    1.391239e+07
2.974500e+02    1.457641e+07
2.975000e+02    1.513844e+07
2.975500e+02    1.548944e+07
2.976000e+02    1.555844e+07
2.976500e+02    1.536044e+07
2.977000e+02    1.497643e+07
2.977500e+02    1.449741e+07
2.978000e+02    1.398340e+07
2.978500e+02    1.346539e+07
2.979000e+02    1.296037e+07
2.979500e+02    1.247235e+07
2.980000e+02    1.200234e+07
2.980500e+02    1.155133e+07
2.981000e+02    1.112432e+07
2.981500e+02    1.072230e+07
2.982000e+02    1.034729e+07
2.982500e+02    9.999685e+06
2.983000e+02    9.703476e+06
2.983500e+02    9.502070e+06
2.984000e+02    9.440068e+06
2.984500e+02    9.530271e+06
2.985000e+02    9.744277e+06
2.985500e+02    1.004229e+07
2.986000e+02    1.040730e+07
2.986500e+02    1.084531e+07
2.987000e+02    1.136832e+07
2.987500e+02    1.196134e+07
2.988000e+02    1.258136e+07
2.988500e+02    1.316138e+07
2.989000e+02    1.361338e+07
2.989500e+02    1.386440e+07
2.990000e+02    1.389140e+07
2.990500e+02    1.374139e+07
2.991000e+02    1.348939e+07
2.991500e+02    1.320038e+07
2.992000e+02    1.291036e+07
2.992500e+02    1.264035e+07
2.993000e+02    1.239735e+07
2.993500e+02    1.218335e+07
2.994000e+02    1.200434e+07
2.994500e+02    1.186834e+07
2.995000e+02    1.178534e+07
2.995500e+02    1.175133e+07
2.996000e+02    1.174133e+07
2.996500e+02    1.171533e+07
2.997000e+02    1.161633e+07
2.997500e+02    1.138032e+07
2.998000e+02    1.097531e+07
2.998500e+02    1.042430e+07
2.999000e+02    9.798179e+06
2.999500e+02    9.191362e+06
3.000000e+02    8.703148e+06
3.000500e+02    8.409139e+06
3.001000e+02    8.326238e+06
3.001500e+02    8.408139e+06
3.002000e+02    8.585644e+06
3.002500e+02    8.809151e+06
3.003000e+02    9.058558e+06
3.003500e+02    9.327665e+06
3.004000e+02    9.609474e+06
3.004500e+02    9.889281e+06
3.005000e+02    1.014229e+07
3.005500e+02    1.033529e+07
3.006000e+02    1.044130e+07
3.006500e+02    1.046030e+07
3.007000e+02    1.041830e+07
3.007500e+02    1.035929e+07
3.008000e+02    1.033329e+07
3.008500e+02    1.038130e+07
3.009000e+02    1.052230e+07
3.009500e+02    1.074731e+07
3.010000e+02    1.102231e+07
3.010500e+02    1.131232e+07
3.011000e+02    1.158833e+07
3.011500e+02    1.183334e+07
3.012000e+02    1.203934e+07
3.012500e+02    1.220835e+07
3.013000e+02    1.233235e+07
3.013500e+02    1.238235e+07
3.014000e+02    1.231935e+07
3.014500e+02    1.211935e+07
3.015000e+02    1.179534e+07
3.015500e+02    1.139332e+07
3.016000e+02    1.095431e+07
3.016500e+02    1.050630e+07
3.017000e+02    1.006229e+07
3.017500e+02    9.628374e+06
3.018000e+02    9.215162e+06
3.018500e+02    8.848352e+06
3.019000e+02    8.580945e+06
3.019500e+02    8.477741e+06
3.020000e+02    8.574944e+06
3.020500e+02    8.850552e+06
3.021000e+02    9.241063e+06
3.021500e+02    9.682575e+06
3.022000e+02    1.013429e+07
3.022500e+02    1.057630e+07
3.023000e+02    1.100531e+07
3.023500e+02    1.142432e+07
3.024000e+02    1.184434e+07
3.024500e+02    1.228135e+07
3.025000e+02    1.274836e+07
3.025500e+02    1.325438e+07
3.026000e+02    1.379340e+07
3.026500e+02    1.434841e+07
3.027000e+02    1.489642e+07
3.027500e+02    1.541244e+07
3.028000e+02    1.587745e+07
3.028500e+02    1.628447e+07
3.029000e+02    1.664748e+07
3.029500e+02    1.698249e+07
3.030000e+02    1.730150e+07
3.030500e+02    1.761050e+07
3.031000e+02    1.791251e+07
3.031500e+02    1.820652e+07
3.032000e+02    1.847853e+07
3.032500e+02    1.868553e+07
3.033000e+02    1.876554e+07
3.033500e+02    1.866453e+07
3.034000e+02    1.837653e+07
3.034500e+02    1.795251e+07
3.035000e+02    1.746450e+07
3.035500e+02    1.697948e+07
3.036000e+02    1.654147e+07
3.036500e+02    1.617046e+07
3.037000e+02    1.586245e+07
3.037500e+02    1.560244e+07
3.038000e+02    1.538444e+07
3.038500e+02    1.521743e+07
3.039000e+02    1.511442e+07
3.039500e+02    1.507542e+07
3.040000e+02    1.509143e+07
3.040500e+02    1.515243e+07
3.041000e+02    1.527344e+07
3.041500e+02    1.547544e+07
3.042000e+02    1.577344e+07
3.042500e+02    1.614746e+07
3.043000e+02    1.654847e+07
3.043500e+02    1.690148e+07
3.044000e+02    1.712449e+07
3.044500e+02    1.715549e+07
3.045000e+02    1.699148e+07
3.045500e+02    1.669348e+07
3.046000e+02    1.635946e+07
3.046500e+02    1.609146e+07
3.047000e+02    1.597645e+07
3.047500e+02    1.605146e+07
3.048000e+02    1.629147e+07
3.048500e+02    1.662548e+07
3.049000e+02    1.697348e+07
3.049500e+02    1.726450e+07
3.050000e+02    1.745550e+07
3.050500e+02    1.753449e+07
3.051000e+02    1.752150e+07
3.051500e+02    1.743649e+07
3.052000e+02    1.727749e+07
3.052500e+02    1.702149e+07
3.053000e+02    1.666047e+07
3.053500e+02    1.621046e+07
3.054000e+02    1.571145e+07
3.054500e+02    1.520444e+07
3.055000e+02    1.472241e+07
3.055500e+02    1.428640e+07
3.056000e+02    1.390140e+07
3.056500e+02    1.356938e+07
3.057000e+02    1.331138e+07
3.057500e+02    1.318138e+07
3.058000e+02    1.324837e+07
3.058500e+02    1.354438e+07
3.059000e+02    1.403340e+07
3.059500e+02    1.462741e+07
3.060000e+02    1.522543e+07
3.060500e+02    1.574144e+07
3.061000e+02    1.611746e+07
3.061500e+02    1.634646e+07
3.062000e+02    1.645747e+07
3.062500e+02    1.648647e+07
3.063000e+02    1.644147e+07
3.063500e+02    1.631246e+07
3.064000e+02    1.609445e+07
3.064500e+02    1.581045e+07
3.065000e+02    1.551044e+07
3.065500e+02    1.526643e+07
3.066000e+02    1.516044e+07
3.066500e+02    1.524943e+07
3.067000e+02    1.553545e+07
3.067500e+02    1.596045e+07
3.068000e+02    1.645147e+07
3.068500e+02    1.695048e+07
3.069000e+02    1.741949e+07
3.069500e+02    1.784550e+07
3.070000e+02    1.822751e+07
3.070500e+02    1.856453e+07
3.071000e+02    1.884053e+07
3.071500e+02    1.902154e+07
3.072000e+02    1.907955e+07
3.072500e+02    1.901754e+07
3.073000e+02    1.887453e+07
3.073500e+02    1.870254e+07
3.074000e+02    1.854652e+07
3.074500e+02    1.843953e+07
3.075000e+02    1.839552e+07
3.075500e+02    1.840353e+07
3.076000e+02    1.843753e+07
3.076500e+02    1.846953e+07
3.077000e+02    1.847252e+07
3.077500e+02    1.842753e+07
3.078000e+02    1.833352e+07
3.078500e+02    1.820351e+07
3.079000e+02    1.805951e+07
3.079500e+02    1.791951e+07
3.080000e+02    1.779851e+07
3.080500e+02    1.770350e+07
3.081000e+02    1.763550e+07
3.081500e+02    1.759350e+07
3.082000e+02    1.759051e+07
3.082500e+02    1.764750e+07
3.083000e+02    1.778351e+07
3.083500e+02    1.799452e+07
3.084000e+02    1.824752e+07
3.084500e+02    1.849452e+07
3.085000e+02    1.867153e+07
3.085500e+02    1.872454e+07
3.086000e+02    1.862753e+07
3.086500e+02    1.840053e+07
3.087000e+02    1.808252e+07
3.087500e+02    1.770051e+07
3.088000e+02    1.725849e+07
3.088500e+02    1.675148e+07
3.089000e+02    1.618947e+07
3.089500e+02    1.560044e+07
3.090000e+02    1.503043e+07
3.090500e+02    1.453741e+07
3.091000e+02    1.417341e+07
3.091500e+02    1.396140e+07
3.092000e+02    1.387739e+07
3.092500e+02    1.386940e+07
3.093000e+02    1.389239e+07
3.093500e+02    1.391640e+07
3.094000e+02    1.392540e+07
3.094500e+02    1.391540e+07
3.095000e+02    1.388539e+07
3.095500e+02    1.383240e+07
3.096000e+02    1.374439e+07
3.096500e+02    1.360739e+07
3.097000e+02    1.341838e+07
3.097500e+02    1.319237e+07
3.098000e+02    1.296837e+07
3.098500e+02    1.280536e+07
3.099000e+02    1.277336e+07
3.099500e+02    1.292337e+07
3.100000e+02    1.325438e+07
3.100500e+02    1.372540e+07
3.101000e+02    1.429341e+07
3.101500e+02    1.494943e+07
3.102000e+02    1.570645e+07
3.102500e+02    1.656847e+07
3.103000e+02    1.750950e+07
3.103500e+02    1.847653e+07
3.104000e+02    1.940655e+07
3.104500e+02    2.023558e+07
3.105000e+02    2.092160e+07
3.105500e+02    2.146861e+07
3.106000e+02    2.191863e+07
3.106500e+02    2.231363e+07
3.107000e+02    2.267965e+07
3.107500e+02    2.302365e+07
3.108000e+02    2.334667e+07
3.108500e+02    2.364867e+07
3.109000e+02    2.392068e+07
3.109500e+02    2.414068e+07
3.110000e+02    2.427169e+07
3.110500e+02    2.428769e+07
3.111000e+02    2.419269e+07
3.111500e+02    2.402068e+07
3.112000e+02    2.380568e+07
3.112500e+02    2.356867e+07
3.113000e+02    2.331566e+07
3.113500e+02    2.304865e+07
3.114000e+02    2.276865e+07
3.114500e+02    2.247864e+07
3.115000e+02    2.217963e+07
3.115500e+02    2.186862e+07
3.116000e+02    2.154161e+07
3.116500e+02    2.120261e+07
3.117000e+02    2.085959e+07
3.117500e+02    2.053358e+07
3.118000e+02    2.025058e+07
3.118500e+02    2.003557e+07
3.119000e+02    1.989856e+07
3.119500e+02    1.982857e+07
3.120000e+02    1.980556e+07
3.120500e+02    1.981756e+07
3.121000e+02    1.986857e+07
3.121500e+02    1.996357e+07
3.122000e+02    2.009957e+07
3.122500e+02    2.025758e+07
3.123000e+02    2.041658e+07
3.123500e+02    2.054958e+07
3.124000e+02    2.063759e+07
3.124500e+02    2.067259e+07
3.125000e+02    2.066459e+07
3.125500e+02    2.063159e+07
3.126000e+02    2.059158e+07
3.126500e+02    2.055458e+07
3.127000e+02    2.052459e+07
3.127500e+02    2.050259e+07
3.128000e+02    2.048358e+07
3.128500e+02    2.046559e+07
3.129000e+02    2.044258e+07
3.129500e+02    2.041358e+07
3.130000e+02    2.037458e+07
3.130500e+02    2.033157e+07
3.131000e+02    2.028757e+07
3.131500e+02    2.025258e+07
3.132000e+02    2.023558e+07
3.132500e+02    2.024357e+07
3.133000e+02    2.027858e+07
3.133500e+02    2.033958e+07
3.134000e+02    2.043659e+07
3.134500e+02    2.059059e+07
3.135000e+02    2.082959e+07
3.135500e+02    2.115760e+07
3.136000e+02    2.155461e+07
3.136500e+02    2.197963e+07
3.137000e+02    2.238264e+07
3.137500e+02    2.271965e+07
3.138000e+02    2.296466e+07
3.138500e+02    2.311665e+07
3.139000e+02    2.318066e+07
3.139500e+02    2.314166e+07
3.140000e+02    2.293766e+07
3.140500e+02    2.249665e+07
3.141000e+02    2.180062e+07
3.141500e+02    2.091160e+07
3.142000e+02    1.994956e+07
3.142500e+02    1.905954e+07
3.143000e+02    1.837352e+07
3.143500e+02    1.797051e+07
3.144000e+02    1.783850e+07
3.144500e+02    1.789950e+07
3.145000e+02    1.807952e+07
3.145500e+02    1.834352e+07
3.146000e+02    1.869353e+07
3.146500e+02    1.912654e+07
3.147000e+02    1.962155e+07
3.147500e+02    2.014057e+07
3.148000e+02    2.063959e+07
3.148500e+02    2.108160e+07
3.149000e+02    2.144261e+07
3.149500e+02    2.172561e+07
3.150000e+02    2.194563e+07
3.150500e+02    2.210663e+07
3.151000e+02    2.218963e+07
3.151500e+02    2.216763e+07
3.152000e+02    2.203162e+07
3.152500e+02    2.180162e+07
3.153000e+02    2.150462e+07
3.153500e+02    2.114760e+07
3.154000e+02    2.071559e+07
3.154500e+02    2.019557e+07
3.155000e+02    1.959656e+07
3.155500e+02    1.895253e+07
3.156000e+02    1.830852e+07
3.156500e+02    1.771251e+07
3.157000e+02    1.720149e+07
3.157500e+02    1.678948e+07
3.158000e+02    1.646547e+07
3.158500e+02    1.622046e+07
3.159000e+02    1.607245e+07
3.159500e+02    1.606946e+07
3.160000e+02    1.624446e+07
3.160500e+02    1.658247e+07
3.161000e+02    1.702949e+07
3.161500e+02    1.752150e+07
3.162000e+02    1.801551e+07
3.162500e+02    1.848453e+07
3.163000e+02    1.892054e+07
3.163500e+02    1.932655e+07
3.164000e+02    1.971456e+07
3.164500e+02    2.009157e+07
3.165000e+02    2.046359e+07
3.165500e+02    2.083159e+07
3.166000e+02    2.119760e+07
3.166500e+02    2.156562e+07
3.167000e+02    2.194063e+07
3.167500e+02    2.233164e+07
3.168000e+02    2.274464e+07
3.168500e+02    2.318066e+07
3.169000e+02    2.363268e+07
3.169500e+02    2.407968e+07
3.170000e+02    2.448970e+07
3.170500e+02    2.482870e+07
3.171000e+02    2.507371e+07
3.171500e+02    2.522872e+07
3.172000e+02    2.531972e+07
3.172500e+02    2.536973e+07
3.173000e+02    2.538972e+07
3.173500e+02    2.537872e+07
3.174000e+02    2.533872e+07
3.174500e+02    2.526672e+07
3.175000e+02    2.514771e+07
3.175500e+02    2.493771e+07
3.176000e+02    2.457570e+07
3.176500e+02    2.402269e+07
3.177000e+02    2.329866e+07
3.177500e+02    2.247164e+07
3.178000e+02    2.162862e+07
3.178500e+02    2.085159e+07
3.179000e+02    2.019858e+07
3.179500e+02    1.968856e+07
3.180000e+02    1.929755e+07
3.180500e+02    1.899054e+07
3.181000e+02    1.875354e+07
3.181500e+02    1.860153e+07
3.182000e+02    1.854553e+07
3.182500e+02    1.857753e+07
3.183000e+02    1.867554e+07
3.183500e+02    1.883154e+07
3.184000e+02    1.905755e+07
3.184500e+02    1.937455e+07
3.185000e+02    1.978656e+07
3.185500e+02    2.026658e+07
3.186000e+02    2.076759e+07
3.186500e+02    2.123860e+07
3.187000e+02    2.163261e+07
3.187500e+02    2.192563e+07
3.188000e+02    2.212063e+07
3.188500e+02    2.223964e+07
3.189000e+02    2.228663e+07
3.189500e+02    2.224063e+07
3.190000e+02    2.207163e+07
3.190500e+02    2.177562e+07
3.191000e+02    2.138961e+07
3.191500e+02    2.097760e+07
3.192000e+02    2.061059e+07
3.192500e+02    2.035258e+07
3.193000e+02    2.023857e+07
3.193500e+02    2.025758e+07
3.194000e+02    2.037258e+07
3.194500e+02    2.055258e+07
3.195000e+02    2.079160e+07
3.195500e+02    2.109760e+07
3.196000e+02    2.146861e+07
3.196500e+02    2.188562e+07
3.197000e+02    2.231563e+07
3.197500e+02    2.272464e+07
3.198000e+02    2.307966e+07
3.198500e+02    2.336767e+07
3.199000e+02    2.359467e+07
3.199500e+02    2.378768e+07
3.200000e+02    2.398069e+07
3.200500e+02    2.420569e+07
3.201000e+02    2.448570e+07
3.201500e+02    2.482371e+07
3.202000e+02    2.520072e+07
3.202500e+02    2.557673e+07
3.203000e+02    2.590173e+07
3.203500e+02    2.612375e+07
3.204000e+02    2.621574e+07
3.204500e+02    2.618775e+07
3.205000e+02    2.607074e+07
3.205500e+02    2.588273e+07
3.206000e+02    2.561573e+07
3.206500e+02    2.524771e+07
3.207000e+02    2.477570e+07
3.207500e+02    2.422469e+07
3.208000e+02    2.362667e+07
3.208500e+02    2.300766e+07
3.209000e+02    2.237864e+07
3.209500e+02    2.174462e+07
3.210000e+02    2.111060e+07
3.210500e+02    2.049559e+07
3.211000e+02    1.993756e+07
3.211500e+02    1.949455e+07
3.212000e+02    1.921855e+07
3.212500e+02    1.911954e+07
3.213000e+02    1.916055e+07
3.213500e+02    1.928655e+07
3.214000e+02    1.946656e+07
3.214500e+02    1.969356e+07
3.215000e+02    1.996957e+07
3.215500e+02    2.028658e+07
3.216000e+02    2.062659e+07
3.216500e+02    2.096859e+07
3.217000e+02    2.129460e+07
3.217500e+02    2.158762e+07
3.218000e+02    2.184362e+07
3.218500e+02    2.206263e+07
3.219000e+02    2.224463e+07
3.219500e+02    2.237263e+07
3.220000e+02    2.242164e+07
3.220500e+02    2.237664e+07
3.221000e+02    2.225063e+07
3.221500e+02    2.206862e+07
3.222000e+02    2.185162e+07
3.222500e+02    2.160162e+07
3.223000e+02    2.131561e+07
3.223500e+02    2.099260e+07
3.224000e+02    2.064159e+07
3.224500e+02    2.027958e+07
3.225000e+02    1.992056e+07
3.225500e+02    1.957656e+07
3.226000e+02    1.925455e+07
3.226500e+02    1.895654e+07
3.227000e+02    1.868553e+07
3.227500e+02    1.846352e+07
3.228000e+02    1.832652e+07
3.228500e+02    1.830752e+07
3.229000e+02    1.841252e+07
3.229500e+02    1.860853e+07
3.230000e+02    1.884753e+07
3.230500e+02    1.908254e+07
3.231000e+02    1.928555e+07
3.231500e+02    1.943956e+07
3.232000e+02    1.954855e+07
3.232500e+02    1.962655e+07
3.233000e+02    1.968856e+07
3.233500e+02    1.974456e+07
3.234000e+02    1.979757e+07
3.234500e+02    1.985256e+07
3.235000e+02    1.991457e+07
3.235500e+02    1.999557e+07
3.236000e+02    2.011957e+07
3.236500e+02    2.031358e+07
3.237000e+02    2.059259e+07
3.237500e+02    2.094459e+07
3.238000e+02    2.133860e+07
3.238500e+02    2.173761e+07
3.239000e+02    2.210963e+07
3.239500e+02    2.242964e+07
3.240000e+02    2.269265e+07
3.240500e+02    2.290865e+07
3.241000e+02    2.308866e+07
3.241500e+02    2.323566e+07
3.242000e+02    2.334066e+07
3.242500e+02    2.339767e+07
3.243000e+02    2.341667e+07
3.243500e+02    2.341467e+07
3.244000e+02    2.341467e+07
3.244500e+02    2.343867e+07
3.245000e+02    2.350067e+07
3.245500e+02    2.360067e+07
3.246000e+02    2.372667e+07
3.246500e+02    2.385468e+07
3.247000e+02    2.395669e+07
3.247500e+02    2.400668e+07
3.248000e+02    2.399368e+07
3.248500e+02    2.392868e+07
3.249000e+02    2.384468e+07
3.249500e+02    2.378468e+07
3.250000e+02    2.380068e+07
3.250500e+02    2.392969e+07
3.251000e+02    2.417869e+07
3.251500e+02    2.452370e+07
3.252000e+02    2.493670e+07
3.252500e+02    2.541272e+07
3.253000e+02    2.596773e+07
3.253500e+02    2.660975e+07
3.254000e+02    2.732477e+07
3.254500e+02    2.808080e+07
3.255000e+02    2.883382e+07
3.255500e+02    2.954684e+07
3.256000e+02    3.019186e+07
3.256500e+02    3.076187e+07
3.257000e+02    3.126789e+07
3.257500e+02    3.171990e+07
3.258000e+02    3.210891e+07
3.258500e+02    3.241193e+07
3.259000e+02    3.261592e+07
3.259500e+02    3.273294e+07
3.260000e+02    3.278293e+07
3.260500e+02    3.277793e+07
3.261000e+02    3.270393e+07
3.261500e+02    3.254492e+07
3.262000e+02    3.230392e+07
3.262500e+02    3.200891e+07
3.263000e+02    3.170290e+07
3.263500e+02    3.143289e+07
3.264000e+02    3.123789e+07
3.264500e+02    3.113789e+07
3.265000e+02    3.111988e+07
3.265500e+02    3.115388e+07
3.266000e+02    3.120689e+07
3.266500e+02    3.125489e+07
3.267000e+02    3.128389e+07
3.267500e+02    3.128788e+07
3.268000e+02    3.126789e+07
3.268500e+02    3.122889e+07
3.269000e+02    3.116889e+07
3.269500e+02    3.108189e+07
3.270000e+02    3.096788e+07
3.270500e+02    3.083487e+07
3.271000e+02    3.070587e+07
3.271500e+02    3.061687e+07
3.272000e+02    3.061287e+07
3.272500e+02    3.072787e+07
3.273000e+02    3.096288e+07
3.273500e+02    3.127489e+07
3.274000e+02    3.159390e+07
3.274500e+02    3.184291e+07
3.275000e+02    3.195190e+07
3.275500e+02    3.188791e+07
3.276000e+02    3.167790e+07
3.276500e+02    3.138589e+07
3.277000e+02    3.108488e+07
3.277500e+02    3.083688e+07
3.278000e+02    3.068087e+07
3.278500e+02    3.062187e+07
3.279000e+02    3.063287e+07
3.279500e+02    3.067187e+07
3.280000e+02    3.070287e+07
3.280500e+02    3.069887e+07
3.281000e+02    3.064887e+07
3.281500e+02    3.055487e+07
3.282000e+02    3.042586e+07
3.282500e+02    3.026387e+07
3.283000e+02    3.005585e+07
3.283500e+02    2.979085e+07
3.284000e+02    2.947484e+07
3.284500e+02    2.913383e+07
3.285000e+02    2.881982e+07
3.285500e+02    2.860082e+07
3.286000e+02    2.854781e+07
3.286500e+02    2.868981e+07
3.287000e+02    2.900282e+07
3.287500e+02    2.942584e+07
3.288000e+02    2.990985e+07
3.288500e+02    3.043187e+07
3.289000e+02    3.098688e+07
3.289500e+02    3.156790e+07
3.290000e+02    3.216091e+07
3.290500e+02    3.274193e+07
3.291000e+02    3.327595e+07
3.291500e+02    3.373196e+07
3.292000e+02    3.409397e+07
3.292500e+02    3.437598e+07
3.293000e+02    3.461299e+07
3.293500e+02    3.483900e+07
3.294000e+02    3.508300e+07
3.294500e+02    3.536001e+07
3.295000e+02    3.567301e+07
3.295500e+02    3.600802e+07
3.296000e+02    3.633604e+07
3.296500e+02    3.662205e+07
3.297000e+02    3.683205e+07
3.297500e+02    3.694705e+07
3.298000e+02    3.697905e+07
3.298500e+02    3.695105e+07
3.299000e+02    3.687305e+07
3.299500e+02    3.673705e+07
3.300000e+02    3.653004e+07
3.300500e+02    3.625103e+07
3.301000e+02    3.591402e+07
3.301500e+02    3.552901e+07
3.302000e+02    3.509000e+07
3.302500e+02    3.457998e+07
3.303000e+02    3.399297e+07
3.303500e+02    3.334995e+07
3.304000e+02    3.268993e+07
3.304500e+02    3.207392e+07
3.305000e+02    3.156590e+07
3.305500e+02    3.121089e+07
3.306000e+02    3.101289e+07
3.306500e+02    3.093288e+07
3.307000e+02    3.093388e+07
3.307500e+02    3.100188e+07
3.308000e+02    3.114689e+07
3.308500e+02    3.137189e+07
3.309000e+02    3.165390e+07
3.309500e+02    3.194190e+07
3.310000e+02    3.215392e+07
3.310500e+02    3.219191e+07
3.311000e+02    3.197991e+07
3.311500e+02    3.151389e+07
3.312000e+02    3.087088e+07
3.312500e+02    3.016986e+07
3.313000e+02    2.953184e+07
3.313500e+02    2.905883e+07
3.314000e+02    2.880482e+07
3.314500e+02    2.875281e+07
3.315000e+02    2.884783e+07
3.315500e+02    2.904783e+07
3.316000e+02    2.934184e+07
3.316500e+02    2.972784e+07
3.317000e+02    3.018686e+07
3.317500e+02    3.067387e+07
3.318000e+02    3.112188e+07
3.318500e+02    3.144890e+07
3.319000e+02    3.157489e+07
3.319500e+02    3.146989e+07
3.320000e+02    3.117788e+07
3.320500e+02    3.079087e+07
3.321000e+02    3.041186e+07
3.321500e+02    3.013286e+07
3.322000e+02    3.000685e+07
3.322500e+02    3.003685e+07
3.323000e+02    3.017686e+07
3.323500e+02    3.036687e+07
3.324000e+02    3.055687e+07
3.324500e+02    3.071787e+07
3.325000e+02    3.083588e+07
3.325500e+02    3.091388e+07
3.326000e+02    3.096189e+07
3.326500e+02    3.098088e+07
3.327000e+02    3.096689e+07
3.327500e+02    3.091388e+07
3.328000e+02    3.082588e+07
3.328500e+02    3.071587e+07
3.329000e+02    3.060188e+07
3.329500e+02    3.050186e+07
3.330000e+02    3.042787e+07
3.330500e+02    3.038287e+07
3.331000e+02    3.035786e+07
3.331500e+02    3.033286e+07
3.332000e+02    3.027286e+07
3.332500e+02    3.013786e+07
3.333000e+02    2.990386e+07
3.333500e+02    2.957384e+07
3.334000e+02    2.918783e+07
3.334500e+02    2.880681e+07
3.335000e+02    2.850282e+07
3.335500e+02    2.833481e+07
3.336000e+02    2.832980e+07
3.336500e+02    2.845981e+07
3.337000e+02    2.867382e+07
3.337500e+02    2.892482e+07
3.338000e+02    2.918783e+07
3.338500e+02    2.945083e+07
3.339000e+02    2.971084e+07
3.339500e+02    2.996585e+07
3.340000e+02    3.021786e+07
3.340500e+02    3.046687e+07
3.341000e+02    3.071487e+07
3.341500e+02    3.096288e+07
3.342000e+02    3.121189e+07
3.342500e+02    3.145489e+07
3.343000e+02    3.168090e+07
3.343500e+02    3.187090e+07
3.344000e+02    3.201191e+07
3.344500e+02    3.209991e+07
3.345000e+02    3.214391e+07
3.345500e+02    3.214291e+07
3.346000e+02    3.207892e+07
3.346500e+02    3.192791e+07
3.347000e+02    3.168191e+07
3.347500e+02    3.136689e+07
3.348000e+02    3.104388e+07
3.348500e+02    3.080188e+07
3.349000e+02    3.074088e+07
3.349500e+02    3.092988e+07
3.350000e+02    3.136090e+07
3.350500e+02    3.195591e+07
3.351000e+02    3.260993e+07
3.351500e+02    3.323695e+07
3.352000e+02    3.377397e+07
3.352500e+02    3.419897e+07
3.353000e+02    3.451799e+07
3.353500e+02    3.473899e+07
3.354000e+02    3.483299e+07
3.354500e+02    3.473198e+07
3.355000e+02    3.438098e+07
3.355500e+02    3.378597e+07
3.356000e+02    3.300993e+07
3.356500e+02    3.210891e+07
3.357000e+02    3.109688e+07
3.357500e+02    2.995685e+07
3.358000e+02    2.868681e+07
3.358500e+02    2.732878e+07
3.359000e+02    2.598274e+07
3.359500e+02    2.479970e+07
3.360000e+02    2.395869e+07
3.360500e+02    2.358067e+07
3.361000e+02    2.365268e+07
3.361500e+02    2.403969e+07
3.362000e+02    2.458570e+07
3.362500e+02    2.518272e+07
3.363000e+02    2.577874e+07
3.363500e+02    2.635075e+07
3.364000e+02    2.688676e+07
3.364500e+02    2.736078e+07
3.365000e+02    2.770879e+07
3.365500e+02    2.783679e+07
3.366000e+02    2.768079e+07
3.366500e+02    2.725478e+07
3.367000e+02    2.664875e+07
3.367500e+02    2.597074e+07
3.368000e+02    2.531072e+07
3.368500e+02    2.472571e+07
3.369000e+02    2.423769e+07
3.369500e+02    2.384167e+07
3.370000e+02    2.353867e+07
3.370500e+02    2.336567e+07
3.371000e+02    2.339767e+07
3.371500e+02    2.369168e+07
3.372000e+02    2.423569e+07
3.372500e+02    2.495671e+07
3.373000e+02    2.577473e+07
3.373500e+02    2.664276e+07
3.374000e+02    2.754479e+07
3.374500e+02    2.847082e+07
3.375000e+02    2.939884e+07
3.375500e+02    3.027186e+07
3.376000e+02    3.097988e+07
3.376500e+02    3.138389e+07
3.377000e+02    3.138790e+07
3.377500e+02    3.101188e+07
3.378000e+02    3.038686e+07
3.378500e+02    2.967585e+07
3.379000e+02    2.901982e+07
3.379500e+02    2.851081e+07
3.380000e+02    2.818480e+07
3.380500e+02    2.801579e+07
3.381000e+02    2.795979e+07
3.381500e+02    2.799480e+07
3.382000e+02    2.813580e+07
3.382500e+02    2.840081e+07
3.383000e+02    2.877782e+07
3.383500e+02    2.922883e+07
3.384000e+02    2.970485e+07
3.384500e+02    3.016786e+07
3.385000e+02    3.058987e+07
3.385500e+02    3.096088e+07
3.386000e+02    3.127389e+07
3.386500e+02    3.150690e+07
3.387000e+02    3.159189e+07
3.387500e+02    3.142490e+07
3.388000e+02    3.093188e+07
3.388500e+02    3.013786e+07
3.389000e+02    2.916083e+07
3.389500e+02    2.816280e+07
3.390000e+02    2.730678e+07
3.390500e+02    2.671776e+07
3.391000e+02    2.643976e+07
3.391500e+02    2.642276e+07
3.392000e+02    2.658075e+07
3.392500e+02    2.686276e+07
3.393000e+02    2.727078e+07
3.393500e+02    2.782279e+07
3.394000e+02    2.850681e+07
3.394500e+02    2.928183e+07
3.395000e+02    3.009886e+07
3.395500e+02    3.092289e+07
3.396000e+02    3.173490e+07
3.396500e+02    3.252492e+07
3.397000e+02    3.329095e+07
3.397500e+02    3.402797e+07
3.398000e+02    3.471399e+07
3.398500e+02    3.531601e+07
3.399000e+02    3.580802e+07
3.399500e+02    3.619103e+07
3.400000e+02    3.647904e+07
3.400500e+02    3.667004e+07
3.401000e+02    3.672104e+07
3.401500e+02    3.657704e+07
3.402000e+02    3.622403e+07
3.402500e+02    3.570302e+07
3.403000e+02    3.508900e+07
3.403500e+02    3.444298e+07
3.404000e+02    3.380396e+07
3.404500e+02    3.318795e+07
3.405000e+02    3.259993e+07
3.405500e+02    3.204192e+07
3.406000e+02    3.152990e+07
3.406500e+02    3.109889e+07
3.407000e+02    3.078688e+07
3.407500e+02    3.060787e+07
3.408000e+02    3.053588e+07
3.408500e+02    3.052187e+07
3.409000e+02    3.052386e+07
3.409500e+02    3.050887e+07
3.410000e+02    3.045987e+07
3.410500e+02    3.037186e+07
3.411000e+02    3.024386e+07
3.411500e+02    3.006686e+07
3.412000e+02    2.981584e+07
3.412500e+02    2.946583e+07
3.413000e+02    2.901282e+07
3.413500e+02    2.849581e+07
3.414000e+02    2.799080e+07
3.414500e+02    2.761378e+07
3.415000e+02    2.749478e+07
3.415500e+02    2.771579e+07
3.416000e+02    2.825281e+07
3.416500e+02    2.899782e+07
3.417000e+02    2.982084e+07
3.417500e+02    3.062287e+07
3.418000e+02    3.134089e+07
3.418500e+02    3.195291e+07
3.419000e+02    3.246793e+07
3.419500e+02    3.289793e+07
3.420000e+02    3.322094e+07
3.420500e+02    3.338795e+07
3.421000e+02    3.335996e+07
3.421500e+02    3.315395e+07
3.422000e+02    3.283393e+07
3.422500e+02    3.247392e+07
3.423000e+02    3.213692e+07
3.423500e+02    3.186390e+07
3.424000e+02    3.166790e+07
3.424500e+02    3.153990e+07
3.425000e+02    3.146790e+07
3.425500e+02    3.146189e+07
3.426000e+02    3.154789e+07
3.426500e+02    3.174690e+07
3.427000e+02    3.205091e+07
3.427500e+02    3.242092e+07
3.428000e+02    3.280594e+07
3.428500e+02    3.316095e+07
3.429000e+02    3.345195e+07
3.429500e+02    3.366395e+07
3.430000e+02    3.380596e+07
3.430500e+02    3.388397e+07
3.431000e+02    3.388696e+07
3.431500e+02    3.377896e+07
3.432000e+02    3.353895e+07
3.432500e+02    3.317894e+07
3.433000e+02    3.274593e+07
3.433500e+02    3.228792e+07
3.434000e+02    3.184591e+07
3.434500e+02    3.143989e+07
3.435000e+02    3.107488e+07
3.435500e+02    3.073088e+07
3.436000e+02    3.036687e+07
3.436500e+02    2.991485e+07
3.437000e+02    2.929683e+07
3.437500e+02    2.846181e+07
3.438000e+02    2.743078e+07
3.438500e+02    2.627575e+07
3.439000e+02    2.509171e+07
3.439500e+02    2.396068e+07
3.440000e+02    2.294065e+07
3.440500e+02    2.205362e+07
3.441000e+02    2.128760e+07
3.441500e+02    2.064058e+07
3.442000e+02    2.016158e+07
3.442500e+02    1.994256e+07
3.443000e+02    2.004958e+07
3.443500e+02    2.046058e+07
3.444000e+02    2.108060e+07
3.444500e+02    2.180762e+07
3.445000e+02    2.257765e+07
3.445500e+02    2.336166e+07
3.446000e+02    2.414568e+07
3.446500e+02    2.492471e+07
3.447000e+02    2.569673e+07
3.447500e+02    2.646176e+07
3.448000e+02    2.721678e+07
3.448500e+02    2.796280e+07
3.449000e+02    2.869782e+07
3.449500e+02    2.941384e+07
3.450000e+02    3.008285e+07
3.450500e+02    3.065788e+07
3.451000e+02    3.109189e+07
3.451500e+02    3.137389e+07
3.452000e+02    3.153089e+07
3.452500e+02    3.160790e+07
3.453000e+02    3.163190e+07
3.453500e+02    3.160290e+07
3.454000e+02    3.151589e+07
3.454500e+02    3.137290e+07
3.455000e+02    3.118489e+07
3.455500e+02    3.095288e+07
3.456000e+02    3.066288e+07
3.456500e+02    3.029486e+07
3.457000e+02    2.984385e+07
3.457500e+02    2.933284e+07
3.458000e+02    2.880582e+07
3.458500e+02    2.831881e+07
3.459000e+02    2.792380e+07
3.459500e+02    2.765679e+07
3.460000e+02    2.751178e+07
3.460500e+02    2.745878e+07
3.461000e+02    2.746978e+07
3.461500e+02    2.754179e+07
3.462000e+02    2.768478e+07
3.462500e+02    2.789879e+07
3.463000e+02    2.816580e+07
3.463500e+02    2.845880e+07
3.464000e+02    2.875182e+07
3.464500e+02    2.902982e+07
3.465000e+02    2.928483e+07
3.465500e+02    2.952084e+07
3.466000e+02    2.974585e+07
3.466500e+02    2.997186e+07
3.467000e+02    3.020785e+07
3.467500e+02    3.045887e+07
3.468000e+02    3.072388e+07
3.468500e+02    3.098788e+07
3.469000e+02    3.121889e+07
3.469500e+02    3.135890e+07
3.470000e+02    3.133489e+07
3.470500e+02    3.110089e+07
3.471000e+02    3.067288e+07
3.471500e+02    3.011186e+07
3.472000e+02    2.947783e+07
3.472500e+02    2.880482e+07
3.473000e+02    2.810480e+07
3.473500e+02    2.738678e+07
3.474000e+02    2.667276e+07
3.474500e+02    2.601374e+07
3.475000e+02    2.550373e+07
3.475500e+02    2.525872e+07
3.476000e+02    2.534972e+07
3.476500e+02    2.574973e+07
3.477000e+02    2.635075e+07
3.477500e+02    2.703377e+07
3.478000e+02    2.770979e+07
3.478500e+02    2.832680e+07
3.479000e+02    2.886783e+07
3.479500e+02    2.933883e+07
3.480000e+02    2.974685e+07
3.480500e+02    3.007986e+07
3.481000e+02    3.030586e+07
3.481500e+02    3.040087e+07
3.482000e+02    3.038087e+07
3.482500e+02    3.028787e+07
3.483000e+02    3.017086e+07
3.483500e+02    3.006885e+07
3.484000e+02    3.000586e+07
3.484500e+02    2.998585e+07
3.485000e+02    2.999686e+07
3.485500e+02    3.000685e+07
3.486000e+02    2.997385e+07
3.486500e+02    2.985085e+07
3.487000e+02    2.960985e+07
3.487500e+02    2.925883e+07
3.488000e+02    2.883382e+07
3.488500e+02    2.837580e+07
3.489000e+02    2.791880e+07
3.489500e+02    2.748079e+07
3.490000e+02    2.707177e+07
3.490500e+02    2.669676e+07
3.491000e+02    2.636875e+07
3.491500e+02    2.611974e+07
3.492000e+02    2.599973e+07
3.492500e+02    2.603974e+07
3.493000e+02    2.622175e+07
3.493500e+02    2.649376e+07
3.494000e+02    2.679777e+07
3.494500e+02    2.709077e+07
3.495000e+02    2.734677e+07
3.495500e+02    2.756278e+07
3.496000e+02    2.775879e+07
3.496500e+02    2.798080e+07
3.497000e+02    2.830381e+07
3.497500e+02    2.881182e+07
3.498000e+02    2.955484e+07
3.498500e+02    3.050887e+07
3.499000e+02    3.158590e+07
3.499500e+02    3.267493e+07
3.500000e+02    3.366895e+07
3.500500e+02    3.448899e+07
3.501000e+02    3.511399e+07
3.501500e+02    3.557701e+07
3.502000e+02    3.592703e+07
3.502500e+02    3.617903e+07
3.503000e+02    3.631303e+07
3.503500e+02    3.631003e+07
3.504000e+02    3.618202e+07
3.504500e+02    3.596902e+07
3.505000e+02    3.570402e+07
3.505500e+02    3.539901e+07
3.506000e+02    3.505100e+07
3.506500e+02    3.465499e+07
3.507000e+02    3.422297e+07
3.507500e+02    3.377596e+07
3.508000e+02    3.333594e+07
3.508500e+02    3.292594e+07
3.509000e+02    3.256293e+07
3.509500e+02    3.224792e+07
3.510000e+02    3.196691e+07
3.510500e+02    3.169191e+07
3.511000e+02    3.139889e+07
3.511500e+02    3.106489e+07
3.512000e+02    3.068488e+07
3.512500e+02    3.028087e+07
3.513000e+02    2.991185e+07
3.513500e+02    2.967184e+07
3.514000e+02    2.967184e+07
3.514500e+02    2.997585e+07
3.515000e+02    3.055687e+07
3.515500e+02    3.130589e+07
3.516000e+02    3.208991e+07
3.516500e+02    3.278894e+07
3.517000e+02    3.331695e+07
3.517500e+02    3.364596e+07
3.518000e+02    3.380396e+07
3.518500e+02    3.383096e+07
3.519000e+02    3.372396e+07
3.519500e+02    3.344296e+07
3.520000e+02    3.295494e+07
3.520500e+02    3.228392e+07
3.521000e+02    3.149490e+07
3.521500e+02    3.064987e+07
3.522000e+02    2.979184e+07
3.522500e+02    2.893883e+07
3.523000e+02    2.810080e+07
3.523500e+02    2.729378e+07
3.524000e+02    2.656575e+07
3.524500e+02    2.601274e+07
3.525000e+02    2.575674e+07
3.525500e+02    2.587174e+07
3.526000e+02    2.632675e+07
3.526500e+02    2.700777e+07
3.527000e+02    2.779980e+07
3.527500e+02    2.862982e+07
3.528000e+02    2.946484e+07
3.528500e+02    3.029287e+07
3.529000e+02    3.110089e+07
3.529500e+02    3.186591e+07
3.530000e+02    3.254093e+07
3.530500e+02    3.306595e+07
3.531000e+02    3.340595e+07
3.531500e+02    3.358296e+07
3.532000e+02    3.365895e+07
3.532500e+02    3.370996e+07
3.533000e+02    3.379496e+07
3.533500e+02    3.395296e+07
3.534000e+02    3.419397e+07
3.534500e+02    3.449899e+07
3.535000e+02    3.483799e+07
3.535500e+02    3.518900e+07
3.536000e+02    3.554101e+07
3.536500e+02    3.588702e+07
3.537000e+02    3.622703e+07
3.537500e+02    3.655204e+07
3.538000e+02    3.684005e+07
3.538500e+02    3.705606e+07
3.539000e+02    3.716406e+07
3.539500e+02    3.715506e+07
3.540000e+02    3.706205e+07
3.540500e+02    3.693905e+07
3.541000e+02    3.685005e+07
3.541500e+02    3.685005e+07
3.542000e+02    3.697006e+07
3.542500e+02    3.719906e+07
3.543000e+02    3.749407e+07
3.543500e+02    3.779708e+07
3.544000e+02    3.805408e+07
3.544500e+02    3.822508e+07
3.545000e+02    3.829810e+07
3.545500e+02    3.829109e+07
3.546000e+02    3.823409e+07
3.546500e+02    3.814208e+07
3.547000e+02    3.801708e+07
3.547500e+02    3.785608e+07
3.548000e+02    3.766507e+07
3.548500e+02    3.745307e+07
3.549000e+02    3.722906e+07
3.549500e+02    3.699305e+07
3.550000e+02    3.674705e+07
3.550500e+02    3.648704e+07
3.551000e+02    3.621403e+07
3.551500e+02    3.592502e+07
3.552000e+02    3.560901e+07
3.552500e+02    3.525200e+07
3.553000e+02    3.484699e+07
3.553500e+02    3.440198e+07
3.554000e+02    3.394297e+07
3.554500e+02    3.351196e+07
3.555000e+02    3.315694e+07
3.555500e+02    3.291693e+07
3.556000e+02    3.280094e+07
3.556500e+02    3.278194e+07
3.557000e+02    3.281993e+07
3.557500e+02    3.288793e+07
3.558000e+02    3.297694e+07
3.558500e+02    3.308594e+07
3.559000e+02    3.320995e+07
3.559500e+02    3.333895e+07
3.560000e+02    3.345296e+07
3.560500e+02    3.352695e+07
3.561000e+02    3.353796e+07
3.561500e+02    3.347496e+07
3.562000e+02    3.333795e+07
3.562500e+02    3.310794e+07
3.563000e+02    3.272093e+07
3.563500e+02    3.208791e+07
3.564000e+02    3.115789e+07
3.564500e+02    2.996986e+07
3.565000e+02    2.864182e+07
3.565500e+02    2.732178e+07
3.566000e+02    2.615474e+07
3.566500e+02    2.524572e+07
3.567000e+02    2.461870e+07
3.567500e+02    2.421069e+07
3.568000e+02    2.393669e+07
3.568500e+02    2.374268e+07
3.569000e+02    2.361667e+07
3.569500e+02    2.356367e+07
3.570000e+02    2.357867e+07
3.570500e+02    2.365067e+07
3.571000e+02    2.378268e+07
3.571500e+02    2.399668e+07
3.572000e+02    2.432169e+07
3.572500e+02    2.475770e+07
3.573000e+02    2.527272e+07
3.573500e+02    2.581274e+07
3.574000e+02    2.631574e+07
3.574500e+02    2.673177e+07
3.575000e+02    2.703076e+07
3.575500e+02    2.721578e+07
3.576000e+02    2.729577e+07
3.576500e+02    2.724877e+07
3.577000e+02    2.700377e+07
3.577500e+02    2.648775e+07
3.578000e+02    2.568873e+07
3.578500e+02    2.468371e+07
3.579000e+02    2.359267e+07
3.579500e+02    2.253264e+07
3.580000e+02    2.159462e+07
3.580500e+02    2.082259e+07
3.581000e+02    2.020757e+07
3.581500e+02    1.970456e+07
3.582000e+02    1.928354e+07
3.582500e+02    1.894554e+07
3.583000e+02    1.870454e+07
3.583500e+02    1.856552e+07
3.584000e+02    1.850952e+07
3.584500e+02    1.852152e+07
3.585000e+02    1.861452e+07
3.585500e+02    1.882053e+07
3.586000e+02    1.916154e+07
3.586500e+02    1.962756e+07
3.587000e+02    2.019358e+07
3.587500e+02    2.085359e+07
3.588000e+02    2.163761e+07
3.588500e+02    2.258664e+07
3.589000e+02    2.370467e+07
3.589500e+02    2.494471e+07
3.590000e+02    2.622875e+07
3.590500e+02    2.747379e+07
3.591000e+02    2.860982e+07
3.591500e+02    2.960084e+07
3.592000e+02    3.045987e+07
3.592500e+02    3.123389e+07
3.593000e+02    3.197791e+07
3.593500e+02    3.273294e+07
3.594000e+02    3.352495e+07
3.594500e+02    3.435997e+07
3.595000e+02    3.522000e+07
3.595500e+02    3.606803e+07
3.596000e+02    3.684604e+07
3.596500e+02    3.749307e+07
3.597000e+02    3.797508e+07
3.597500e+02    3.830308e+07
3.598000e+02    3.851409e+07
3.598500e+02    3.862210e+07
3.599000e+02    3.859910e+07
3.599500e+02    3.840609e+07
3.600000e+02    3.803309e+07
3.600500e+02    3.751706e+07
3.601000e+02    3.690906e+07
3.601500e+02    3.623703e+07
3.602000e+02    3.550001e+07
3.602500e+02    3.469599e+07
3.603000e+02    3.383896e+07
3.603500e+02    3.295593e+07
3.604000e+02    3.207892e+07
3.604500e+02    3.124189e+07
3.605000e+02    3.046587e+07
3.605500e+02    2.975685e+07
3.606000e+02    2.910283e+07
3.606500e+02    2.849381e+07
3.607000e+02    2.793880e+07
3.607500e+02    2.745679e+07
3.608000e+02    2.706677e+07
3.608500e+02    2.676276e+07
3.609000e+02    2.653875e+07
3.609500e+02    2.641175e+07
3.610000e+02    2.643776e+07
3.610500e+02    2.667276e+07
3.611000e+02    2.712277e+07
3.611500e+02    2.772880e+07
3.612000e+02    2.839581e+07
3.612500e+02    2.902982e+07
3.613000e+02    2.955784e+07
3.613500e+02    2.993985e+07
3.614000e+02    3.018686e+07
3.614500e+02    3.032386e+07
3.615000e+02    3.035986e+07
3.615500e+02    3.025986e+07
3.616000e+02    2.998285e+07
3.616500e+02    2.952584e+07
3.617000e+02    2.893883e+07
3.617500e+02    2.831180e+07
3.618000e+02    2.773878e+07
3.618500e+02    2.730478e+07
3.619000e+02    2.705278e+07
3.619500e+02    2.697577e+07
3.620000e+02    2.704477e+07
3.620500e+02    2.725978e+07
3.621000e+02    2.767079e+07
3.621500e+02    2.833880e+07
3.622000e+02    2.926783e+07
3.622500e+02    3.038686e+07
3.623000e+02    3.158990e+07
3.623500e+02    3.277993e+07
3.624000e+02    3.388996e+07
3.624500e+02    3.488699e+07
3.625000e+02    3.577602e+07
3.625500e+02    3.657105e+07
3.626000e+02    3.725306e+07
3.626500e+02    3.776507e+07
3.627000e+02    3.803908e+07
3.627500e+02    3.806308e+07
3.628000e+02    3.787707e+07
3.628500e+02    3.752507e+07
3.629000e+02    3.699305e+07
3.629500e+02    3.621903e+07
3.630000e+02    3.516900e+07
3.630500e+02    3.388996e+07
3.631000e+02    3.251193e+07
3.631500e+02    3.121189e+07
3.632000e+02    3.018386e+07
3.632500e+02    2.957884e+07
3.633000e+02    2.942183e+07
3.633500e+02    2.960985e+07
3.634000e+02    2.999886e+07
3.634500e+02    3.048986e+07
3.635000e+02    3.104689e+07
3.635500e+02    3.166190e+07
3.636000e+02    3.232192e+07
3.636500e+02    3.300493e+07
3.637000e+02    3.368796e+07
3.637500e+02    3.434598e+07
3.638000e+02    3.496400e+07
3.638500e+02    3.553502e+07
3.639000e+02    3.606002e+07
3.639500e+02    3.652604e+07
3.640000e+02    3.689105e+07
3.640500e+02    3.709605e+07
3.641000e+02    3.710706e+07
3.641500e+02    3.694305e+07
3.642000e+02    3.665504e+07
3.642500e+02    3.628303e+07
3.643000e+02    3.583202e+07
3.643500e+02    3.529300e+07
3.644000e+02    3.466999e+07
3.644500e+02    3.398797e+07
3.645000e+02    3.328895e+07
3.645500e+02    3.261693e+07
3.646000e+02    3.200891e+07
3.646500e+02    3.148389e+07
3.647000e+02    3.104088e+07
3.647500e+02    3.068287e+07
3.648000e+02    3.044987e+07
3.648500e+02    3.042586e+07
3.649000e+02    3.069287e+07
3.649500e+02    3.126489e+07
3.650000e+02    3.206991e+07
3.650500e+02    3.300993e+07
3.651000e+02    3.402097e+07
3.651500e+02    3.507900e+07
3.652000e+02    3.617803e+07
3.652500e+02    3.730607e+07
3.653000e+02    3.843609e+07
3.653500e+02    3.952913e+07
3.654000e+02    4.053116e+07
3.654500e+02    4.140018e+07
3.655000e+02    4.212919e+07
3.655500e+02    4.274622e+07
3.656000e+02    4.329023e+07
3.656500e+02    4.377425e+07
3.657000e+02    4.419326e+07
3.657500e+02    4.453726e+07
3.658000e+02    4.481328e+07
3.658500e+02    4.503828e+07
3.659000e+02    4.521429e+07
3.659500e+02    4.532729e+07
3.660000e+02    4.535730e+07
3.660500e+02    4.530128e+07
3.661000e+02    4.518029e+07
3.661500e+02    4.501929e+07
3.662000e+02    4.483127e+07
3.662500e+02    4.462026e+07
3.663000e+02    4.438427e+07
3.663500e+02    4.412726e+07
3.664000e+02    4.385624e+07
3.664500e+02    4.357624e+07
3.665000e+02    4.328923e+07
3.665500e+02    4.299523e+07
3.666000e+02    4.269321e+07
3.666500e+02    4.238920e+07
3.667000e+02    4.209420e+07
3.667500e+02    4.182919e+07
3.668000e+02    4.161919e+07
3.668500e+02    4.147818e+07
3.669000e+02    4.140518e+07
3.669500e+02    4.139118e+07
3.670000e+02    4.144118e+07
3.670500e+02    4.158318e+07
3.671000e+02    4.184419e+07
3.671500e+02    4.222320e+07
3.672000e+02    4.267821e+07
3.672500e+02    4.314322e+07
3.673000e+02    4.353924e+07
3.673500e+02    4.379425e+07
3.674000e+02    4.387125e+07
3.674500e+02    4.378625e+07
3.675000e+02    4.357624e+07
3.675500e+02    4.325423e+07
3.676000e+02    4.279022e+07
3.676500e+02    4.214520e+07
3.677000e+02    4.131617e+07
3.677500e+02    4.036015e+07
3.678000e+02    3.937412e+07
3.678500e+02    3.846509e+07
3.679000e+02    3.772607e+07
3.679500e+02    3.720605e+07
3.680000e+02    3.688706e+07
3.680500e+02    3.671005e+07
3.681000e+02    3.662804e+07
3.681500e+02    3.662904e+07
3.682000e+02    3.672205e+07
3.682500e+02    3.689905e+07
3.683000e+02    3.712606e+07
3.683500e+02    3.734507e+07
3.684000e+02    3.748306e+07
3.684500e+02    3.746907e+07
3.685000e+02    3.726706e+07
3.685500e+02    3.690705e+07
3.686000e+02    3.646804e+07
3.686500e+02    3.606202e+07
3.687000e+02    3.580402e+07
3.687500e+02    3.578102e+07
3.688000e+02    3.601203e+07
3.688500e+02    3.644504e+07
3.689000e+02    3.701206e+07
3.689500e+02    3.768407e+07
3.690000e+02    3.846410e+07
3.690500e+02    3.935912e+07
3.691000e+02    4.034015e+07
3.691500e+02    4.133918e+07
3.692000e+02    4.225621e+07
3.692500e+02    4.297322e+07
3.693000e+02    4.339524e+07
3.693500e+02    4.351424e+07
3.694000e+02    4.341023e+07
3.694500e+02    4.320523e+07
3.695000e+02    4.300222e+07
3.695500e+02    4.287222e+07
3.696000e+02    4.284622e+07
3.696500e+02    4.291723e+07
3.697000e+02    4.305623e+07
3.697500e+02    4.324123e+07
3.698000e+02    4.346524e+07
3.698500e+02    4.372624e+07
3.699000e+02    4.401625e+07
3.699500e+02    4.430726e+07
3.700000e+02    4.454226e+07
3.700500e+02    4.463027e+07
3.701000e+02    4.447126e+07
3.701500e+02    4.401325e+07
3.702000e+02    4.329023e+07
3.702500e+02    4.238621e+07
3.703000e+02    4.137017e+07
3.703500e+02    4.026215e+07
3.704000e+02    3.905611e+07
3.704500e+02    3.776207e+07
3.705000e+02    3.642604e+07
3.705500e+02    3.513300e+07
3.706000e+02    3.401196e+07
3.706500e+02    3.319595e+07
3.707000e+02    3.275393e+07
3.707500e+02    3.265293e+07
3.708000e+02    3.279993e+07
3.708500e+02    3.313994e+07
3.709000e+02    3.369196e+07
3.709500e+02    3.450198e+07
3.710000e+02    3.557001e+07
3.710500e+02    3.682604e+07
3.711000e+02    3.816608e+07
3.711500e+02    3.950212e+07
3.712000e+02    4.077016e+07
3.712500e+02    4.194020e+07
3.713000e+02    4.300422e+07
3.713500e+02    4.395025e+07
3.714000e+02    4.470828e+07
3.714500e+02    4.514728e+07
3.715000e+02    4.514429e+07
3.715500e+02    4.468227e+07
3.716000e+02    4.385925e+07
3.716500e+02    4.278821e+07
3.717000e+02    4.150718e+07
3.717500e+02    3.998014e+07
3.718000e+02    3.818509e+07
3.718500e+02    3.617403e+07
3.719000e+02    3.407697e+07
3.719500e+02    3.208092e+07
3.720000e+02    3.039287e+07
3.720500e+02    2.917283e+07
3.721000e+02    2.844981e+07
3.721500e+02    2.812079e+07
3.722000e+02    2.806380e+07
3.722500e+02    2.823880e+07
3.723000e+02    2.868481e+07
3.723500e+02    2.942784e+07
3.724000e+02    3.041686e+07
3.724500e+02    3.152990e+07
3.725000e+02    3.261293e+07
3.725500e+02    3.351695e+07
3.726000e+02    3.413597e+07
3.726500e+02    3.445499e+07
3.727000e+02    3.454698e+07
3.727500e+02    3.451498e+07
3.728000e+02    3.443498e+07
3.728500e+02    3.434297e+07
3.729000e+02    3.424797e+07
3.729500e+02    3.414397e+07
3.730000e+02    3.399496e+07
3.730500e+02    3.372497e+07
3.731000e+02    3.321495e+07
3.731500e+02    3.236793e+07
3.732000e+02    3.117489e+07
3.732500e+02    2.973385e+07
3.733000e+02    2.819780e+07
3.733500e+02    2.671076e+07
3.734000e+02    2.538272e+07
3.734500e+02    2.426869e+07
3.735000e+02    2.335966e+07
3.735500e+02    2.263664e+07
3.736000e+02    2.213563e+07
3.736500e+02    2.197362e+07
3.737000e+02    2.227064e+07
3.737500e+02    2.303266e+07
3.738000e+02    2.413769e+07
3.738500e+02    2.540673e+07
3.739000e+02    2.668777e+07
3.739500e+02    2.788480e+07
3.740000e+02    2.894882e+07
3.740500e+02    2.987686e+07
3.741000e+02    3.066187e+07
3.741500e+02    3.124189e+07
3.742000e+02    3.148790e+07
3.742500e+02    3.127889e+07
3.743000e+02    3.060787e+07
3.743500e+02    2.960084e+07
3.744000e+02    2.843781e+07
3.744500e+02    2.727078e+07
3.745000e+02    2.620074e+07
3.745500e+02    2.527072e+07
3.746000e+02    2.447570e+07
3.746500e+02    2.379668e+07
3.747000e+02    2.324566e+07
3.747500e+02    2.287965e+07
3.748000e+02    2.276265e+07
3.748500e+02    2.290465e+07
3.749000e+02    2.325866e+07
3.749500e+02    2.378368e+07
3.750000e+02    2.450170e+07
3.750500e+02    2.548072e+07
3.751000e+02    2.675676e+07
3.751500e+02    2.828580e+07
3.752000e+02    2.995486e+07
3.752500e+02    3.163290e+07
3.753000e+02    3.320495e+07
3.753500e+02    3.459098e+07
3.754000e+02    3.577202e+07
3.754500e+02    3.676504e+07
3.755000e+02    3.756606e+07
3.755500e+02    3.808608e+07
3.756000e+02    3.819009e+07
3.756500e+02    3.780907e+07
3.757000e+02    3.701206e+07
3.757500e+02    3.597803e+07
3.758000e+02    3.490899e+07
3.758500e+02    3.397796e+07
3.759000e+02    3.329694e+07
3.759500e+02    3.288594e+07
3.760000e+02    3.268293e+07
3.760500e+02    3.259892e+07
3.761000e+02    3.256793e+07
3.761500e+02    3.256093e+07
3.762000e+02    3.256393e+07
3.762500e+02    3.257192e+07
3.763000e+02    3.257892e+07
3.763500e+02    3.258593e+07
3.764000e+02    3.259693e+07
3.764500e+02    3.261792e+07
3.765000e+02    3.265293e+07
3.765500e+02    3.271393e+07
3.766000e+02    3.282594e+07
3.766500e+02    3.304194e+07
3.767000e+02    3.342596e+07
3.767500e+02    3.401097e+07
3.768000e+02    3.477299e+07
3.768500e+02    3.564702e+07
3.769000e+02    3.656804e+07
3.769500e+02    3.749407e+07
3.770000e+02    3.840409e+07
3.770500e+02    3.928912e+07
3.771000e+02    4.014614e+07
3.771500e+02    4.096517e+07
3.772000e+02    4.171818e+07
3.772500e+02    4.236720e+07
3.773000e+02    4.289422e+07
3.773500e+02    4.331323e+07
3.774000e+02    4.366324e+07
3.774500e+02    4.398425e+07
3.775000e+02    4.430026e+07
3.775500e+02    4.462227e+07
3.776000e+02    4.495528e+07
3.776500e+02    4.529628e+07
3.777000e+02    4.564429e+07
3.777500e+02    4.599331e+07
3.778000e+02    4.634532e+07
3.778500e+02    4.669633e+07
3.779000e+02    4.704434e+07
3.779500e+02    4.738334e+07
3.780000e+02    4.769536e+07
3.780500e+02    4.795537e+07
3.781000e+02    4.814037e+07
3.781500e+02    4.824337e+07
3.782000e+02    4.827138e+07
3.782500e+02    4.821837e+07
3.783000e+02    4.804437e+07
3.783500e+02    4.768735e+07
3.784000e+02    4.711534e+07
3.784500e+02    4.635332e+07
3.785000e+02    4.546329e+07
3.785500e+02    4.450227e+07
3.786000e+02    4.349824e+07
3.786500e+02    4.245921e+07
3.787000e+02    4.139717e+07
3.787500e+02    4.033915e+07
3.788000e+02    3.933512e+07
3.788500e+02    3.846809e+07
3.789000e+02    3.782807e+07
3.789500e+02    3.745907e+07
3.790000e+02    3.732206e+07
3.790500e+02    3.731706e+07
3.791000e+02    3.733106e+07
3.791500e+02    3.727006e+07
3.792000e+02    3.707105e+07
3.792500e+02    3.672305e+07
3.793000e+02    3.626303e+07
3.793500e+02    3.575002e+07
3.794000e+02    3.523300e+07
3.794500e+02    3.474699e+07
3.795000e+02    3.430798e+07
3.795500e+02    3.391297e+07
3.796000e+02    3.355695e+07
3.796500e+02    3.324094e+07
3.797000e+02    3.298094e+07
3.797500e+02    3.279193e+07
3.798000e+02    3.268193e+07
3.798500e+02    3.264793e+07
3.799000e+02    3.271193e+07
3.799500e+02    3.293994e+07
3.800000e+02    3.342195e+07
3.800500e+02    3.420397e+07
3.801000e+02    3.524000e+07
3.801500e+02    3.641204e+07
3.802000e+02    3.757707e+07
3.802500e+02    3.860110e+07
3.803000e+02    3.939312e+07
3.803500e+02    3.993513e+07
3.804000e+02    4.028115e+07
3.804500e+02    4.049716e+07
3.805000e+02    4.061016e+07
3.805500e+02    4.061416e+07
3.806000e+02    4.050315e+07
3.806500e+02    4.029915e+07
3.807000e+02    4.005314e+07
3.807500e+02    3.982414e+07
3.808000e+02    3.967213e+07
3.808500e+02    3.963413e+07
3.809000e+02    3.970912e+07
3.809500e+02    3.984913e+07
3.810000e+02    3.996814e+07
3.810500e+02    3.995514e+07
3.811000e+02    3.970013e+07
3.811500e+02    3.914911e+07
3.812000e+02    3.833609e+07
3.812500e+02    3.734806e+07
3.813000e+02    3.626204e+07
3.813500e+02    3.511500e+07
3.814000e+02    3.391997e+07
3.814500e+02    3.268993e+07
3.815000e+02    3.145590e+07
3.815500e+02    3.027186e+07
3.816000e+02    2.921883e+07
3.816500e+02    2.838481e+07
3.817000e+02    2.780979e+07
3.817500e+02    2.745778e+07
3.818000e+02    2.723477e+07
3.818500e+02    2.704677e+07
3.819000e+02    2.681977e+07
3.819500e+02    2.651276e+07
3.820000e+02    2.612175e+07
3.820500e+02    2.566874e+07
3.821000e+02    2.519272e+07
3.821500e+02    2.472771e+07
3.822000e+02    2.429769e+07
3.822500e+02    2.391168e+07
3.823000e+02    2.356167e+07
3.823500e+02    2.322667e+07
3.824000e+02    2.287866e+07
3.824500e+02    2.249164e+07
3.825000e+02    2.204662e+07
3.825500e+02    2.154661e+07
3.826000e+02    2.101759e+07
3.826500e+02    2.050759e+07
3.827000e+02    2.008158e+07
3.827500e+02    1.980356e+07
3.828000e+02    1.970456e+07
3.828500e+02    1.975856e+07
3.829000e+02    1.990257e+07
3.829500e+02    2.006658e+07
3.830000e+02    2.019757e+07
3.830500e+02    2.026258e+07
3.831000e+02    2.025558e+07
3.831500e+02    2.019858e+07
3.832000e+02    2.012357e+07
3.832500e+02    2.005958e+07
3.833000e+02    2.003457e+07
3.833500e+02    2.005857e+07
3.834000e+02    2.012758e+07
3.834500e+02    2.022457e+07
3.835000e+02    2.033157e+07
3.835500e+02    2.043659e+07
3.836000e+02    2.052858e+07
3.836500e+02    2.060658e+07
3.837000e+02    2.067559e+07
3.837500e+02    2.075159e+07
3.838000e+02    2.085760e+07
3.838500e+02    2.101960e+07
3.839000e+02    2.125360e+07
3.839500e+02    2.155961e+07
3.840000e+02    2.193763e+07
3.840500e+02    2.241863e+07
3.841000e+02    2.306266e+07
3.841500e+02    2.392768e+07
3.842000e+02    2.501271e+07
3.842500e+02    2.624875e+07
3.843000e+02    2.752979e+07
3.843500e+02    2.874781e+07
3.844000e+02    2.981485e+07
3.844500e+02    3.068787e+07
3.845000e+02    3.138489e+07
3.845500e+02    3.195391e+07
3.846000e+02    3.242292e+07
3.846500e+02    3.278293e+07
3.847000e+02    3.301194e+07
3.847500e+02    3.310495e+07
3.848000e+02    3.306794e+07
3.848500e+02    3.288493e+07
3.849000e+02    3.250092e+07
3.849500e+02    3.187191e+07
3.850000e+02    3.103088e+07
3.850500e+02    3.009785e+07
3.851000e+02    2.924183e+07
3.851500e+02    2.864482e+07
3.852000e+02    2.844681e+07
3.852500e+02    2.864182e+07
3.853000e+02    2.907182e+07
3.853500e+02    2.953184e+07
3.854000e+02    2.986885e+07
3.854500e+02    2.996785e+07
3.855000e+02    2.976285e+07
3.855500e+02    2.927684e+07
3.856000e+02    2.861482e+07
3.856500e+02    2.789379e+07
3.857000e+02    2.719777e+07
3.857500e+02    2.657376e+07
3.858000e+02    2.605174e+07
3.858500e+02    2.563773e+07
3.859000e+02    2.532573e+07
3.859500e+02    2.513271e+07
3.860000e+02    2.513472e+07
3.860500e+02    2.543372e+07
3.861000e+02    2.608174e+07
3.861500e+02    2.702677e+07
3.862000e+02    2.813781e+07
3.862500e+02    2.926083e+07
3.863000e+02    3.025887e+07
3.863500e+02    3.104388e+07
3.864000e+02    3.159690e+07
3.864500e+02    3.196591e+07
3.865000e+02    3.220891e+07
3.865500e+02    3.234392e+07
3.866000e+02    3.235793e+07
3.866500e+02    3.223792e+07
3.867000e+02    3.200491e+07
3.867500e+02    3.169191e+07
3.868000e+02    3.132190e+07
3.868500e+02    3.088887e+07
3.869000e+02    3.038287e+07
3.869500e+02    2.980785e+07
3.870000e+02    2.919683e+07
3.870500e+02    2.861782e+07
3.871000e+02    2.816280e+07
3.871500e+02    2.792779e+07
3.872000e+02    2.796080e+07
3.872500e+02    2.822781e+07
3.873000e+02    2.864281e+07
3.873500e+02    2.912583e+07
3.874000e+02    2.962385e+07
3.874500e+02    3.011186e+07
3.875000e+02    3.057488e+07
3.875500e+02    3.100288e+07
3.876000e+02    3.136689e+07
3.876500e+02    3.160790e+07
3.877000e+02    3.165790e+07
3.877500e+02    3.148590e+07
3.878000e+02    3.112789e+07
3.878500e+02    3.066687e+07
3.879000e+02    3.019986e+07
3.879500e+02    2.980585e+07
3.880000e+02    2.953284e+07
3.880500e+02    2.938783e+07
3.881000e+02    2.933883e+07
3.881500e+02    2.934984e+07
3.882000e+02    2.939983e+07
3.882500e+02    2.948783e+07
3.883000e+02    2.961485e+07
3.883500e+02    2.977385e+07
3.884000e+02    2.994286e+07
3.884500e+02    3.008986e+07
3.885000e+02    3.018186e+07
3.885500e+02    3.019186e+07
3.886000e+02    3.012186e+07
3.886500e+02    3.000886e+07
3.887000e+02    2.991485e+07
3.887500e+02    2.992885e+07
3.888000e+02    3.013286e+07
3.888500e+02    3.056987e+07
3.889000e+02    3.121389e+07
3.889500e+02    3.199891e+07
3.890000e+02    3.287593e+07
3.890500e+02    3.383196e+07
3.891000e+02    3.487199e+07
3.891500e+02    3.598402e+07
3.892000e+02    3.712805e+07
3.892500e+02    3.822809e+07
3.893000e+02    3.918112e+07
3.893500e+02    3.987913e+07
3.894000e+02    4.027415e+07
3.894500e+02    4.040714e+07
3.895000e+02    4.037815e+07
3.895500e+02    4.028514e+07
3.896000e+02    4.018914e+07
3.896500e+02    4.011914e+07
3.897000e+02    4.007814e+07
3.897500e+02    4.005915e+07
3.898000e+02    4.004814e+07
3.898500e+02    4.003314e+07
3.899000e+02    4.000813e+07
3.899500e+02    3.996814e+07
3.900000e+02    3.991313e+07
3.900500e+02    3.984013e+07
3.901000e+02    3.973113e+07
3.901500e+02    3.955713e+07
3.902000e+02    3.929511e+07
3.902500e+02    3.894411e+07
3.903000e+02    3.853409e+07
3.903500e+02    3.811808e+07
3.904000e+02    3.775408e+07
3.904500e+02    3.749907e+07
3.905000e+02    3.737907e+07
3.905500e+02    3.738806e+07
3.906000e+02    3.750706e+07
3.906500e+02    3.774807e+07
3.907000e+02    3.816408e+07
3.907500e+02    3.880711e+07
3.908000e+02    3.967113e+07
3.908500e+02    4.068616e+07
3.909000e+02    4.175319e+07
3.909500e+02    4.277621e+07
3.910000e+02    4.368125e+07
3.910500e+02    4.443726e+07
3.911000e+02    4.505728e+07
3.911500e+02    4.557030e+07
3.912000e+02    4.597631e+07
3.912500e+02    4.623731e+07
3.913000e+02    4.631132e+07
3.913500e+02    4.619631e+07
3.914000e+02    4.594031e+07
3.914500e+02    4.560230e+07
3.915000e+02    4.522129e+07
3.915500e+02    4.481028e+07
3.916000e+02    4.436926e+07
3.916500e+02    4.390024e+07
3.917000e+02    4.339924e+07
3.917500e+02    4.284322e+07
3.918000e+02    4.219320e+07
3.918500e+02    4.141417e+07
3.919000e+02    4.050916e+07
3.919500e+02    3.952013e+07
3.920000e+02    3.852109e+07
3.920500e+02    3.759207e+07
3.921000e+02    3.680605e+07
3.921500e+02    3.619503e+07
3.922000e+02    3.573602e+07
3.922500e+02    3.536501e+07
3.923000e+02    3.501100e+07
3.923500e+02    3.461299e+07
3.924000e+02    3.413297e+07
3.924500e+02    3.355796e+07
3.925000e+02    3.290094e+07
3.925500e+02    3.216791e+07
3.926000e+02    3.133789e+07
3.926500e+02    3.037087e+07
3.927000e+02    2.924984e+07
3.927500e+02    2.799879e+07
3.928000e+02    2.667176e+07
3.928500e+02    2.532272e+07
3.929000e+02    2.399468e+07
3.929500e+02    2.270965e+07
3.930000e+02    2.147561e+07
3.930500e+02    2.028958e+07
3.931000e+02    1.916555e+07
3.931500e+02    1.814052e+07
3.932000e+02    1.726950e+07
3.932500e+02    1.658047e+07
3.933000e+02    1.605745e+07
3.933500e+02    1.567245e+07
3.934000e+02    1.543344e+07
3.934500e+02    1.540144e+07
3.935000e+02    1.563944e+07
3.935500e+02    1.615246e+07
3.936000e+02    1.687448e+07
3.936500e+02    1.772951e+07
3.937000e+02    1.868153e+07
3.937500e+02    1.973156e+07
3.938000e+02    2.088460e+07
3.938500e+02    2.211964e+07
3.939000e+02    2.338767e+07
3.939500e+02    2.462170e+07
3.940000e+02    2.575273e+07
3.940500e+02    2.673076e+07
3.941000e+02    2.755078e+07
3.941500e+02    2.825380e+07
3.942000e+02    2.889183e+07
3.942500e+02    2.950384e+07
3.943000e+02    3.010686e+07
3.943500e+02    3.071087e+07
3.944000e+02    3.132190e+07
3.944500e+02    3.195291e+07
3.945000e+02    3.263193e+07
3.945500e+02    3.339896e+07
3.946000e+02    3.428298e+07
3.946500e+02    3.528400e+07
3.947000e+02    3.636304e+07
3.947500e+02    3.746207e+07
3.948000e+02    3.852409e+07
3.948500e+02    3.950212e+07
3.949000e+02    4.037515e+07
3.949500e+02    4.115217e+07
3.950000e+02    4.185019e+07
3.950500e+02    4.246421e+07
3.951000e+02    4.295423e+07
3.951500e+02    4.328323e+07
3.952000e+02    4.344824e+07
3.952500e+02    4.349224e+07
3.953000e+02    4.347224e+07
3.953500e+02    4.343124e+07
3.954000e+02    4.339224e+07
3.954500e+02    4.336123e+07
3.955000e+02    4.333423e+07
3.955500e+02    4.329623e+07
3.956000e+02    4.321223e+07
3.956500e+02    4.303923e+07
3.957000e+02    4.274122e+07
3.957500e+02    4.231320e+07
3.958000e+02    4.177719e+07
3.958500e+02    4.114617e+07
3.959000e+02    4.039415e+07
3.959500e+02    3.946912e+07
3.960000e+02    3.834309e+07
3.960500e+02    3.704306e+07
3.961000e+02    3.563802e+07
3.961500e+02    3.419797e+07
3.962000e+02    3.277493e+07
3.962500e+02    3.139889e+07
3.963000e+02    3.007785e+07
3.963500e+02    2.880082e+07
3.964000e+02    2.755679e+07
3.964500e+02    2.634275e+07
3.965000e+02    2.516271e+07
3.965500e+02    2.402368e+07
3.966000e+02    2.292465e+07
3.966500e+02    2.187362e+07
3.967000e+02    2.090759e+07
3.967500e+02    2.009157e+07
3.968000e+02    1.948255e+07
3.968500e+02    1.909354e+07
3.969000e+02    1.889153e+07
3.969500e+02    1.885753e+07
3.970000e+02    1.903954e+07
3.970500e+02    1.952556e+07
3.971000e+02    2.036058e+07
3.971500e+02    2.149761e+07
3.972000e+02    2.282965e+07
3.972500e+02    2.426669e+07
3.973000e+02    2.576773e+07
3.973500e+02    2.732578e+07
3.974000e+02    2.893583e+07
3.974500e+02    3.057988e+07
3.975000e+02    3.223591e+07
3.975500e+02    3.388296e+07
3.976000e+02    3.550401e+07
3.976500e+02    3.709105e+07
3.977000e+02    3.864410e+07
3.977500e+02    4.016514e+07
3.978000e+02    4.164119e+07
3.978500e+02    4.304522e+07
3.979000e+02    4.434926e+07
3.979500e+02    4.554629e+07
3.980000e+02    4.665132e+07
3.980500e+02    4.766836e+07
3.981000e+02    4.856839e+07
3.981500e+02    4.930341e+07
3.982000e+02    4.985042e+07
3.982500e+02    5.023743e+07
3.983000e+02    5.052244e+07
3.983500e+02    5.076045e+07
3.984000e+02    5.097644e+07
3.984500e+02    5.118245e+07
3.985000e+02    5.138346e+07
3.985500e+02    5.158847e+07
3.986000e+02    5.182447e+07
3.986500e+02    5.213348e+07
3.987000e+02    5.256149e+07
3.987500e+02    5.312951e+07
3.988000e+02    5.381353e+07
3.988500e+02    5.455055e+07
3.989000e+02    5.526057e+07
3.989500e+02    5.586259e+07
3.990000e+02    5.630160e+07
3.990500e+02    5.657161e+07
3.991000e+02    5.671661e+07
3.991500e+02    5.679262e+07
3.992000e+02    5.683862e+07
3.992500e+02    5.686962e+07
3.993000e+02    5.689162e+07
3.993500e+02    5.690262e+07
3.994000e+02    5.690161e+07
3.994500e+02    5.687662e+07
3.995000e+02    5.681361e+07
3.995500e+02    5.670062e+07
3.996000e+02    5.654261e+07
3.996500e+02    5.636560e+07
3.997000e+02    5.621760e+07
3.997500e+02    5.616560e+07
3.998000e+02    5.627661e+07
3.998500e+02    5.658161e+07
3.999000e+02    5.705063e+07
3.999500e+02    5.761264e+07
4.000000e+02    5.818765e+07
4.000500e+02    5.870867e+07
4.001000e+02    5.913568e+07
4.001500e+02    5.945669e+07
4.002000e+02    5.967770e+07
4.002500e+02    5.978870e+07
4.003000e+02    5.973470e+07
4.003500e+02    5.943569e+07
4.004000e+02    5.885768e+07
4.004500e+02    5.805266e+07
4.005000e+02    5.715162e+07
4.005500e+02    5.633061e+07
4.006000e+02    5.577159e+07
4.006500e+02    5.560559e+07
4.007000e+02    5.584259e+07
4.007500e+02    5.637560e+07
4.008000e+02    5.705563e+07
4.008500e+02    5.776464e+07
4.009000e+02    5.843467e+07
4.009500e+02    5.903768e+07
4.010000e+02    5.957570e+07
4.010500e+02    6.006771e+07
4.011000e+02    6.052472e+07
4.011500e+02    6.094373e+07
4.012000e+02    6.131874e+07
4.012500e+02    6.164776e+07
4.013000e+02    6.193576e+07
4.013500e+02    6.218377e+07
4.014000e+02    6.237377e+07
4.014500e+02    6.247978e+07
4.015000e+02    6.249178e+07
4.015500e+02    6.242478e+07
4.016000e+02    6.231878e+07
4.016500e+02    6.222277e+07
4.017000e+02    6.218177e+07
4.017500e+02    6.222677e+07
4.018000e+02    6.236078e+07
4.018500e+02    6.255578e+07
4.019000e+02    6.276679e+07
4.019500e+02    6.294979e+07
4.020000e+02    6.306380e+07
4.020500e+02    6.309479e+07
4.021000e+02    6.305180e+07
4.021500e+02    6.296880e+07
4.022000e+02    6.288479e+07
4.022500e+02    6.283479e+07
4.023000e+02    6.284178e+07
4.023500e+02    6.290879e+07
4.024000e+02    6.301780e+07
4.024500e+02    6.314980e+07
4.025000e+02    6.328380e+07
4.025500e+02    6.340980e+07
4.026000e+02    6.352181e+07
4.026500e+02    6.360881e+07
4.027000e+02    6.364381e+07
4.027500e+02    6.355781e+07
4.028000e+02    6.324380e+07
4.028500e+02    6.261579e+07
4.029000e+02    6.167175e+07
4.029500e+02    6.050372e+07
4.030000e+02    5.924969e+07
4.030500e+02    5.803465e+07
4.031000e+02    5.695362e+07
4.031500e+02    5.605160e+07
4.032000e+02    5.531957e+07
4.032500e+02    5.474256e+07
4.033000e+02    5.434954e+07
4.033500e+02    5.423454e+07
4.034000e+02    5.448856e+07
4.034500e+02    5.510957e+07
4.035000e+02    5.599859e+07
4.035500e+02    5.702363e+07
4.036000e+02    5.808065e+07
4.036500e+02    5.911168e+07
4.037000e+02    6.009171e+07
4.037500e+02    6.101174e+07
4.038000e+02    6.185076e+07
4.038500e+02    6.255078e+07
4.039000e+02    6.300980e+07
4.039500e+02    6.313980e+07
4.040000e+02    6.293779e+07
4.040500e+02    6.247677e+07
4.041000e+02    6.183876e+07
4.041500e+02    6.103974e+07
4.042000e+02    6.004971e+07
4.042500e+02    5.884667e+07
4.043000e+02    5.746964e+07
4.043500e+02    5.601559e+07
4.044000e+02    5.461255e+07
4.044500e+02    5.339952e+07
4.045000e+02    5.247849e+07
4.045500e+02    5.186948e+07
4.046000e+02    5.152447e+07
4.046500e+02    5.140247e+07
4.047000e+02    5.154647e+07
4.047500e+02    5.204548e+07
4.048000e+02    5.294451e+07
4.048500e+02    5.416954e+07
4.049000e+02    5.555558e+07
4.049500e+02    5.690962e+07
4.050000e+02    5.805065e+07
4.050500e+02    5.885967e+07
4.051000e+02    5.932569e+07
4.051500e+02    5.953069e+07
4.052000e+02    5.957870e+07
4.052500e+02    5.952970e+07
4.053000e+02    5.939270e+07
4.053500e+02    5.916868e+07
4.054000e+02    5.887268e+07
4.054500e+02    5.853366e+07
4.055000e+02    5.818266e+07
4.055500e+02    5.784064e+07
4.056000e+02    5.752163e+07
4.056500e+02    5.723063e+07
4.057000e+02    5.696562e+07
4.057500e+02    5.672561e+07
4.058000e+02    5.651561e+07
4.058500e+02    5.634761e+07
4.059000e+02    5.622460e+07
4.059500e+02    5.612759e+07
4.060000e+02    5.601759e+07
4.060500e+02    5.581959e+07
4.061000e+02    5.543957e+07
4.061500e+02    5.480255e+07
4.062000e+02    5.391153e+07
4.062500e+02    5.286250e+07
4.063000e+02    5.181548e+07
4.063500e+02    5.096646e+07
4.064000e+02    5.049144e+07
4.064500e+02    5.047344e+07
4.065000e+02    5.085245e+07
4.065500e+02    5.147547e+07
4.066000e+02    5.219148e+07
4.066500e+02    5.290051e+07
4.067000e+02    5.354952e+07
4.067500e+02    5.412254e+07
4.068000e+02    5.462756e+07
4.068500e+02    5.506456e+07
4.069000e+02    5.541257e+07
4.069500e+02    5.563058e+07
4.070000e+02    5.570059e+07
4.070500e+02    5.564959e+07
4.071000e+02    5.553758e+07
4.071500e+02    5.543957e+07
4.072000e+02    5.542658e+07
4.072500e+02    5.554558e+07
4.073000e+02    5.580059e+07
4.073500e+02    5.614259e+07
4.074000e+02    5.648861e+07
4.074500e+02    5.674362e+07
4.075000e+02    5.682162e+07
4.075500e+02    5.668362e+07
4.076000e+02    5.636961e+07
4.076500e+02    5.598159e+07
4.077000e+02    5.566359e+07
4.077500e+02    5.556659e+07
4.078000e+02    5.579958e+07
4.078500e+02    5.637161e+07
4.079000e+02    5.718963e+07
4.079500e+02    5.811765e+07
4.080000e+02    5.903568e+07
4.080500e+02    5.986471e+07
4.081000e+02    6.056773e+07
4.081500e+02    6.115375e+07
4.082000e+02    6.165276e+07
4.082500e+02    6.208677e+07
4.083000e+02    6.245178e+07
4.083500e+02    6.273979e+07
4.084000e+02    6.295779e+07
4.084500e+02    6.313579e+07
4.085000e+02    6.332581e+07
4.085500e+02    6.358981e+07
4.086000e+02    6.398283e+07
4.086500e+02    6.453084e+07
4.087000e+02    6.520486e+07
4.087500e+02    6.593888e+07
4.088000e+02    6.664790e+07
4.088500e+02    6.724792e+07
4.089000e+02    6.768192e+07
4.089500e+02    6.794094e+07
4.090000e+02    6.805994e+07
4.090500e+02    6.807294e+07
4.091000e+02    6.797893e+07
4.091500e+02    6.774893e+07
4.092000e+02    6.736492e+07
4.092500e+02    6.684790e+07
4.093000e+02    6.623988e+07
4.093500e+02    6.556586e+07
4.094000e+02    6.482785e+07
4.094500e+02    6.401482e+07
4.095000e+02    6.312980e+07
4.095500e+02    6.219877e+07
4.096000e+02    6.126174e+07
4.096500e+02    6.036172e+07
4.097000e+02    5.953470e+07
4.097500e+02    5.879567e+07
4.098000e+02    5.813465e+07
4.098500e+02    5.751964e+07
4.099000e+02    5.692562e+07
4.099500e+02    5.633660e+07
4.100000e+02    5.575058e+07
4.100500e+02    5.517157e+07
4.101000e+02    5.462256e+07
4.101500e+02    5.415654e+07
4.102000e+02    5.387154e+07
4.102500e+02    5.388054e+07
4.103000e+02    5.423355e+07
4.103500e+02    5.488456e+07
4.104000e+02    5.571759e+07
4.104500e+02    5.662061e+07
4.105000e+02    5.752163e+07
4.105500e+02    5.838166e+07
4.106000e+02    5.918869e+07
4.106500e+02    5.994371e+07
4.107000e+02    6.063673e+07
4.107500e+02    6.123675e+07
4.108000e+02    6.169876e+07
4.108500e+02    6.200377e+07
4.109000e+02    6.217977e+07
4.109500e+02    6.229077e+07
4.110000e+02    6.240978e+07
4.110500e+02    6.260379e+07
4.111000e+02    6.291379e+07
4.111500e+02    6.334480e+07
4.112000e+02    6.386282e+07
4.112500e+02    6.441983e+07
4.113000e+02    6.497486e+07
4.113500e+02    6.549986e+07
4.114000e+02    6.598388e+07
4.114500e+02    6.642389e+07
4.115000e+02    6.681391e+07
4.115500e+02    6.712391e+07
4.116000e+02    6.729791e+07
4.116500e+02    6.729092e+07
4.117000e+02    6.710092e+07
4.117500e+02    6.678390e+07
4.118000e+02    6.641990e+07
4.118500e+02    6.608388e+07
4.119000e+02    6.583388e+07
4.119500e+02    6.569387e+07
4.120000e+02    6.564987e+07
4.120500e+02    6.566387e+07
4.121000e+02    6.569387e+07
4.121500e+02    6.570687e+07
4.122000e+02    6.568487e+07
4.122500e+02    6.562287e+07
4.123000e+02    6.552987e+07
4.123500e+02    6.541486e+07
4.124000e+02    6.528186e+07
4.124500e+02    6.512785e+07
4.125000e+02    6.494985e+07
4.125500e+02    6.474984e+07
4.126000e+02    6.453584e+07
4.126500e+02    6.431783e+07
4.127000e+02    6.409983e+07
4.127500e+02    6.388582e+07
4.128000e+02    6.367681e+07
4.128500e+02    6.346481e+07
4.129000e+02    6.322580e+07
4.129500e+02    6.292279e+07
4.130000e+02    6.251378e+07
4.130500e+02    6.197877e+07
4.131000e+02    6.134274e+07
4.131500e+02    6.067373e+07
4.132000e+02    6.007171e+07
4.132500e+02    5.965269e+07
4.133000e+02    5.950069e+07
4.133500e+02    5.962770e+07
4.134000e+02    5.996571e+07
4.134500e+02    6.043272e+07
4.135000e+02    6.098273e+07
4.135500e+02    6.160676e+07
4.136000e+02    6.230077e+07
4.136500e+02    6.304579e+07
4.137000e+02    6.379681e+07
4.137500e+02    6.449083e+07
4.138000e+02    6.504785e+07
4.138500e+02    6.541087e+07
4.139000e+02    6.557086e+07
4.139500e+02    6.556286e+07
4.140000e+02    6.541186e+07
4.140500e+02    6.508885e+07
4.141000e+02    6.452983e+07
4.141500e+02    6.370782e+07
4.142000e+02    6.267278e+07
4.142500e+02    6.155175e+07
4.143000e+02    6.051072e+07
4.143500e+02    5.972470e+07
4.144000e+02    5.931769e+07
4.144500e+02    5.930069e+07
4.145000e+02    5.956969e+07
4.145500e+02    5.998570e+07
4.146000e+02    6.044472e+07
4.146500e+02    6.088973e+07
4.147000e+02    6.129674e+07
4.147500e+02    6.166175e+07
4.148000e+02    6.198676e+07
4.148500e+02    6.226477e+07
4.149000e+02    6.247378e+07
4.149500e+02    6.259478e+07
4.150000e+02    6.262678e+07
4.150500e+02    6.259078e+07
4.151000e+02    6.250278e+07
4.151500e+02    6.236078e+07
4.152000e+02    6.214877e+07
4.152500e+02    6.185876e+07
4.153000e+02    6.150575e+07
4.153500e+02    6.112774e+07
4.154000e+02    6.077473e+07
4.154500e+02    6.050173e+07
4.155000e+02    6.034772e+07
4.155500e+02    6.031772e+07
4.156000e+02    6.038672e+07
4.156500e+02    6.053373e+07
4.157000e+02    6.077073e+07
4.157500e+02    6.112474e+07
4.158000e+02    6.161376e+07
4.158500e+02    6.221678e+07
4.159000e+02    6.288479e+07
4.159500e+02    6.356581e+07
4.160000e+02    6.421683e+07
4.160500e+02    6.481184e+07
4.161000e+02    6.534485e+07
4.161500e+02    6.582188e+07
4.162000e+02    6.624188e+07
4.162500e+02    6.658189e+07
4.163000e+02    6.680191e+07
4.163500e+02    6.688390e+07
4.164000e+02    6.684290e+07
4.164500e+02    6.671689e+07
4.165000e+02    6.653389e+07
4.165500e+02    6.629989e+07
4.166000e+02    6.601088e+07
4.166500e+02    6.567086e+07
4.167000e+02    6.529585e+07
4.167500e+02    6.490485e+07
4.168000e+02    6.450983e+07
4.168500e+02    6.411483e+07
4.169000e+02    6.372082e+07
4.169500e+02    6.332381e+07
4.170000e+02    6.291480e+07
4.170500e+02    6.247878e+07
4.171000e+02    6.199377e+07
4.171500e+02    6.144575e+07
4.172000e+02    6.084173e+07
4.172500e+02    6.021171e+07
4.173000e+02    5.960970e+07
4.173500e+02    5.910868e+07
4.174000e+02    5.877768e+07
4.174500e+02    5.864967e+07
4.175000e+02    5.869466e+07
4.175500e+02    5.885268e+07
4.176000e+02    5.907268e+07
4.176500e+02    5.933168e+07
4.177000e+02    5.962670e+07
4.177500e+02    5.995170e+07
4.178000e+02    6.028971e+07
4.178500e+02    6.060872e+07
4.179000e+02    6.086273e+07
4.179500e+02    6.100674e+07
4.180000e+02    6.101774e+07
4.180500e+02    6.091574e+07
4.181000e+02    6.074673e+07
4.181500e+02    6.055972e+07
4.182000e+02    6.039272e+07
4.182500e+02    6.026771e+07
4.183000e+02    6.018872e+07
4.183500e+02    6.013871e+07
4.184000e+02    6.008671e+07
4.184500e+02    5.999070e+07
4.185000e+02    5.981070e+07
4.185500e+02    5.953069e+07
4.186000e+02    5.916868e+07
4.186500e+02    5.878167e+07
4.187000e+02    5.845466e+07
4.187500e+02    5.828565e+07
4.188000e+02    5.834866e+07
4.188500e+02    5.865066e+07
4.189000e+02    5.912569e+07
4.189500e+02    5.968669e+07
4.190000e+02    6.025872e+07
4.190500e+02    6.079673e+07
4.191000e+02    6.128174e+07
4.191500e+02    6.171076e+07
4.192000e+02    6.207477e+07
4.192500e+02    6.234277e+07
4.193000e+02    6.244977e+07
4.193500e+02    6.234178e+07
4.194000e+02    6.201676e+07
4.194500e+02    6.152875e+07
4.195000e+02    6.093673e+07
4.195500e+02    6.026971e+07
4.196000e+02    5.952769e+07
4.196500e+02    5.870767e+07
4.197000e+02    5.783264e+07
4.197500e+02    5.695662e+07
4.198000e+02    5.616160e+07
4.198500e+02    5.555159e+07
4.199000e+02    5.520158e+07
4.199500e+02    5.511757e+07
4.200000e+02    5.523657e+07
4.200500e+02    5.548658e+07
4.201000e+02    5.583759e+07
4.201500e+02    5.629960e+07
4.202000e+02    5.687961e+07
4.202500e+02    5.756164e+07
4.203000e+02    5.830765e+07
4.203500e+02    5.908668e+07
4.204000e+02    5.988270e+07
4.204500e+02    6.068773e+07
4.205000e+02    6.149775e+07
4.205500e+02    6.229677e+07
4.206000e+02    6.305779e+07
4.206500e+02    6.373081e+07
4.207000e+02    6.426283e+07
4.207500e+02    6.462784e+07
4.208000e+02    6.484885e+07
4.208500e+02    6.498285e+07
4.209000e+02    6.508085e+07
4.209500e+02    6.517685e+07
4.210000e+02    6.528686e+07
4.210500e+02    6.541287e+07
4.211000e+02    6.554187e+07
4.211500e+02    6.564287e+07
4.212000e+02    6.566787e+07
4.212500e+02    6.556086e+07
4.213000e+02    6.529986e+07
4.213500e+02    6.490585e+07
4.214000e+02    6.443883e+07
4.214500e+02    6.396482e+07
4.215000e+02    6.354281e+07
4.215500e+02    6.320980e+07
4.216000e+02    6.297479e+07
4.216500e+02    6.282379e+07
4.217000e+02    6.273979e+07
4.217500e+02    6.273378e+07
4.218000e+02    6.282779e+07
4.218500e+02    6.303180e+07
4.219000e+02    6.331780e+07
4.219500e+02    6.361981e+07
4.220000e+02    6.383381e+07
4.220500e+02    6.384182e+07
4.221000e+02    6.355281e+07
4.221500e+02    6.295579e+07
4.222000e+02    6.211877e+07
4.222500e+02    6.111274e+07
4.223000e+02    5.995370e+07
4.223500e+02    5.861467e+07
4.224000e+02    5.708162e+07
4.224500e+02    5.540658e+07
4.225000e+02    5.371153e+07
4.225500e+02    5.218648e+07
4.226000e+02    5.105845e+07
4.226500e+02    5.050244e+07
4.227000e+02    5.053244e+07
4.227500e+02    5.100745e+07
4.228000e+02    5.175748e+07
4.228500e+02    5.268950e+07
4.229000e+02    5.378653e+07
4.229500e+02    5.504256e+07
4.230000e+02    5.641061e+07
4.230500e+02    5.779864e+07
4.231000e+02    5.907669e+07
4.231500e+02    6.009671e+07
4.232000e+02    6.074972e+07
4.232500e+02    6.103474e+07
4.233000e+02    6.104574e+07
4.233500e+02    6.089574e+07
4.234000e+02    6.065172e+07
4.234500e+02    6.033172e+07
4.235000e+02    5.994170e+07
4.235500e+02    5.950369e+07
4.236000e+02    5.906169e+07
4.236500e+02    5.868867e+07
4.237000e+02    5.846766e+07
4.237500e+02    5.846367e+07
4.238000e+02    5.868067e+07
4.238500e+02    5.906268e+07
4.239000e+02    5.954370e+07
4.239500e+02    6.008671e+07
4.240000e+02    6.068372e+07
4.240500e+02    6.133175e+07
4.241000e+02    6.201676e+07
4.241500e+02    6.270579e+07
4.242000e+02    6.335581e+07
4.242500e+02    6.391183e+07
4.243000e+02    6.433284e+07
4.243500e+02    6.461384e+07
4.244000e+02    6.477484e+07
4.244500e+02    6.481584e+07
4.245000e+02    6.469184e+07
4.245500e+02    6.432883e+07
4.246000e+02    6.369082e+07
4.246500e+02    6.282279e+07
4.247000e+02    6.182376e+07
4.247500e+02    6.080173e+07
4.248000e+02    5.984571e+07
4.248500e+02    5.900768e+07
4.249000e+02    5.830366e+07
4.249500e+02    5.771564e+07
4.250000e+02    5.724163e+07
4.250500e+02    5.691962e+07
4.251000e+02    5.680962e+07
4.251500e+02    5.693862e+07
4.252000e+02    5.726463e+07
4.252500e+02    5.769564e+07
4.253000e+02    5.813266e+07
4.253500e+02    5.849166e+07
4.254000e+02    5.872567e+07
4.254500e+02    5.883368e+07
4.255000e+02    5.884868e+07
4.255500e+02    5.881668e+07
4.256000e+02    5.876667e+07
4.256500e+02    5.870767e+07
4.257000e+02    5.863967e+07
4.257500e+02    5.855867e+07
4.258000e+02    5.846167e+07
4.258500e+02    5.833766e+07
4.259000e+02    5.817166e+07
4.259500e+02    5.795966e+07
4.260000e+02    5.771264e+07
4.260500e+02    5.746864e+07
4.261000e+02    5.730064e+07
4.261500e+02    5.731663e+07
4.262000e+02    5.762764e+07
4.262500e+02    5.827866e+07
4.263000e+02    5.920769e+07
4.263500e+02    6.027172e+07
4.264000e+02    6.130374e+07
4.264500e+02    6.214977e+07
4.265000e+02    6.270879e+07
4.265500e+02    6.296979e+07
4.266000e+02    6.299479e+07
4.266500e+02    6.283779e+07
4.267000e+02    6.248677e+07
4.267500e+02    6.188577e+07
4.268000e+02    6.100273e+07
4.268500e+02    5.988171e+07
4.269000e+02    5.862267e+07
4.269500e+02    5.732463e+07
4.270000e+02    5.606159e+07
4.270500e+02    5.488057e+07
4.271000e+02    5.379453e+07
4.271500e+02    5.281051e+07
4.272000e+02    5.195848e+07
4.272500e+02    5.132746e+07
4.273000e+02    5.103045e+07
4.273500e+02    5.111846e+07
4.274000e+02    5.153746e+07
4.274500e+02    5.217448e+07
4.275000e+02    5.293951e+07
4.275500e+02    5.379953e+07
4.276000e+02    5.475256e+07
4.276500e+02    5.578559e+07
4.277000e+02    5.685162e+07
4.277500e+02    5.787464e+07
4.278000e+02    5.874767e+07
4.278500e+02    5.936570e+07
4.279000e+02    5.968270e+07
4.279500e+02    5.974271e+07
4.280000e+02    5.964769e+07
4.280500e+02    5.949369e+07
4.281000e+02    5.934569e+07
4.281500e+02    5.923569e+07
4.282000e+02    5.916568e+07
4.282500e+02    5.911968e+07
4.283000e+02    5.906068e+07
4.283500e+02    5.893767e+07
4.284000e+02    5.870168e+07
4.284500e+02    5.833166e+07
4.285000e+02    5.784565e+07
4.285500e+02    5.729363e+07
4.286000e+02    5.672361e+07
4.286500e+02    5.617160e+07
4.287000e+02    5.565558e+07
4.287500e+02    5.517958e+07
4.288000e+02    5.473756e+07
4.288500e+02    5.432754e+07
4.289000e+02    5.396253e+07
4.289500e+02    5.366352e+07
4.290000e+02    5.344652e+07
4.290500e+02    5.330452e+07
4.291000e+02    5.322351e+07
4.291500e+02    5.320351e+07
4.292000e+02    5.326251e+07
4.292500e+02    5.341752e+07
4.293000e+02    5.365853e+07
4.293500e+02    5.393954e+07
4.294000e+02    5.418154e+07
4.294500e+02    5.428055e+07
4.295000e+02    5.413355e+07
4.295500e+02    5.369353e+07
4.296000e+02    5.299951e+07
4.296500e+02    5.213348e+07
4.297000e+02    5.115446e+07
4.297500e+02    5.007643e+07
4.298000e+02    4.889140e+07
4.298500e+02    4.761435e+07
4.299000e+02    4.629131e+07
4.299500e+02    4.500929e+07
4.300000e+02    4.388025e+07
4.300500e+02    4.301523e+07
4.301000e+02    4.246321e+07
4.301500e+02    4.217820e+07
4.302000e+02    4.205819e+07
4.302500e+02    4.200919e+07
4.303000e+02    4.197019e+07
4.303500e+02    4.191419e+07
4.304000e+02    4.183219e+07
4.304500e+02    4.172018e+07
4.305000e+02    4.156918e+07
4.305500e+02    4.135418e+07
4.306000e+02    4.104617e+07
4.306500e+02    4.063116e+07
4.307000e+02    4.013814e+07
4.307500e+02    3.963312e+07
4.308000e+02    3.922211e+07
4.308500e+02    3.903012e+07
4.309000e+02    3.915012e+07
4.309500e+02    3.959113e+07
4.310000e+02    4.028215e+07
4.310500e+02    4.115317e+07
4.311000e+02    4.219521e+07
4.311500e+02    4.344523e+07
4.312000e+02    4.492427e+07
4.312500e+02    4.660133e+07
4.313000e+02    4.841638e+07
4.313500e+02    5.033944e+07
4.314000e+02    5.237750e+07
4.314500e+02    5.455256e+07
4.315000e+02    5.684862e+07
4.315500e+02    5.920468e+07
4.316000e+02    6.150975e+07
4.316500e+02    6.361681e+07
4.317000e+02    6.538186e+07
4.317500e+02    6.674091e+07
4.318000e+02    6.773792e+07
4.318500e+02    6.846395e+07
4.319000e+02    6.894297e+07
4.319500e+02    6.911097e+07
4.320000e+02    6.888996e+07
4.320500e+02    6.828395e+07
4.321000e+02    6.738492e+07
4.321500e+02    6.628289e+07
4.322000e+02    6.500485e+07
4.322500e+02    6.352181e+07
4.323000e+02    6.182275e+07
4.323500e+02    5.996671e+07
4.324000e+02    5.809366e+07
4.324500e+02    5.642061e+07
4.325000e+02    5.520057e+07
4.325500e+02    5.462455e+07
4.326000e+02    5.469755e+07
4.326500e+02    5.526057e+07
4.327000e+02    5.612559e+07
4.327500e+02    5.719562e+07
4.328000e+02    5.845966e+07
4.328500e+02    5.991371e+07
4.329000e+02    6.150675e+07
4.329500e+02    6.314279e+07
4.330000e+02    6.469285e+07
4.330500e+02    6.602288e+07
4.331000e+02    6.703990e+07
4.331500e+02    6.774493e+07
4.332000e+02    6.821394e+07
4.332500e+02    6.852595e+07
4.333000e+02    6.870395e+07
4.333500e+02    6.872595e+07
4.334000e+02    6.857495e+07
4.334500e+02    6.826994e+07
4.335000e+02    6.783193e+07
4.335500e+02    6.724591e+07
4.336000e+02    6.644289e+07
4.336500e+02    6.536286e+07
4.337000e+02    6.401482e+07
4.337500e+02    6.249377e+07
4.338000e+02    6.093474e+07
4.338500e+02    5.947869e+07
4.339000e+02    5.823965e+07
4.339500e+02    5.726863e+07
4.340000e+02    5.654261e+07
4.340500e+02    5.602059e+07
4.341000e+02    5.572059e+07
4.341500e+02    5.573559e+07
4.342000e+02    5.615459e+07
4.342500e+02    5.696662e+07
4.343000e+02    5.805565e+07
4.343500e+02    5.927369e+07
4.344000e+02    6.050173e+07
4.344500e+02    6.167075e+07
4.345000e+02    6.275279e+07
4.345500e+02    6.375182e+07
4.346000e+02    6.467984e+07
4.346500e+02    6.552587e+07
4.347000e+02    6.625688e+07
4.347500e+02    6.683790e+07
4.348000e+02    6.726692e+07
4.348500e+02    6.756492e+07
4.349000e+02    6.773092e+07
4.349500e+02    6.770892e+07
4.350000e+02    6.741792e+07
4.350500e+02    6.682391e+07
4.351000e+02    6.598488e+07
4.351500e+02    6.503385e+07
4.352000e+02    6.413482e+07
4.352500e+02    6.343980e+07
4.353000e+02    6.305380e+07
4.353500e+02    6.297879e+07
4.354000e+02    6.313680e+07
4.354500e+02    6.343480e+07
4.355000e+02    6.382381e+07
4.355500e+02    6.429483e+07
4.356000e+02    6.484685e+07
4.356500e+02    6.545886e+07
4.357000e+02    6.609488e+07
4.357500e+02    6.671090e+07
4.358000e+02    6.726291e+07
4.358500e+02    6.772393e+07
4.359000e+02    6.809593e+07
4.359500e+02    6.840694e+07
4.360000e+02    6.869296e+07
4.360500e+02    6.898296e+07
4.361000e+02    6.929497e+07
4.361500e+02    6.963498e+07
4.362000e+02    6.999600e+07
4.362500e+02    7.036101e+07
4.363000e+02    7.070801e+07
4.363500e+02    7.100802e+07
4.364000e+02    7.124203e+07
4.364500e+02    7.140704e+07
4.365000e+02    7.151204e+07
4.365500e+02    7.155504e+07
4.366000e+02    7.150904e+07
4.366500e+02    7.133303e+07
4.367000e+02    7.101003e+07
4.367500e+02    7.056601e+07
4.368000e+02    7.005000e+07
4.368500e+02    6.951198e+07
4.369000e+02    6.898596e+07
4.369500e+02    6.848795e+07
4.370000e+02    6.802094e+07
4.370500e+02    6.757492e+07
4.371000e+02    6.713591e+07
4.371500e+02    6.669090e+07
4.372000e+02    6.622889e+07
4.372500e+02    6.574587e+07
4.373000e+02    6.524685e+07
4.373500e+02    6.474784e+07
4.374000e+02    6.427783e+07
4.374500e+02    6.387182e+07
4.375000e+02    6.355981e+07
4.375500e+02    6.334480e+07
4.376000e+02    6.320580e+07
4.376500e+02    6.311980e+07
4.377000e+02    6.307979e+07
4.377500e+02    6.308679e+07
4.378000e+02    6.314079e+07
4.378500e+02    6.321780e+07
4.379000e+02    6.326380e+07
4.379500e+02    6.318479e+07
4.380000e+02    6.285378e+07
4.380500e+02    6.217977e+07
4.381000e+02    6.116774e+07
4.381500e+02    5.991770e+07
4.382000e+02    5.857067e+07
4.382500e+02    5.724462e+07
4.383000e+02    5.602559e+07
4.383500e+02    5.495157e+07
4.384000e+02    5.402653e+07
4.384500e+02    5.326552e+07
4.385000e+02    5.275150e+07
4.385500e+02    5.263650e+07
4.386000e+02    5.304051e+07
4.386500e+02    5.394454e+07
4.387000e+02    5.518557e+07
4.387500e+02    5.655160e+07
4.388000e+02    5.785065e+07
4.388500e+02    5.895568e+07
4.389000e+02    5.981571e+07
4.389500e+02    6.046572e+07
4.390000e+02    6.098474e+07
4.390500e+02    6.143875e+07
4.391000e+02    6.186276e+07
4.391500e+02    6.226677e+07
4.392000e+02    6.265578e+07
4.392500e+02    6.303279e+07
4.393000e+02    6.340181e+07
4.393500e+02    6.376281e+07
4.394000e+02    6.411382e+07
4.394500e+02    6.445683e+07
4.395000e+02    6.479484e+07
4.395500e+02    6.513586e+07
4.396000e+02    6.548887e+07
4.396500e+02    6.586487e+07
4.397000e+02    6.626789e+07
4.397500e+02    6.668890e+07
4.398000e+02    6.709891e+07
4.398500e+02    6.744092e+07
4.399000e+02    6.762493e+07
4.399500e+02    6.755792e+07
4.400000e+02    6.720291e+07
4.400500e+02    6.660590e+07
4.401000e+02    6.585888e+07
4.401500e+02    6.503885e+07
4.402000e+02    6.418283e+07
4.402500e+02    6.330280e+07
4.403000e+02    6.240978e+07
4.403500e+02    6.152675e+07
4.404000e+02    6.070673e+07
4.404500e+02    6.003571e+07
4.405000e+02    5.960470e+07
4.405500e+02    5.945570e+07
4.406000e+02    5.955269e+07
4.406500e+02    5.982870e+07
4.407000e+02    6.025271e+07
4.407500e+02    6.084673e+07
4.408000e+02    6.164276e+07
4.408500e+02    6.262779e+07
4.409000e+02    6.373681e+07
4.409500e+02    6.488285e+07
4.410000e+02    6.598488e+07
4.410500e+02    6.698190e+07
4.411000e+02    6.784993e+07
4.411500e+02    6.859395e+07
4.412000e+02    6.921797e+07
4.412500e+02    6.968199e+07
4.413000e+02    6.989299e+07
4.413500e+02    6.977699e+07
4.414000e+02    6.934997e+07
4.414500e+02    6.872496e+07
4.415000e+02    6.806794e+07
4.415500e+02    6.755092e+07
4.416000e+02    6.731292e+07
4.416500e+02    6.740991e+07
4.417000e+02    6.779293e+07
4.417500e+02    6.834995e+07
4.418000e+02    6.898697e+07
4.418500e+02    6.964599e+07
4.419000e+02    7.030201e+07
4.419500e+02    7.094201e+07
4.420000e+02    7.154904e+07
4.420500e+02    7.208205e+07
4.421000e+02    7.246707e+07
4.421500e+02    7.262607e+07
4.422000e+02    7.252607e+07
4.422500e+02    7.221506e+07
4.423000e+02    7.178605e+07
4.423500e+02    7.133604e+07
4.424000e+02    7.093802e+07
4.424500e+02    7.063101e+07
4.425000e+02    7.041701e+07
4.425500e+02    7.027799e+07
4.426000e+02    7.019499e+07
4.426500e+02    7.017200e+07
4.427000e+02    7.022700e+07
4.427500e+02    7.036700e+07
4.428000e+02    7.057301e+07
4.428500e+02    7.080702e+07
4.429000e+02    7.101902e+07
4.429500e+02    7.115802e+07
4.430000e+02    7.119403e+07
4.430500e+02    7.112503e+07
4.431000e+02    7.097902e+07
4.431500e+02    7.078202e+07
4.432000e+02    7.054500e+07
4.432500e+02    7.026200e+07
4.433000e+02    6.993299e+07
4.433500e+02    6.957198e+07
4.434000e+02    6.921097e+07
4.434500e+02    6.890597e+07
4.435000e+02    6.872095e+07
4.435500e+02    6.870395e+07
4.436000e+02    6.885396e+07
4.436500e+02    6.912997e+07
4.437000e+02    6.948298e+07
4.437500e+02    6.988600e+07
4.438000e+02    7.033401e+07
4.438500e+02    7.082102e+07
4.439000e+02    7.133003e+07
4.439500e+02    7.182305e+07
4.440000e+02    7.223906e+07
4.440500e+02    7.250506e+07
4.441000e+02    7.256906e+07
4.441500e+02    7.244206e+07
4.442000e+02    7.219405e+07
4.442500e+02    7.192505e+07
4.443000e+02    7.173304e+07
4.443500e+02    7.169704e+07
4.444000e+02    7.184505e+07
4.444500e+02    7.214505e+07
4.445000e+02    7.252906e+07
4.445500e+02    7.293308e+07
4.446000e+02    7.330808e+07
4.446500e+02    7.363010e+07
4.447000e+02    7.389710e+07
4.447500e+02    7.411811e+07
4.448000e+02    7.429811e+07
4.448500e+02    7.442412e+07
4.449000e+02    7.447312e+07
4.449500e+02    7.443511e+07
4.450000e+02    7.431912e+07
4.450500e+02    7.414111e+07
4.451000e+02    7.389610e+07
4.451500e+02    7.355510e+07
4.452000e+02    7.309209e+07
4.452500e+02    7.250907e+07
4.453000e+02    7.183704e+07
4.453500e+02    7.111003e+07
4.454000e+02    7.034700e+07
4.454500e+02    6.955198e+07
4.455000e+02    6.873196e+07
4.455500e+02    6.790194e+07
4.456000e+02    6.709191e+07
4.456500e+02    6.635389e+07
4.457000e+02    6.575187e+07
4.457500e+02    6.532785e+07
4.458000e+02    6.507585e+07
4.458500e+02    6.495185e+07
4.459000e+02    6.491184e+07
4.459500e+02    6.494485e+07
4.460000e+02    6.506286e+07
4.460500e+02    6.527486e+07
4.461000e+02    6.556586e+07
4.461500e+02    6.591387e+07
4.462000e+02    6.631189e+07
4.462500e+02    6.676791e+07
4.463000e+02    6.729692e+07
4.463500e+02    6.789194e+07
4.464000e+02    6.853095e+07
4.464500e+02    6.918197e+07
4.465000e+02    6.981399e+07
4.465500e+02    7.040100e+07
4.466000e+02    7.093201e+07
4.466500e+02    7.141003e+07
4.467000e+02    7.183805e+07
4.467500e+02    7.220206e+07
4.468000e+02    7.247106e+07
4.468500e+02    7.262107e+07
4.469000e+02    7.266307e+07
4.469500e+02    7.264407e+07
4.470000e+02    7.263407e+07
4.470500e+02    7.271107e+07
4.471000e+02    7.293908e+07
4.471500e+02    7.334209e+07
4.472000e+02    7.388510e+07
4.472500e+02    7.450313e+07
4.473000e+02    7.512514e+07
4.473500e+02    7.569715e+07
4.474000e+02    7.618817e+07
4.474500e+02    7.659618e+07
4.475000e+02    7.694020e+07
4.475500e+02    7.723620e+07
4.476000e+02    7.748321e+07
4.476500e+02    7.766621e+07
4.477000e+02    7.777722e+07
4.477500e+02    7.782122e+07
4.478000e+02    7.779922e+07
4.478500e+02    7.768521e+07
4.479000e+02    7.742820e+07
4.479500e+02    7.698819e+07
4.480000e+02    7.637918e+07
4.480500e+02    7.567316e+07
4.481000e+02    7.497814e+07
4.481500e+02    7.441612e+07
4.482000e+02    7.409210e+07
4.482500e+02    7.404711e+07
4.483000e+02    7.423612e+07
4.483500e+02    7.456612e+07
4.484000e+02    7.496013e+07
4.484500e+02    7.537114e+07
4.485000e+02    7.578015e+07
4.485500e+02    7.617617e+07
4.486000e+02    7.654617e+07
4.486500e+02    7.686419e+07
4.487000e+02    7.708420e+07
4.487500e+02    7.715419e+07
4.488000e+02    7.705819e+07
4.488500e+02    7.682919e+07
4.489000e+02    7.652818e+07
4.489500e+02    7.621917e+07
4.490000e+02    7.595016e+07
4.490500e+02    7.574916e+07
4.491000e+02    7.561415e+07
4.491500e+02    7.552415e+07
4.492000e+02    7.544515e+07
4.492500e+02    7.534614e+07
4.493000e+02    7.520414e+07
4.493500e+02    7.501113e+07
4.494000e+02    7.478113e+07
4.494500e+02    7.455012e+07
4.495000e+02    7.437611e+07
4.495500e+02    7.432211e+07
4.496000e+02    7.443112e+07
4.496500e+02    7.469813e+07
4.497000e+02    7.507314e+07
4.497500e+02    7.549815e+07
4.498000e+02    7.592816e+07
4.498500e+02    7.634018e+07
4.499000e+02    7.672618e+07
4.499500e+02    7.708920e+07
4.500000e+02    7.743521e+07
4.500500e+02    7.776621e+07
4.501000e+02    7.808123e+07
4.501500e+02    7.837723e+07
4.502000e+02    7.865924e+07
4.502500e+02    7.893825e+07
4.503000e+02    7.923726e+07
4.503500e+02    7.958126e+07
4.504000e+02    7.999328e+07
4.504500e+02    8.047829e+07
4.505000e+02    8.101331e+07
4.505500e+02    8.155332e+07
4.506000e+02    8.203533e+07
4.506500e+02    8.239535e+07
4.507000e+02    8.259135e+07
4.507500e+02    8.263335e+07
4.508000e+02    8.256934e+07
4.508500e+02    8.245535e+07
4.509000e+02    8.232534e+07
4.509500e+02    8.219334e+07
4.510000e+02    8.206233e+07
4.510500e+02    8.192934e+07
4.511000e+02    8.178933e+07
4.511500e+02    8.163132e+07
4.512000e+02    8.144031e+07
4.512500e+02    8.121031e+07
4.513000e+02    8.094330e+07
4.513500e+02    8.065330e+07
4.514000e+02    8.035629e+07
4.514500e+02    8.006328e+07
4.515000e+02    7.978027e+07
4.515500e+02    7.950927e+07
4.516000e+02    7.925226e+07
4.516500e+02    7.901425e+07
4.517000e+02    7.881524e+07
4.517500e+02    7.868124e+07
4.518000e+02    7.863424e+07
4.518500e+02    7.866824e+07
4.519000e+02    7.875824e+07
4.519500e+02    7.886924e+07
4.520000e+02    7.897325e+07
4.520500e+02    7.905025e+07
4.521000e+02    7.909125e+07
4.521500e+02    7.909225e+07
4.522000e+02    7.904224e+07
4.522500e+02    7.890024e+07
4.523000e+02    7.860924e+07
4.523500e+02    7.812622e+07
4.524000e+02    7.746320e+07
4.524500e+02    7.667718e+07
4.525000e+02    7.583316e+07
4.525500e+02    7.497514e+07
4.526000e+02    7.412610e+07
4.526500e+02    7.329309e+07
4.527000e+02    7.248106e+07
4.527500e+02    7.170004e+07
4.528000e+02    7.097702e+07
4.528500e+02    7.035700e+07
4.529000e+02    6.986898e+07
4.529500e+02    6.950998e+07
4.530000e+02    6.925297e+07
4.530500e+02    6.908296e+07
4.531000e+02    6.901496e+07
4.531500e+02    6.908296e+07
4.532000e+02    6.929597e+07
4.532500e+02    6.962298e+07
4.533000e+02    7.001399e+07
4.533500e+02    7.042100e+07
4.534000e+02    7.081802e+07
4.534500e+02    7.119403e+07
4.535000e+02    7.155203e+07
4.535500e+02    7.190905e+07
4.536000e+02    7.229205e+07
4.536500e+02    7.273708e+07
4.537000e+02    7.327809e+07
4.537500e+02    7.392511e+07
4.538000e+02    7.465013e+07
4.538500e+02    7.539715e+07
4.539000e+02    7.609017e+07
4.539500e+02    7.665218e+07
4.540000e+02    7.703619e+07
4.540500e+02    7.724720e+07
4.541000e+02    7.733620e+07
4.541500e+02    7.735520e+07
4.542000e+02    7.733520e+07
4.542500e+02    7.728220e+07
4.543000e+02    7.720120e+07
4.543500e+02    7.709819e+07
4.544000e+02    7.698019e+07
4.544500e+02    7.685419e+07
4.545000e+02    7.671719e+07
4.545500e+02    7.656817e+07
4.546000e+02    7.640517e+07
4.546500e+02    7.622917e+07
4.547000e+02    7.603117e+07
4.547500e+02    7.579816e+07
4.548000e+02    7.551514e+07
4.548500e+02    7.518114e+07
4.549000e+02    7.482912e+07
4.549500e+02    7.454412e+07
4.550000e+02    7.448012e+07
4.550500e+02    7.483413e+07
4.551000e+02    7.573016e+07
4.551500e+02    7.712019e+07
4.552000e+02    7.877925e+07
4.552500e+02    8.037129e+07
4.553000e+02    8.151632e+07
4.553500e+02    8.189933e+07
4.554000e+02    8.142532e+07
4.554500e+02    8.027829e+07
4.555000e+02    7.881224e+07
4.555500e+02    7.740920e+07
4.556000e+02    7.638118e+07
4.556500e+02    7.590016e+07
4.557000e+02    7.594317e+07
4.557500e+02    7.634218e+07
4.558000e+02    7.690519e+07
4.558500e+02    7.750220e+07
4.559000e+02    7.806822e+07
4.559500e+02    7.858223e+07
4.560000e+02    7.904625e+07
4.560500e+02    7.945726e+07
4.561000e+02    7.978927e+07
4.561500e+02    7.999428e+07
4.562000e+02    8.003628e+07
4.562500e+02    7.992427e+07
4.563000e+02    7.970327e+07
4.563500e+02    7.942926e+07
4.564000e+02    7.914025e+07
4.564500e+02    7.885924e+07
4.565000e+02    7.859824e+07
4.565500e+02    7.836523e+07
4.566000e+02    7.818022e+07
4.566500e+02    7.808722e+07
4.567000e+02    7.814723e+07
4.567500e+02    7.839723e+07
4.568000e+02    7.881724e+07
4.568500e+02    7.932926e+07
4.569000e+02    7.983427e+07
4.569500e+02    8.022528e+07
4.570000e+02    8.042229e+07
4.570500e+02    8.040229e+07
4.571000e+02    8.021628e+07
4.571500e+02    7.995627e+07
4.572000e+02    7.972527e+07
4.572500e+02    7.960927e+07
4.573000e+02    7.965527e+07
4.573500e+02    7.985327e+07
4.574000e+02    8.014128e+07
4.574500e+02    8.044029e+07
4.575000e+02    8.067030e+07
4.575500e+02    8.077131e+07
4.576000e+02    8.072330e+07
4.576500e+02    8.055030e+07
4.577000e+02    8.029228e+07
4.577500e+02    7.997127e+07
4.578000e+02    7.958527e+07
4.578500e+02    7.912625e+07
4.579000e+02    7.860224e+07
4.579500e+02    7.804122e+07
4.580000e+02    7.747421e+07
4.580500e+02    7.693318e+07
4.581000e+02    7.644218e+07
4.581500e+02    7.601117e+07
4.582000e+02    7.563416e+07
4.582500e+02    7.530615e+07
4.583000e+02    7.504314e+07
4.583500e+02    7.487514e+07
4.584000e+02    7.482513e+07
4.584500e+02    7.488313e+07
4.585000e+02    7.501714e+07
4.585500e+02    7.519615e+07
4.586000e+02    7.540915e+07
4.586500e+02    7.565616e+07
4.587000e+02    7.593817e+07
4.587500e+02    7.624517e+07
4.588000e+02    7.655617e+07
4.588500e+02    7.684719e+07
4.589000e+02    7.709319e+07
4.589500e+02    7.727619e+07
4.590000e+02    7.740021e+07
4.590500e+02    7.747720e+07
4.591000e+02    7.751420e+07
4.591500e+02    7.750121e+07
4.592000e+02    7.742221e+07
4.592500e+02    7.727420e+07
4.593000e+02    7.707319e+07
4.593500e+02    7.684819e+07
4.594000e+02    7.663018e+07
4.594500e+02    7.644518e+07
4.595000e+02    7.630818e+07
4.595500e+02    7.621717e+07
4.596000e+02    7.615716e+07
4.596500e+02    7.610617e+07
4.597000e+02    7.604817e+07
4.597500e+02    7.597216e+07
4.598000e+02    7.587316e+07
4.598500e+02    7.576015e+07
4.599000e+02    7.564615e+07
4.599500e+02    7.555315e+07
4.600000e+02    7.550115e+07
4.600500e+02    7.550315e+07
4.601000e+02    7.555515e+07
4.601500e+02    7.564416e+07
4.602000e+02    7.575716e+07
4.602500e+02    7.589416e+07
4.603000e+02    7.606116e+07
4.603500e+02    7.626017e+07
4.604000e+02    7.648517e+07
4.604500e+02    7.672518e+07
4.605000e+02    7.697319e+07
4.605500e+02    7.722719e+07
4.606000e+02    7.748821e+07
4.606500e+02    7.775522e+07
4.607000e+02    7.802722e+07
4.607500e+02    7.830022e+07
4.608000e+02    7.857124e+07
4.608500e+02    7.883524e+07
4.609000e+02    7.908725e+07
4.609500e+02    7.932526e+07
4.610000e+02    7.954327e+07
4.610500e+02    7.972527e+07
4.611000e+02    7.984827e+07
4.611500e+02    7.990027e+07
4.612000e+02    7.988827e+07
4.612500e+02    7.983827e+07
4.613000e+02    7.978027e+07
4.613500e+02    7.974227e+07
4.614000e+02    7.974327e+07
4.614500e+02    7.978628e+07
4.615000e+02    7.986428e+07
4.615500e+02    7.995728e+07
4.616000e+02    8.004927e+07
4.616500e+02    8.012528e+07
4.617000e+02    8.017829e+07
4.617500e+02    8.021029e+07
4.618000e+02    8.022929e+07
4.618500e+02    8.024429e+07
4.619000e+02    8.026528e+07
4.619500e+02    8.029628e+07
4.620000e+02    8.033929e+07
4.620500e+02    8.039129e+07
4.621000e+02    8.045030e+07
4.621500e+02    8.051130e+07
4.622000e+02    8.057629e+07
4.622500e+02    8.064330e+07
4.623000e+02    8.071130e+07
4.623500e+02    8.077730e+07
4.624000e+02    8.083430e+07
4.624500e+02    8.086931e+07
4.625000e+02    8.087131e+07
4.625500e+02    8.083830e+07
4.626000e+02    8.077730e+07
4.626500e+02    8.070730e+07
4.627000e+02    8.064830e+07
4.627500e+02    8.061829e+07
4.628000e+02    8.063029e+07
4.628500e+02    8.068129e+07
4.629000e+02    8.075429e+07
4.629500e+02    8.083030e+07
4.630000e+02    8.088631e+07
4.630500e+02    8.090531e+07
4.631000e+02    8.088330e+07
4.631500e+02    8.082529e+07
4.632000e+02    8.074030e+07
4.632500e+02    8.062729e+07
4.633000e+02    8.047829e+07
4.633500e+02    8.028829e+07
4.634000e+02    8.006328e+07
4.634500e+02    7.981427e+07
4.635000e+02    7.955226e+07
4.635500e+02    7.928025e+07
4.636000e+02    7.899525e+07
4.636500e+02    7.869324e+07
4.637000e+02    7.838123e+07
4.637500e+02    7.807022e+07
4.638000e+02    7.778522e+07
4.638500e+02    7.755021e+07
4.639000e+02    7.738220e+07
4.639500e+02    7.727820e+07
4.640000e+02    7.721820e+07
4.640500e+02    7.718319e+07
4.641000e+02    7.715820e+07
4.641500e+02    7.713820e+07
4.642000e+02    7.711920e+07
4.642500e+02    7.709519e+07
4.643000e+02    7.704419e+07
4.643500e+02    7.693119e+07
4.644000e+02    7.670818e+07
4.644500e+02    7.634817e+07
4.645000e+02    7.586616e+07
4.645500e+02    7.531514e+07
4.646000e+02    7.476113e+07
4.646500e+02    7.427212e+07
4.647000e+02    7.389910e+07
4.647500e+02    7.365710e+07
4.648000e+02    7.352509e+07
4.648500e+02    7.347910e+07
4.649000e+02    7.352509e+07
4.649500e+02    7.369309e+07
4.650000e+02    7.400511e+07
4.650500e+02    7.444312e+07
4.651000e+02    7.495213e+07
4.651500e+02    7.545614e+07
4.652000e+02    7.588416e+07
4.652500e+02    7.617916e+07
4.653000e+02    7.633117e+07
4.653500e+02    7.637118e+07
4.654000e+02    7.635418e+07
4.654500e+02    7.632917e+07
4.655000e+02    7.632917e+07
4.655500e+02    7.636817e+07
4.656000e+02    7.644718e+07
4.656500e+02    7.656018e+07
4.657000e+02    7.670918e+07
4.657500e+02    7.690618e+07
4.658000e+02    7.716419e+07
4.658500e+02    7.748321e+07
4.659000e+02    7.783622e+07
4.659500e+02    7.817122e+07
4.660000e+02    7.841523e+07
4.660500e+02    7.848824e+07
4.661000e+02    7.834523e+07
4.661500e+02    7.800722e+07
4.662000e+02    7.754021e+07
4.662500e+02    7.701319e+07
4.663000e+02    7.646618e+07
4.663500e+02    7.591916e+07
4.664000e+02    7.537515e+07
4.664500e+02    7.483413e+07
4.665000e+02    7.428912e+07
4.665500e+02    7.373110e+07
4.666000e+02    7.315109e+07
4.666500e+02    7.254607e+07
4.667000e+02    7.193105e+07
4.667500e+02    7.134603e+07
4.668000e+02    7.087601e+07
4.668500e+02    7.064701e+07
4.669000e+02    7.077301e+07
4.669500e+02    7.127403e+07
4.670000e+02    7.205505e+07
4.670500e+02    7.295908e+07
4.671000e+02    7.383610e+07
4.671500e+02    7.457413e+07
4.672000e+02    7.512014e+07
4.672500e+02    7.548814e+07
4.673000e+02    7.574016e+07
4.673500e+02    7.593516e+07
4.674000e+02    7.611316e+07
4.674500e+02    7.629017e+07
4.675000e+02    7.646817e+07
4.675500e+02    7.664119e+07
4.676000e+02    7.678918e+07
4.676500e+02    7.687619e+07
4.677000e+02    7.685819e+07
4.677500e+02    7.670818e+07
4.678000e+02    7.644218e+07
4.678500e+02    7.610717e+07
4.679000e+02    7.576416e+07
4.679500e+02    7.546815e+07
4.680000e+02    7.526114e+07
4.680500e+02    7.515314e+07
4.681000e+02    7.512813e+07
4.681500e+02    7.515914e+07
4.682000e+02    7.523614e+07
4.682500e+02    7.536414e+07
4.683000e+02    7.554815e+07
4.683500e+02    7.578015e+07
4.684000e+02    7.603716e+07
4.684500e+02    7.629317e+07
4.685000e+02    7.652118e+07
4.685500e+02    7.670418e+07
4.686000e+02    7.683619e+07
4.686500e+02    7.692619e+07
4.687000e+02    7.699019e+07
4.687500e+02    7.703419e+07
4.688000e+02    7.705520e+07
4.688500e+02    7.705020e+07
4.689000e+02    7.702219e+07
4.689500e+02    7.697519e+07
4.690000e+02    7.691419e+07
4.690500e+02    7.683919e+07
4.691000e+02    7.675119e+07
4.691500e+02    7.665318e+07
4.692000e+02    7.655418e+07
4.692500e+02    7.646918e+07
4.693000e+02    7.642518e+07
4.693500e+02    7.644617e+07
4.694000e+02    7.654718e+07
4.694500e+02    7.671419e+07
4.695000e+02    7.690618e+07
4.695500e+02    7.706619e+07
4.696000e+02    7.712519e+07
4.696500e+02    7.702820e+07
4.697000e+02    7.676119e+07
4.697500e+02    7.636517e+07
4.698000e+02    7.590016e+07
4.698500e+02    7.541514e+07
4.699000e+02    7.494114e+07
4.699500e+02    7.449212e+07
4.700000e+02    7.406811e+07
4.700500e+02    7.366310e+07
4.701000e+02    7.327009e+07
4.701500e+02    7.288507e+07
4.702000e+02    7.250806e+07
4.702500e+02    7.214105e+07
4.703000e+02    7.179105e+07
4.703500e+02    7.148004e+07
4.704000e+02    7.125003e+07
4.704500e+02    7.115603e+07
4.705000e+02    7.122402e+07
4.705500e+02    7.143303e+07
4.706000e+02    7.172704e+07
4.706500e+02    7.204205e+07
4.707000e+02    7.232806e+07
4.707500e+02    7.255706e+07
4.708000e+02    7.272506e+07
4.708500e+02    7.285208e+07
4.709000e+02    7.297108e+07
4.709500e+02    7.311909e+07
4.710000e+02    7.332609e+07
4.710500e+02    7.360810e+07
4.711000e+02    7.395211e+07
4.711500e+02    7.433011e+07
4.712000e+02    7.470212e+07
4.712500e+02    7.503414e+07
4.713000e+02    7.530214e+07
4.713500e+02    7.550415e+07
4.714000e+02    7.566116e+07
4.714500e+02    7.580816e+07
4.715000e+02    7.598517e+07
4.715500e+02    7.622817e+07
4.716000e+02    7.655518e+07
4.716500e+02    7.695619e+07
4.717000e+02    7.740620e+07
4.717500e+02    7.787621e+07
4.718000e+02    7.834923e+07
4.718500e+02    7.881524e+07
4.719000e+02    7.926926e+07
4.719500e+02    7.970427e+07
4.720000e+02    8.010628e+07
4.720500e+02    8.043929e+07
4.721000e+02    8.066129e+07
4.721500e+02    8.074830e+07
4.722000e+02    8.071730e+07
4.722500e+02    8.060729e+07
4.723000e+02    8.045729e+07
4.723500e+02    8.028728e+07
4.724000e+02    8.010228e+07
4.724500e+02    7.990328e+07
4.725000e+02    7.968527e+07
4.725500e+02    7.943526e+07
4.726000e+02    7.911925e+07
4.726500e+02    7.869923e+07
4.727000e+02    7.815723e+07
4.727500e+02    7.751221e+07
4.728000e+02    7.681818e+07
4.728500e+02    7.614317e+07
4.729000e+02    7.555616e+07
4.729500e+02    7.510714e+07
4.730000e+02    7.480613e+07
4.730500e+02    7.462513e+07
4.731000e+02    7.453512e+07
4.731500e+02    7.453512e+07
4.732000e+02    7.465112e+07
4.732500e+02    7.489514e+07
4.733000e+02    7.524714e+07
4.733500e+02    7.565215e+07
4.734000e+02    7.604817e+07
4.734500e+02    7.637618e+07
4.735000e+02    7.659418e+07
4.735500e+02    7.669918e+07
4.736000e+02    7.672419e+07
4.736500e+02    7.672018e+07
4.737000e+02    7.673619e+07
4.737500e+02    7.681318e+07
4.738000e+02    7.696819e+07
4.738500e+02    7.719319e+07
4.739000e+02    7.745621e+07
4.739500e+02    7.772422e+07
4.740000e+02    7.796522e+07
4.740500e+02    7.815923e+07
4.741000e+02    7.830223e+07
4.741500e+02    7.840923e+07
4.742000e+02    7.850323e+07
4.742500e+02    7.860824e+07
4.743000e+02    7.874224e+07
4.743500e+02    7.891325e+07
4.744000e+02    7.911625e+07
4.744500e+02    7.933426e+07
4.745000e+02    7.954627e+07
4.745500e+02    7.972927e+07
4.746000e+02    7.986627e+07
4.746500e+02    7.995528e+07
4.747000e+02    8.000828e+07
4.747500e+02    8.004228e+07
4.748000e+02    8.007128e+07
4.748500e+02    8.010128e+07
4.749000e+02    8.013429e+07
4.749500e+02    8.016428e+07
4.750000e+02    8.018028e+07
4.750500e+02    8.015328e+07
4.751000e+02    8.004228e+07
4.751500e+02    7.981828e+07
4.752000e+02    7.948126e+07
4.752500e+02    7.906525e+07
4.753000e+02    7.862123e+07
4.753500e+02    7.819722e+07
4.754000e+02    7.783021e+07
4.754500e+02    7.753620e+07
4.755000e+02    7.730720e+07
4.755500e+02    7.713520e+07
4.756000e+02    7.702719e+07
4.756500e+02    7.701120e+07
4.757000e+02    7.712019e+07
4.757500e+02    7.735020e+07
4.758000e+02    7.765921e+07
4.758500e+02    7.797722e+07
4.759000e+02    7.821922e+07
4.759500e+02    7.831222e+07
4.760000e+02    7.822123e+07
4.760500e+02    7.797022e+07
4.761000e+02    7.761821e+07
4.761500e+02    7.722219e+07
4.762000e+02    7.682019e+07
4.762500e+02    7.643018e+07
4.763000e+02    7.605817e+07
4.763500e+02    7.570615e+07
4.764000e+02    7.538314e+07
4.764500e+02    7.510714e+07
4.765000e+02    7.490613e+07
4.765500e+02    7.479213e+07
4.766000e+02    7.475612e+07
4.766500e+02    7.478413e+07
4.767000e+02    7.487313e+07
4.767500e+02    7.504614e+07
4.768000e+02    7.532315e+07
4.768500e+02    7.570316e+07
4.769000e+02    7.615216e+07
4.769500e+02    7.662218e+07
4.770000e+02    7.706619e+07
4.770500e+02    7.744820e+07
4.771000e+02    7.775421e+07
4.771500e+02    7.799522e+07
4.772000e+02    7.820423e+07
4.772500e+02    7.842023e+07
4.773000e+02    7.868024e+07
4.773500e+02    7.900825e+07
4.774000e+02    7.940426e+07
4.774500e+02    7.984528e+07
4.775000e+02    8.029829e+07
4.775500e+02    8.072729e+07
4.776000e+02    8.110531e+07
4.776500e+02    8.141932e+07
4.777000e+02    8.167233e+07
4.777500e+02    8.186533e+07
4.778000e+02    8.197134e+07
4.778500e+02    8.193733e+07
4.779000e+02    8.171833e+07
4.779500e+02    8.131732e+07
4.780000e+02    8.079331e+07
4.780500e+02    8.023528e+07
4.781000e+02    7.972927e+07
4.781500e+02    7.934026e+07
4.782000e+02    7.909326e+07
4.782500e+02    7.896325e+07
4.783000e+02    7.890125e+07
4.783500e+02    7.885525e+07
4.784000e+02    7.879024e+07
4.784500e+02    7.869124e+07
4.785000e+02    7.856023e+07
4.785500e+02    7.841123e+07
4.786000e+02    7.826122e+07
4.786500e+02    7.812823e+07
4.787000e+02    7.802422e+07
4.787500e+02    7.795322e+07
4.788000e+02    7.791022e+07
4.788500e+02    7.788922e+07
4.789000e+02    7.789322e+07
4.789500e+02    7.793822e+07
4.790000e+02    7.803722e+07
4.790500e+02    7.819323e+07
4.791000e+02    7.839823e+07
4.791500e+02    7.864323e+07
4.792000e+02    7.893525e+07
4.792500e+02    7.928826e+07
4.793000e+02    7.970626e+07
4.793500e+02    8.017428e+07
4.794000e+02    8.065530e+07
4.794500e+02    8.110031e+07
4.795000e+02    8.145632e+07
4.795500e+02    8.168433e+07
4.796000e+02    8.178633e+07
4.796500e+02    8.179033e+07
4.797000e+02    8.172833e+07
4.797500e+02    8.160432e+07
4.798000e+02    8.140831e+07
4.798500e+02    8.113132e+07
4.799000e+02    8.079030e+07
4.799500e+02    8.042329e+07
4.800000e+02    8.007428e+07
4.800500e+02    7.979027e+07
4.801000e+02    7.960027e+07
4.801500e+02    7.950427e+07
4.802000e+02    7.947626e+07
4.802500e+02    7.948626e+07
4.803000e+02    7.952127e+07
4.803500e+02    7.957626e+07
4.804000e+02    7.965327e+07
4.804500e+02    7.974427e+07
4.805000e+02    7.983227e+07
4.805500e+02    7.988527e+07
4.806000e+02    7.986228e+07
4.806500e+02    7.973627e+07
4.807000e+02    7.951126e+07
4.807500e+02    7.922425e+07
4.808000e+02    7.893724e+07
4.808500e+02    7.871424e+07
4.809000e+02    7.861224e+07
4.809500e+02    7.865023e+07
4.810000e+02    7.880724e+07
4.810500e+02    7.903724e+07
4.811000e+02    7.930425e+07
4.811500e+02    7.959326e+07
4.812000e+02    7.990027e+07
4.812500e+02    8.022528e+07
4.813000e+02    8.056129e+07
4.813500e+02    8.089630e+07
4.814000e+02    8.121531e+07
4.814500e+02    8.150532e+07
4.815000e+02    8.175833e+07
4.815500e+02    8.197433e+07
4.816000e+02    8.215134e+07
4.816500e+02    8.227235e+07
4.817000e+02    8.230134e+07
4.817500e+02    8.221234e+07
4.818000e+02    8.201133e+07
4.818500e+02    8.173432e+07
4.819000e+02    8.142831e+07
4.819500e+02    8.113031e+07
4.820000e+02    8.086330e+07
4.820500e+02    8.063330e+07
4.821000e+02    8.043229e+07
4.821500e+02    8.024229e+07
4.822000e+02    8.004828e+07
4.822500e+02    7.983627e+07
4.823000e+02    7.960227e+07
4.823500e+02    7.935126e+07
4.824000e+02    7.910025e+07
4.824500e+02    7.887624e+07
4.825000e+02    7.871625e+07
4.825500e+02    7.865724e+07
4.826000e+02    7.871024e+07
4.826500e+02    7.885224e+07
4.827000e+02    7.903425e+07
4.827500e+02    7.920026e+07
4.828000e+02    7.930026e+07
4.828500e+02    7.930326e+07
4.829000e+02    7.921125e+07
4.829500e+02    7.905426e+07
4.830000e+02    7.886525e+07
4.830500e+02    7.867223e+07
4.831000e+02    7.849223e+07
4.831500e+02    7.833023e+07
4.832000e+02    7.818722e+07
4.832500e+02    7.806622e+07
4.833000e+02    7.797822e+07
4.833500e+02    7.794122e+07
4.834000e+02    7.796822e+07
4.834500e+02    7.805322e+07
4.835000e+02    7.816822e+07
4.835500e+02    7.827322e+07
4.836000e+02    7.832222e+07
4.836500e+02    7.827623e+07
4.837000e+02    7.812222e+07
4.837500e+02    7.788121e+07
4.838000e+02    7.759720e+07
4.838500e+02    7.731420e+07
4.839000e+02    7.706619e+07
4.839500e+02    7.687218e+07
4.840000e+02    7.673318e+07
4.840500e+02    7.663419e+07
4.841000e+02    7.656218e+07
4.841500e+02    7.651618e+07
4.842000e+02    7.649717e+07
4.842500e+02    7.650918e+07
4.843000e+02    7.654617e+07
4.843500e+02    7.660118e+07
4.844000e+02    7.667118e+07
4.844500e+02    7.676018e+07
4.845000e+02    7.687218e+07
4.845500e+02    7.700319e+07
4.846000e+02    7.714219e+07
4.846500e+02    7.726220e+07
4.847000e+02    7.733120e+07
4.847500e+02    7.731720e+07
4.848000e+02    7.720820e+07
4.848500e+02    7.702219e+07
4.849000e+02    7.679918e+07
4.849500e+02    7.658019e+07
4.850000e+02    7.639818e+07
4.850500e+02    7.627517e+07
4.851000e+02    7.620617e+07
4.851500e+02    7.616317e+07
4.852000e+02    7.609917e+07
4.852500e+02    7.594916e+07
4.853000e+02    7.565616e+07
4.853500e+02    7.520014e+07
4.854000e+02    7.460613e+07
4.854500e+02    7.392610e+07
4.855000e+02    7.319509e+07
4.855500e+02    7.242406e+07
4.856000e+02    7.161303e+07
4.856500e+02    7.076601e+07
4.857000e+02    6.988699e+07
4.857500e+02    6.896896e+07
4.858000e+02    6.798894e+07
4.858500e+02    6.692191e+07
4.859000e+02    6.576187e+07
4.859500e+02    6.454384e+07
4.860000e+02    6.334680e+07
4.860500e+02    6.230077e+07
4.861000e+02    6.155575e+07
4.861500e+02    6.121074e+07
4.862000e+02    6.124974e+07
4.862500e+02    6.156375e+07
4.863000e+02    6.205076e+07
4.863500e+02    6.266979e+07
4.864000e+02    6.342381e+07
4.864500e+02    6.431084e+07
4.865000e+02    6.529385e+07
4.865500e+02    6.630189e+07
4.866000e+02    6.724992e+07
4.866500e+02    6.805393e+07
4.867000e+02    6.866296e+07
4.867500e+02    6.908296e+07
4.868000e+02    6.935997e+07
4.868500e+02    6.952398e+07
4.869000e+02    6.955898e+07
4.869500e+02    6.942897e+07
4.870000e+02    6.912597e+07
4.870500e+02    6.869395e+07
4.871000e+02    6.822194e+07
4.871500e+02    6.781793e+07
4.872000e+02    6.758593e+07
4.872500e+02    6.758993e+07
4.873000e+02    6.781493e+07
4.873500e+02    6.819694e+07
4.874000e+02    6.866495e+07
4.874500e+02    6.918397e+07
4.875000e+02    6.974099e+07
4.875500e+02    7.033000e+07
4.876000e+02    7.093602e+07
4.876500e+02    7.154003e+07
4.877000e+02    7.211006e+07
4.877500e+02    7.261607e+07
4.878000e+02    7.304107e+07
4.878500e+02    7.338908e+07
4.879000e+02    7.368010e+07
4.879500e+02    7.392511e+07
4.880000e+02    7.411711e+07
4.880500e+02    7.423612e+07
4.881000e+02    7.427712e+07
4.881500e+02    7.425312e+07
4.882000e+02    7.418212e+07
4.882500e+02    7.406411e+07
4.883000e+02    7.388811e+07
4.883500e+02    7.364210e+07
4.884000e+02    7.333209e+07
4.884500e+02    7.297608e+07
4.885000e+02    7.258907e+07
4.885500e+02    7.217505e+07
4.886000e+02    7.173104e+07
4.886500e+02    7.125503e+07
4.887000e+02    7.075702e+07
4.887500e+02    7.025599e+07
4.888000e+02    6.977598e+07
4.888500e+02    6.934097e+07
4.889000e+02    6.896596e+07
4.889500e+02    6.865396e+07
4.890000e+02    6.841495e+07
4.890500e+02    6.829894e+07
4.891000e+02    6.840995e+07
4.891500e+02    6.885196e+07
4.892000e+02    6.965398e+07
4.892500e+02    7.073701e+07
4.893000e+02    7.196405e+07
4.893500e+02    7.321108e+07
4.894000e+02    7.439111e+07
4.894500e+02    7.546114e+07
4.895000e+02    7.641818e+07
4.895500e+02    7.727820e+07
4.896000e+02    7.803222e+07
4.896500e+02    7.863424e+07
4.897000e+02    7.903025e+07
4.897500e+02    7.920526e+07
4.898000e+02    7.920725e+07
4.898500e+02    7.910625e+07
4.899000e+02    7.895125e+07
4.899500e+02    7.875824e+07
4.900000e+02    7.853123e+07
4.900500e+02    7.827822e+07
4.901000e+02    7.801821e+07
4.901500e+02    7.778522e+07
4.902000e+02    7.762521e+07
4.902500e+02    7.757821e+07
4.903000e+02    7.765521e+07
4.903500e+02    7.782422e+07
4.904000e+02    7.802222e+07
4.904500e+02    7.817322e+07
4.905000e+02    7.820823e+07
4.905500e+02    7.808423e+07
4.906000e+02    7.780922e+07
4.906500e+02    7.743021e+07
4.907000e+02    7.699420e+07
4.907500e+02    7.653318e+07
4.908000e+02    7.606317e+07
4.908500e+02    7.559316e+07
4.909000e+02    7.513414e+07
4.909500e+02    7.470613e+07
4.910000e+02    7.435112e+07
4.910500e+02    7.411411e+07
4.911000e+02    7.402610e+07
4.911500e+02    7.407211e+07
4.912000e+02    7.420611e+07
4.912500e+02    7.437812e+07
4.913000e+02    7.455713e+07
4.913500e+02    7.472313e+07
4.914000e+02    7.486413e+07
4.914500e+02    7.496513e+07
4.915000e+02    7.498714e+07
4.915500e+02    7.484614e+07
4.916000e+02    7.443612e+07
4.916500e+02    7.369710e+07
4.917000e+02    7.266906e+07
4.917500e+02    7.147403e+07
4.918000e+02    7.025500e+07
4.918500e+02    6.914497e+07
4.919000e+02    6.823495e+07
4.919500e+02    6.754992e+07
4.920000e+02    6.705691e+07
4.920500e+02    6.672389e+07
4.921000e+02    6.657689e+07
4.921500e+02    6.668790e+07
4.922000e+02    6.710491e+07
4.922500e+02    6.779192e+07
4.923000e+02    6.864795e+07
4.923500e+02    6.956898e+07
4.924000e+02    7.048200e+07
4.924500e+02    7.134603e+07
4.925000e+02    7.215205e+07
4.925500e+02    7.290707e+07
4.926000e+02    7.362110e+07
4.926500e+02    7.428611e+07
4.927000e+02    7.488113e+07
4.927500e+02    7.539215e+07
4.928000e+02    7.582416e+07
4.928500e+02    7.619217e+07
4.929000e+02    7.649717e+07
4.929500e+02    7.671818e+07
4.930000e+02    7.683019e+07
4.930500e+02    7.682919e+07
4.931000e+02    7.674018e+07
4.931500e+02    7.659218e+07
4.932000e+02    7.639318e+07
4.932500e+02    7.613617e+07
4.933000e+02    7.581016e+07
4.933500e+02    7.542515e+07
4.934000e+02    7.500014e+07
4.934500e+02    7.455713e+07
4.935000e+02    7.410910e+07
4.935500e+02    7.366410e+07
4.936000e+02    7.322609e+07
4.936500e+02    7.280607e+07
4.937000e+02    7.243106e+07
4.937500e+02    7.215305e+07
4.938000e+02    7.203906e+07
4.938500e+02    7.212406e+07
4.939000e+02    7.238907e+07
4.939500e+02    7.277807e+07
4.940000e+02    7.324309e+07
4.940500e+02    7.376410e+07
4.941000e+02    7.434312e+07
4.941500e+02    7.497314e+07
4.942000e+02    7.563216e+07
4.942500e+02    7.628417e+07
4.943000e+02    7.687819e+07
4.943500e+02    7.736520e+07
4.944000e+02    7.772021e+07
4.944500e+02    7.795622e+07
4.945000e+02    7.811523e+07
4.945500e+02    7.823523e+07
4.946000e+02    7.834023e+07
4.946500e+02    7.843823e+07
4.947000e+02    7.853424e+07
4.947500e+02    7.862524e+07
4.948000e+02    7.870824e+07
4.948500e+02    7.876924e+07
4.949000e+02    7.879324e+07
4.949500e+02    7.877225e+07
4.950000e+02    7.870625e+07
4.950500e+02    7.860224e+07
4.951000e+02    7.845523e+07
4.951500e+02    7.824823e+07
4.952000e+02    7.796122e+07
4.952500e+02    7.759121e+07
4.953000e+02    7.715020e+07
4.953500e+02    7.664318e+07
4.954000e+02    7.604516e+07
4.954500e+02    7.531615e+07
4.955000e+02    7.443912e+07
4.955500e+02    7.344409e+07
4.956000e+02    7.242206e+07
4.956500e+02    7.151103e+07
4.957000e+02    7.088202e+07
4.957500e+02    7.066401e+07
4.958000e+02    7.087502e+07
4.958500e+02    7.140404e+07
4.959000e+02    7.210006e+07
4.959500e+02    7.284208e+07
4.960000e+02    7.356609e+07
4.960500e+02    7.424211e+07
4.961000e+02    7.486613e+07
4.961500e+02    7.543714e+07
4.962000e+02    7.593516e+07
4.962500e+02    7.631917e+07
4.963000e+02    7.655018e+07
4.963500e+02    7.662718e+07
4.964000e+02    7.659418e+07
4.964500e+02    7.651118e+07
4.965000e+02    7.642518e+07
4.965500e+02    7.636918e+07
4.966000e+02    7.635517e+07
4.966500e+02    7.637717e+07
4.967000e+02    7.641618e+07
4.967500e+02    7.644417e+07
4.968000e+02    7.643518e+07
4.968500e+02    7.636918e+07
4.969000e+02    7.624917e+07
4.969500e+02    7.609917e+07
4.970000e+02    7.596316e+07
4.970500e+02    7.589616e+07
4.971000e+02    7.595016e+07
4.971500e+02    7.614917e+07
4.972000e+02    7.646618e+07
4.972500e+02    7.684018e+07
4.973000e+02    7.719020e+07
4.973500e+02    7.743721e+07
4.974000e+02    7.752721e+07
4.974500e+02    7.745421e+07
4.975000e+02    7.726020e+07
4.975500e+02    7.700019e+07
4.976000e+02    7.671019e+07
4.976500e+02    7.640818e+07
4.977000e+02    7.609917e+07
4.977500e+02    7.578215e+07
4.978000e+02    7.544615e+07
4.978500e+02    7.506414e+07
4.979000e+02    7.459712e+07
4.979500e+02    7.401311e+07
4.980000e+02    7.331209e+07
4.980500e+02    7.253607e+07
4.981000e+02    7.175005e+07
4.981500e+02    7.102602e+07
4.982000e+02    7.042800e+07
4.982500e+02    6.998799e+07
4.983000e+02    6.969298e+07
4.983500e+02    6.952198e+07
4.984000e+02    6.948898e+07
4.984500e+02    6.965299e+07
4.985000e+02    7.007099e+07
4.985500e+02    7.073501e+07
4.986000e+02    7.156304e+07
4.986500e+02    7.243706e+07
4.987000e+02    7.324208e+07
4.987500e+02    7.388710e+07
4.988000e+02    7.433612e+07
4.988500e+02    7.461612e+07
4.989000e+02    7.479313e+07
4.989500e+02    7.492813e+07
4.990000e+02    7.505614e+07
4.990500e+02    7.519314e+07
4.991000e+02    7.533914e+07
4.991500e+02    7.548715e+07
4.992000e+02    7.562115e+07
4.992500e+02    7.572415e+07
4.993000e+02    7.577715e+07
4.993500e+02    7.577416e+07
4.994000e+02    7.572615e+07
4.994500e+02    7.565616e+07
4.995000e+02    7.558215e+07
4.995500e+02    7.551815e+07
4.996000e+02    7.546915e+07
4.996500e+02    7.543015e+07
4.997000e+02    7.538814e+07
4.997500e+02    7.531514e+07
4.998000e+02    7.516914e+07
4.998500e+02    7.490513e+07
4.999000e+02    7.450512e+07
4.999500e+02    7.399410e+07
5.000000e+02    7.342308e+07
5.000500e+02    7.285307e+07
5.001000e+02    7.233006e+07
5.001500e+02    7.188605e+07
5.002000e+02    7.152003e+07
5.002500e+02    7.121003e+07
5.003000e+02    7.092802e+07
5.003500e+02    7.065101e+07
5.004000e+02    7.036801e+07
5.004500e+02    7.007700e+07
5.005000e+02    6.978598e+07
5.005500e+02    6.951897e+07
5.006000e+02    6.932498e+07
5.006500e+02    6.926997e+07
5.007000e+02    6.939998e+07
5.007500e+02    6.970899e+07
5.008000e+02    7.013200e+07
5.008500e+02    7.057601e+07
5.009000e+02    7.094702e+07
5.009500e+02    7.116603e+07
5.010000e+02    7.120603e+07
5.010500e+02    7.109303e+07
5.011000e+02    7.088801e+07
5.011500e+02    7.064701e+07
5.012000e+02    7.040501e+07
5.012500e+02    7.017600e+07
5.013000e+02    6.996699e+07
5.013500e+02    6.977799e+07
5.014000e+02    6.961399e+07
5.014500e+02    6.948598e+07
5.015000e+02    6.940897e+07
5.015500e+02    6.938798e+07
5.016000e+02    6.941298e+07
5.016500e+02    6.946598e+07
5.017000e+02    6.953597e+07
5.017500e+02    6.961998e+07
5.018000e+02    6.971899e+07
5.018500e+02    6.983599e+07
5.019000e+02    6.996900e+07
5.019500e+02    7.012199e+07
5.020000e+02    7.030400e+07
5.020500e+02    7.052600e+07
5.021000e+02    7.079001e+07
5.021500e+02    7.108702e+07
5.022000e+02    7.139603e+07
5.022500e+02    7.169605e+07
5.023000e+02    7.196604e+07
5.023500e+02    7.219506e+07
5.024000e+02    7.238306e+07
5.024500e+02    7.254007e+07
5.025000e+02    7.267207e+07
5.025500e+02    7.277707e+07
5.026000e+02    7.284607e+07
5.026500e+02    7.287908e+07
5.027000e+02    7.288908e+07
5.027500e+02    7.290608e+07
5.028000e+02    7.297708e+07
5.028500e+02    7.315908e+07
5.029000e+02    7.348709e+07
5.029500e+02    7.395010e+07
5.030000e+02    7.449712e+07
5.030500e+02    7.505314e+07
5.031000e+02    7.554215e+07
5.031500e+02    7.590417e+07
5.032000e+02    7.611717e+07
5.032500e+02    7.619616e+07
5.033000e+02    7.616817e+07
5.033500e+02    7.602016e+07
5.034000e+02    7.570716e+07
5.034500e+02    7.518913e+07
5.035000e+02    7.448611e+07
5.035500e+02    7.366510e+07
5.036000e+02    7.281707e+07
5.036500e+02    7.202005e+07
5.037000e+02    7.133104e+07
5.037500e+02    7.076801e+07
5.038000e+02    7.030900e+07
5.038500e+02    6.992099e+07
5.039000e+02    6.958898e+07
5.039500e+02    6.931897e+07
5.040000e+02    6.912496e+07
5.040500e+02    6.900897e+07
5.041000e+02    6.897096e+07
5.041500e+02    6.903797e+07
5.042000e+02    6.927697e+07
5.042500e+02    6.975999e+07
5.043000e+02    7.050701e+07
5.043500e+02    7.145503e+07
5.044000e+02    7.248207e+07
5.044500e+02    7.345210e+07
5.045000e+02    7.424312e+07
5.045500e+02    7.478413e+07
5.046000e+02    7.508314e+07
5.046500e+02    7.520814e+07
5.047000e+02    7.521815e+07
5.047500e+02    7.513214e+07
5.048000e+02    7.494013e+07
5.048500e+02    7.464513e+07
5.049000e+02    7.427712e+07
5.049500e+02    7.389410e+07
5.050000e+02    7.356809e+07
5.050500e+02    7.337309e+07
5.051000e+02    7.334909e+07
5.051500e+02    7.348709e+07
5.052000e+02    7.373510e+07
5.052500e+02    7.404310e+07
5.053000e+02    7.438212e+07
5.053500e+02    7.474413e+07
5.054000e+02    7.512214e+07
5.054500e+02    7.550915e+07
5.055000e+02    7.588816e+07
5.055500e+02    7.623817e+07
5.056000e+02    7.653218e+07
5.056500e+02    7.675619e+07
5.057000e+02    7.691319e+07
5.057500e+02    7.702219e+07
5.058000e+02    7.710019e+07
5.058500e+02    7.715020e+07
5.059000e+02    7.716920e+07
5.059500e+02    7.715720e+07
5.060000e+02    7.711820e+07
5.060500e+02    7.705419e+07
5.061000e+02    7.695919e+07
5.061500e+02    7.681519e+07
5.062000e+02    7.660918e+07
5.062500e+02    7.634518e+07
5.063000e+02    7.604516e+07
5.063500e+02    7.573315e+07
5.064000e+02    7.543015e+07
5.064500e+02    7.515414e+07
5.065000e+02    7.490913e+07
5.065500e+02    7.469313e+07
5.066000e+02    7.450412e+07
5.066500e+02    7.434711e+07
5.067000e+02    7.423812e+07
5.067500e+02    7.418511e+07
5.068000e+02    7.418311e+07
5.068500e+02    7.421112e+07
5.069000e+02    7.424711e+07
5.069500e+02    7.426911e+07
5.070000e+02    7.426512e+07
5.070500e+02    7.422911e+07
5.071000e+02    7.416811e+07
5.071500e+02    7.409311e+07
5.072000e+02    7.401211e+07
5.072500e+02    7.392911e+07
5.073000e+02    7.384710e+07
5.073500e+02    7.376609e+07
5.074000e+02    7.368410e+07
5.074500e+02    7.359509e+07
5.075000e+02    7.349110e+07
5.075500e+02    7.336009e+07
5.076000e+02    7.319808e+07
5.076500e+02    7.300608e+07
5.077000e+02    7.278007e+07
5.077500e+02    7.249806e+07
5.078000e+02    7.213305e+07
5.078500e+02    7.166504e+07
5.079000e+02    7.111402e+07
5.079500e+02    7.053300e+07
5.080000e+02    7.000600e+07
5.080500e+02    6.963498e+07
5.081000e+02    6.950397e+07
5.081500e+02    6.962998e+07
5.082000e+02    6.995499e+07
5.082500e+02    7.038600e+07
5.083000e+02    7.085202e+07
5.083500e+02    7.131703e+07
5.084000e+02    7.176504e+07
5.084500e+02    7.219705e+07
5.085000e+02    7.261807e+07
5.085500e+02    7.303008e+07
5.086000e+02    7.343709e+07
5.086500e+02    7.383710e+07
5.087000e+02    7.422812e+07
5.087500e+02    7.461112e+07
5.088000e+02    7.497814e+07
5.088500e+02    7.531514e+07
5.089000e+02    7.560215e+07
5.089500e+02    7.582615e+07
5.090000e+02    7.599116e+07
5.090500e+02    7.611217e+07
5.091000e+02    7.619817e+07
5.091500e+02    7.624817e+07
5.092000e+02    7.625417e+07
5.092500e+02    7.621617e+07
5.093000e+02    7.613917e+07
5.093500e+02    7.602016e+07
5.094000e+02    7.583816e+07
5.094500e+02    7.555815e+07
5.095000e+02    7.516314e+07
5.095500e+02    7.466512e+07
5.096000e+02    7.410511e+07
5.096500e+02    7.352909e+07
5.097000e+02    7.297408e+07
5.097500e+02    7.246507e+07
5.098000e+02    7.201206e+07
5.098500e+02    7.161704e+07
5.099000e+02    7.129303e+07
5.099500e+02    7.108402e+07
5.100000e+02    7.105002e+07
5.100500e+02    7.122203e+07
5.101000e+02    7.156804e+07
5.101500e+02    7.200805e+07
5.102000e+02    7.244706e+07
5.102500e+02    7.280007e+07
5.103000e+02    7.301108e+07
5.103500e+02    7.307208e+07
5.104000e+02    7.301907e+07
5.104500e+02    7.290608e+07
5.105000e+02    7.277307e+07
5.105500e+02    7.264107e+07
5.106000e+02    7.251706e+07
5.106500e+02    7.240206e+07
5.107000e+02    7.229205e+07
5.107500e+02    7.218306e+07
5.108000e+02    7.207306e+07
5.108500e+02    7.196104e+07
5.109000e+02    7.185304e+07
5.109500e+02    7.175904e+07
5.110000e+02    7.171104e+07
5.110500e+02    7.176205e+07
5.111000e+02    7.197105e+07
5.111500e+02    7.236606e+07
5.112000e+02    7.291607e+07
5.112500e+02    7.354909e+07
5.113000e+02    7.418111e+07
5.113500e+02    7.473912e+07
5.114000e+02    7.518014e+07
5.114500e+02    7.550016e+07
5.115000e+02    7.572916e+07
5.115500e+02    7.589917e+07
5.116000e+02    7.602216e+07
5.116500e+02    7.609116e+07
5.117000e+02    7.609616e+07
5.117500e+02    7.604317e+07
5.118000e+02    7.594516e+07
5.118500e+02    7.580915e+07
5.119000e+02    7.562915e+07
5.119500e+02    7.539615e+07
5.120000e+02    7.511113e+07
5.120500e+02    7.478313e+07
5.121000e+02    7.442011e+07
5.121500e+02    7.401410e+07
5.122000e+02    7.354809e+07
5.122500e+02    7.301508e+07
5.123000e+02    7.243106e+07
5.123500e+02    7.183305e+07
5.124000e+02    7.128002e+07
5.124500e+02    7.083701e+07
5.125000e+02    7.055401e+07
5.125500e+02    7.043500e+07
5.126000e+02    7.043800e+07
5.126500e+02    7.050701e+07
5.127000e+02    7.060301e+07
5.127500e+02    7.070501e+07
5.128000e+02    7.080602e+07
5.128500e+02    7.090402e+07
5.129000e+02    7.099803e+07
5.129500e+02    7.109202e+07
5.130000e+02    7.119303e+07
5.130500e+02    7.130202e+07
5.131000e+02    7.142003e+07
5.131500e+02    7.154304e+07
5.132000e+02    7.165904e+07
5.132500e+02    7.175304e+07
5.133000e+02    7.181105e+07
5.133500e+02    7.182404e+07
5.134000e+02    7.179804e+07
5.134500e+02    7.173604e+07
5.135000e+02    7.163204e+07
5.135500e+02    7.146403e+07
5.136000e+02    7.121303e+07
5.136500e+02    7.088002e+07
5.137000e+02    7.049400e+07
5.137500e+02    7.009199e+07
5.138000e+02    6.971599e+07
5.138500e+02    6.939897e+07
5.139000e+02    6.915396e+07
5.139500e+02    6.897296e+07
5.140000e+02    6.883795e+07
5.140500e+02    6.873795e+07
5.141000e+02    6.867395e+07
5.141500e+02    6.865296e+07
5.142000e+02    6.867195e+07
5.142500e+02    6.871896e+07
5.143000e+02    6.878496e+07
5.143500e+02    6.886697e+07
5.144000e+02    6.896697e+07
5.144500e+02    6.908596e+07
5.145000e+02    6.921897e+07
5.145500e+02    6.935898e+07
5.146000e+02    6.949798e+07
5.146500e+02    6.962798e+07
5.147000e+02    6.974799e+07
5.147500e+02    6.985799e+07
5.148000e+02    6.995999e+07
5.148500e+02    7.005599e+07
5.149000e+02    7.014200e+07
5.149500e+02    7.021300e+07
5.150000e+02    7.026500e+07
5.150500e+02    7.030100e+07
5.151000e+02    7.032800e+07
5.151500e+02    7.035800e+07
5.152000e+02    7.040100e+07
5.152500e+02    7.046301e+07
5.153000e+02    7.054701e+07
5.153500e+02    7.065002e+07
5.154000e+02    7.077101e+07
5.154500e+02    7.091702e+07
5.155000e+02    7.109502e+07
5.155500e+02    7.130904e+07
5.156000e+02    7.154904e+07
5.156500e+02    7.179204e+07
5.157000e+02    7.200705e+07
5.157500e+02    7.215305e+07
5.158000e+02    7.220506e+07
5.158500e+02    7.216005e+07
5.159000e+02    7.203105e+07
5.159500e+02    7.182505e+07
5.160000e+02    7.151404e+07
5.160500e+02    7.106403e+07
5.161000e+02    7.046101e+07
5.161500e+02    6.973099e+07
5.162000e+02    6.890796e+07
5.162500e+02    6.800093e+07
5.163000e+02    6.698791e+07
5.163500e+02    6.584287e+07
5.164000e+02    6.457684e+07
5.164500e+02    6.323081e+07
5.165000e+02    6.186076e+07
5.165500e+02    6.051873e+07
5.166000e+02    5.924469e+07
5.166500e+02    5.805365e+07
5.167000e+02    5.694563e+07
5.167500e+02    5.592860e+07
5.168000e+02    5.505457e+07
5.168500e+02    5.440455e+07
5.169000e+02    5.403954e+07
5.169500e+02    5.393954e+07
5.170000e+02    5.401754e+07
5.170500e+02    5.418955e+07
5.171000e+02    5.440455e+07
5.171500e+02    5.465155e+07
5.172000e+02    5.493256e+07
5.172500e+02    5.525657e+07
5.173000e+02    5.565159e+07
5.173500e+02    5.618960e+07
5.174000e+02    5.696662e+07
5.174500e+02    5.804865e+07
5.175000e+02    5.940269e+07
5.175500e+02    6.091273e+07
5.176000e+02    6.241678e+07
5.176500e+02    6.375182e+07
5.177000e+02    6.478684e+07
5.177500e+02    6.548086e+07
5.178000e+02    6.588187e+07
5.178500e+02    6.605888e+07
5.179000e+02    6.601188e+07
5.179500e+02    6.566387e+07
5.180000e+02    6.495385e+07
5.180500e+02    6.391282e+07
5.181000e+02    6.266378e+07
5.181500e+02    6.135274e+07
5.182000e+02    6.010671e+07
5.182500e+02    5.901368e+07
5.183000e+02    5.810965e+07
5.183500e+02    5.738563e+07
5.184000e+02    5.684862e+07
5.184500e+02    5.658761e+07
5.185000e+02    5.675061e+07
5.185500e+02    5.743964e+07
5.186000e+02    5.859867e+07
5.186500e+02    6.004571e+07
5.187000e+02    6.156075e+07
5.187500e+02    6.295279e+07
5.188000e+02    6.408983e+07
5.188500e+02    6.493685e+07
5.189000e+02    6.554586e+07
5.189500e+02    6.599988e+07
5.190000e+02    6.634889e+07
5.190500e+02    6.659489e+07
5.191000e+02    6.673090e+07
5.191500e+02    6.677390e+07
5.192000e+02    6.676490e+07
5.192500e+02    6.675190e+07
5.193000e+02    6.677991e+07
5.193500e+02    6.687890e+07
5.194000e+02    6.705490e+07
5.194500e+02    6.729392e+07
5.195000e+02    6.757692e+07
5.195500e+02    6.789593e+07
5.196000e+02    6.825994e+07
5.196500e+02    6.867496e+07
5.197000e+02    6.913597e+07
5.197500e+02    6.961899e+07
5.198000e+02    7.009100e+07
5.198500e+02    7.051501e+07
5.199000e+02    7.086002e+07
5.199500e+02    7.111702e+07
5.200000e+02    7.129702e+07
5.200500e+02    7.141003e+07
5.201000e+02    7.143903e+07
5.201500e+02    7.135003e+07
5.202000e+02    7.111803e+07
5.202500e+02    7.075802e+07
5.203000e+02    7.031600e+07
5.203500e+02    6.983299e+07
5.204000e+02    6.933497e+07
5.204500e+02    6.883295e+07
5.205000e+02    6.833195e+07
5.205500e+02    6.783993e+07
5.206000e+02    6.737892e+07
5.206500e+02    6.699291e+07
5.207000e+02    6.673090e+07
5.207500e+02    6.662589e+07
5.208000e+02    6.666590e+07
5.208500e+02    6.681790e+07
5.209000e+02    6.706591e+07
5.209500e+02    6.743492e+07
5.210000e+02    6.795794e+07
5.210500e+02    6.863695e+07
5.211000e+02    6.942097e+07
5.211500e+02    7.022500e+07
5.212000e+02    7.095202e+07
5.212500e+02    7.151004e+07
5.213000e+02    7.185604e+07
5.213500e+02    7.200805e+07
5.214000e+02    7.202605e+07
5.214500e+02    7.195604e+07
5.215000e+02    7.180704e+07
5.215500e+02    7.156304e+07
5.216000e+02    7.122602e+07
5.216500e+02    7.082701e+07
5.217000e+02    7.043401e+07
5.217500e+02    7.013599e+07
5.218000e+02    7.002000e+07
5.218500e+02    7.013200e+07
5.219000e+02    7.044401e+07
5.219500e+02    7.086901e+07
5.220000e+02    7.130003e+07
5.220500e+02    7.164604e+07
5.221000e+02    7.185005e+07
5.221500e+02    7.190704e+07
5.222000e+02    7.184904e+07
5.222500e+02    7.170204e+07
5.223000e+02    7.145503e+07
5.223500e+02    7.106903e+07
5.224000e+02    7.051901e+07
5.224500e+02    6.982998e+07
5.225000e+02    6.906697e+07
5.225500e+02    6.831995e+07
5.226000e+02    6.767893e+07
5.226500e+02    6.720891e+07
5.227000e+02    6.691891e+07
5.227500e+02    6.677491e+07
5.228000e+02    6.673690e+07
5.228500e+02    6.680090e+07
5.229000e+02    6.698691e+07
5.229500e+02    6.730792e+07
5.230000e+02    6.773893e+07
5.230500e+02    6.822194e+07
5.231000e+02    6.869296e+07
5.231500e+02    6.908796e+07
5.232000e+02    6.936797e+07
5.232500e+02    6.953298e+07
5.233000e+02    6.962399e+07
5.233500e+02    6.970798e+07
5.234000e+02    6.986099e+07
5.234500e+02    7.015099e+07
5.235000e+02    7.060801e+07
5.235500e+02    7.120902e+07
5.236000e+02    7.188804e+07
5.236500e+02    7.257207e+07
5.237000e+02    7.319608e+07
5.237500e+02    7.372010e+07
5.238000e+02    7.413711e+07
5.238500e+02    7.447212e+07
5.239000e+02    7.475213e+07
5.239500e+02    7.498913e+07
5.240000e+02    7.517915e+07
5.240500e+02    7.531914e+07
5.241000e+02    7.541514e+07
5.241500e+02    7.547915e+07
5.242000e+02    7.551715e+07
5.242500e+02    7.552615e+07
5.243000e+02    7.549715e+07
5.243500e+02    7.543214e+07
5.244000e+02    7.533714e+07
5.244500e+02    7.522014e+07
5.245000e+02    7.508214e+07
5.245500e+02    7.491813e+07
5.246000e+02    7.472813e+07
5.246500e+02    7.451912e+07
5.247000e+02    7.430412e+07
5.247500e+02    7.409910e+07
5.248000e+02    7.391910e+07
5.248500e+02    7.377410e+07
5.249000e+02    7.366210e+07
5.249500e+02    7.357210e+07
5.250000e+02    7.349110e+07
5.250500e+02    7.340809e+07
5.251000e+02    7.331608e+07
5.251500e+02    7.321209e+07
5.252000e+02    7.310108e+07
5.252500e+02    7.299308e+07
5.253000e+02    7.290508e+07
5.253500e+02    7.286208e+07
5.254000e+02    7.288007e+07
5.254500e+02    7.295908e+07
5.255000e+02    7.308308e+07
5.255500e+02    7.323308e+07
5.256000e+02    7.339610e+07
5.256500e+02    7.356809e+07
5.257000e+02    7.374310e+07
5.257500e+02    7.391211e+07
5.258000e+02    7.404411e+07
5.258500e+02    7.407811e+07
5.259000e+02    7.393310e+07
5.259500e+02    7.354609e+07
5.260000e+02    7.292407e+07
5.260500e+02    7.213005e+07
5.261000e+02    7.123503e+07
5.261500e+02    7.027700e+07
5.262000e+02    6.926598e+07
5.262500e+02    6.820594e+07
5.263000e+02    6.711491e+07
5.263500e+02    6.602988e+07
5.264000e+02    6.500684e+07
5.264500e+02    6.411183e+07
5.265000e+02    6.338880e+07
5.265500e+02    6.283379e+07
5.266000e+02    6.239978e+07
5.266500e+02    6.203677e+07
5.267000e+02    6.172076e+07
5.267500e+02    6.144675e+07
5.268000e+02    6.121475e+07
5.268500e+02    6.102574e+07
5.269000e+02    6.089374e+07
5.269500e+02    6.086973e+07
5.270000e+02    6.103173e+07
5.270500e+02    6.143375e+07
5.271000e+02    6.206576e+07
5.271500e+02    6.285479e+07
5.272000e+02    6.371282e+07
5.272500e+02    6.457484e+07
5.273000e+02    6.540186e+07
5.273500e+02    6.617888e+07
5.274000e+02    6.691191e+07
5.274500e+02    6.761392e+07
5.275000e+02    6.829295e+07
5.275500e+02    6.894796e+07
5.276000e+02    6.957698e+07
5.276500e+02    7.018000e+07
5.277000e+02    7.075601e+07
5.277500e+02    7.128903e+07
5.278000e+02    7.174304e+07
5.278500e+02    7.207905e+07
5.279000e+02    7.228406e+07
5.279500e+02    7.237906e+07
5.280000e+02    7.240106e+07
5.280500e+02    7.236606e+07
5.281000e+02    7.227205e+07
5.281500e+02    7.211105e+07
5.282000e+02    7.189504e+07
5.282500e+02    7.166304e+07
5.283000e+02    7.148304e+07
5.283500e+02    7.144403e+07
5.284000e+02    7.162904e+07
5.284500e+02    7.206205e+07
5.285000e+02    7.268907e+07
5.285500e+02    7.341810e+07
5.286000e+02    7.415711e+07
5.286500e+02    7.484013e+07
5.287000e+02    7.543414e+07
5.287500e+02    7.593916e+07
5.288000e+02    7.637517e+07
5.288500e+02    7.675518e+07
5.289000e+02    7.706919e+07
5.289500e+02    7.730021e+07
5.290000e+02    7.744020e+07
5.290500e+02    7.750521e+07
5.291000e+02    7.750821e+07
5.291500e+02    7.744520e+07
5.292000e+02    7.728821e+07
5.292500e+02    7.701620e+07
5.293000e+02    7.663818e+07
5.293500e+02    7.618616e+07
5.294000e+02    7.569215e+07
5.294500e+02    7.517514e+07
5.295000e+02    7.463912e+07
5.295500e+02    7.409111e+07
5.296000e+02    7.354209e+07
5.296500e+02    7.301808e+07
5.297000e+02    7.256207e+07
5.297500e+02    7.222805e+07
5.298000e+02    7.204705e+07
5.298500e+02    7.201005e+07
5.299000e+02    7.207306e+07
5.299500e+02    7.219705e+07
5.300000e+02    7.236906e+07
5.300500e+02    7.258907e+07
5.301000e+02    7.285607e+07
5.301500e+02    7.316108e+07
5.302000e+02    7.348709e+07
5.302500e+02    7.382211e+07
5.303000e+02    7.416111e+07
5.303500e+02    7.450112e+07
5.304000e+02    7.483614e+07
5.304500e+02    7.516414e+07
5.305000e+02    7.547515e+07
5.305500e+02    7.576116e+07
5.306000e+02    7.601117e+07
5.306500e+02    7.622518e+07
5.307000e+02    7.641318e+07
5.307500e+02    7.658718e+07
5.308000e+02    7.675518e+07
5.308500e+02    7.692119e+07
5.309000e+02    7.708420e+07
5.309500e+02    7.724320e+07
5.310000e+02    7.739321e+07
5.310500e+02    7.752521e+07
5.311000e+02    7.762121e+07
5.311500e+02    7.766821e+07
5.312000e+02    7.766421e+07
5.312500e+02    7.761721e+07
5.313000e+02    7.753721e+07
5.313500e+02    7.741920e+07
5.314000e+02    7.724720e+07
5.314500e+02    7.701519e+07
5.315000e+02    7.673018e+07
5.315500e+02    7.641917e+07
5.316000e+02    7.611816e+07
5.316500e+02    7.586515e+07
5.317000e+02    7.568816e+07
5.317500e+02    7.558915e+07
5.318000e+02    7.554615e+07
5.318500e+02    7.551615e+07
5.319000e+02    7.544715e+07
5.319500e+02    7.529514e+07
5.320000e+02    7.503513e+07
5.320500e+02    7.467213e+07
5.321000e+02    7.423112e+07
5.321500e+02    7.372910e+07
5.322000e+02    7.315908e+07
5.322500e+02    7.251306e+07
5.323000e+02    7.179504e+07
5.323500e+02    7.103402e+07
5.324000e+02    7.027301e+07
5.324500e+02    6.955898e+07
5.325000e+02    6.893696e+07
5.325500e+02    6.842194e+07
5.326000e+02    6.800194e+07
5.326500e+02    6.764992e+07
5.327000e+02    6.735292e+07
5.327500e+02    6.712891e+07
5.328000e+02    6.700191e+07
5.328500e+02    6.698291e+07
5.329000e+02    6.706391e+07
5.329500e+02    6.724292e+07
5.330000e+02    6.755692e+07
5.330500e+02    6.805893e+07
5.331000e+02    6.877296e+07
5.331500e+02    6.965999e+07
5.332000e+02    7.063701e+07
5.332500e+02    7.160803e+07
5.333000e+02    7.248806e+07
5.333500e+02    7.322108e+07
5.334000e+02    7.380110e+07
5.334500e+02    7.425611e+07
5.335000e+02    7.461112e+07
5.335500e+02    7.485413e+07
5.336000e+02    7.494713e+07
5.336500e+02    7.487113e+07
5.337000e+02    7.465013e+07
5.337500e+02    7.433812e+07
5.338000e+02    7.397811e+07
5.338500e+02    7.359509e+07
5.339000e+02    7.319608e+07
5.339500e+02    7.278907e+07
5.340000e+02    7.238907e+07
5.340500e+02    7.202605e+07
5.341000e+02    7.175005e+07
5.341500e+02    7.161504e+07
5.342000e+02    7.164404e+07
5.342500e+02    7.180805e+07
5.343000e+02    7.204905e+07
5.343500e+02    7.230206e+07
5.344000e+02    7.251806e+07
5.344500e+02    7.266807e+07
5.345000e+02    7.275107e+07
5.345500e+02    7.279007e+07
5.346000e+02    7.281707e+07
5.346500e+02    7.286507e+07
5.347000e+02    7.296008e+07
5.347500e+02    7.311108e+07
5.348000e+02    7.330909e+07
5.348500e+02    7.353109e+07
5.349000e+02    7.375510e+07
5.349500e+02    7.396111e+07
5.350000e+02    7.413611e+07
5.350500e+02    7.428212e+07
5.351000e+02    7.441012e+07
5.351500e+02    7.454312e+07
5.352000e+02    7.470712e+07
5.352500e+02    7.492713e+07
5.353000e+02    7.521214e+07
5.353500e+02    7.555115e+07
5.354000e+02    7.591916e+07
5.354500e+02    7.628817e+07
5.355000e+02    7.663419e+07
5.355500e+02    7.694419e+07
5.356000e+02    7.721420e+07
5.356500e+02    7.745120e+07
5.357000e+02    7.765021e+07
5.357500e+02    7.779722e+07
5.358000e+02    7.786721e+07
5.358500e+02    7.785221e+07
5.359000e+02    7.776522e+07
5.359500e+02    7.762521e+07
5.360000e+02    7.744020e+07
5.360500e+02    7.720319e+07
5.361000e+02    7.690419e+07
5.361500e+02    7.654617e+07
5.362000e+02    7.614617e+07
5.362500e+02    7.572115e+07
5.363000e+02    7.527415e+07
5.363500e+02    7.480313e+07
5.364000e+02    7.431011e+07
5.364500e+02    7.380011e+07
5.365000e+02    7.329108e+07
5.365500e+02    7.280407e+07
5.366000e+02    7.236406e+07
5.366500e+02    7.198804e+07
5.367000e+02    7.166804e+07
5.367500e+02    7.138303e+07
5.368000e+02    7.110202e+07
5.368500e+02    7.079902e+07
5.369000e+02    7.045401e+07
5.369500e+02    7.006599e+07
5.370000e+02    6.965698e+07
5.370500e+02    6.927997e+07
5.371000e+02    6.902696e+07
5.371500e+02    6.900696e+07
5.372000e+02    6.929097e+07
5.372500e+02    6.985698e+07
5.373000e+02    7.060701e+07
5.373500e+02    7.142303e+07
5.374000e+02    7.221506e+07
5.374500e+02    7.292407e+07
5.375000e+02    7.353310e+07
5.375500e+02    7.405510e+07
5.376000e+02    7.451112e+07
5.376500e+02    7.489813e+07
5.377000e+02    7.519413e+07
5.377500e+02    7.537814e+07
5.378000e+02    7.545815e+07
5.378500e+02    7.546315e+07
5.379000e+02    7.541714e+07
5.379500e+02    7.532714e+07
5.380000e+02    7.518514e+07
5.380500e+02    7.499214e+07
5.381000e+02    7.476413e+07
5.381500e+02    7.452812e+07
5.382000e+02    7.431612e+07
5.382500e+02    7.416012e+07
5.383000e+02    7.407411e+07
5.383500e+02    7.405211e+07
5.384000e+02    7.406911e+07
5.384500e+02    7.409910e+07
5.385000e+02    7.412311e+07
5.385500e+02    7.413110e+07
5.386000e+02    7.412011e+07
5.386500e+02    7.409311e+07
5.387000e+02    7.404911e+07
5.387500e+02    7.397811e+07
5.388000e+02    7.386510e+07
5.388500e+02    7.369810e+07
5.389000e+02    7.348209e+07
5.389500e+02    7.323208e+07
5.390000e+02    7.296108e+07
5.390500e+02    7.267807e+07
5.391000e+02    7.238705e+07
5.391500e+02    7.209006e+07
5.392000e+02    7.179304e+07
5.392500e+02    7.149904e+07
5.393000e+02    7.121303e+07
5.393500e+02    7.094102e+07
5.394000e+02    7.068202e+07
5.394500e+02    7.043500e+07
5.395000e+02    7.019700e+07
5.395500e+02    6.997599e+07
5.396000e+02    6.978499e+07
5.396500e+02    6.963998e+07
5.397000e+02    6.954398e+07
5.397500e+02    6.948798e+07
5.398000e+02    6.945598e+07
5.398500e+02    6.943597e+07
5.399000e+02    6.942397e+07
5.399500e+02    6.941798e+07
5.400000e+02    6.941298e+07
5.400500e+02    6.939897e+07
5.401000e+02    6.935497e+07
5.401500e+02    6.924797e+07
5.402000e+02    6.905197e+07
5.402500e+02    6.876195e+07
5.403000e+02    6.840494e+07
5.403500e+02    6.802894e+07
5.404000e+02    6.768293e+07
5.404500e+02    6.741292e+07
5.405000e+02    6.724191e+07
5.405500e+02    6.716391e+07
5.406000e+02    6.715291e+07
5.406500e+02    6.718892e+07
5.407000e+02    6.726892e+07
5.407500e+02    6.739692e+07
5.408000e+02    6.756992e+07
5.408500e+02    6.777993e+07
5.409000e+02    6.802094e+07
5.409500e+02    6.829795e+07
5.410000e+02    6.862696e+07
5.410500e+02    6.901496e+07
5.411000e+02    6.945198e+07
5.411500e+02    6.990999e+07
5.412000e+02    7.035700e+07
5.412500e+02    7.075702e+07
5.413000e+02    7.108702e+07
5.413500e+02    7.134503e+07
5.414000e+02    7.155203e+07
5.414500e+02    7.173505e+07
5.415000e+02    7.191704e+07
5.415500e+02    7.211206e+07
5.416000e+02    7.232206e+07
5.416500e+02    7.254007e+07
5.417000e+02    7.275307e+07
5.417500e+02    7.293807e+07
5.418000e+02    7.306908e+07
5.418500e+02    7.313008e+07
5.419000e+02    7.311909e+07
5.419500e+02    7.305708e+07
5.420000e+02    7.295708e+07
5.420500e+02    7.282207e+07
5.421000e+02    7.264206e+07
5.421500e+02    7.241406e+07
5.422000e+02    7.214906e+07
5.422500e+02    7.187705e+07
5.423000e+02    7.164304e+07
5.423500e+02    7.149704e+07
5.424000e+02    7.147703e+07
5.424500e+02    7.157804e+07
5.425000e+02    7.176104e+07
5.425500e+02    7.196305e+07
5.426000e+02    7.212305e+07
5.426500e+02    7.219006e+07
5.427000e+02    7.214205e+07
5.427500e+02    7.199605e+07
5.428000e+02    7.178905e+07
5.428500e+02    7.155904e+07
5.429000e+02    7.132903e+07
5.429500e+02    7.111503e+07
5.430000e+02    7.092202e+07
5.430500e+02    7.075002e+07
5.431000e+02    7.060101e+07
5.431500e+02    7.048400e+07
5.432000e+02    7.040900e+07
5.432500e+02    7.038001e+07
5.433000e+02    7.039100e+07
5.433500e+02    7.043401e+07
5.434000e+02    7.051501e+07
5.434500e+02    7.065201e+07
5.435000e+02    7.086601e+07
5.435500e+02    7.115502e+07
5.436000e+02    7.150303e+07
5.436500e+02    7.189004e+07
5.437000e+02    7.230905e+07
5.437500e+02    7.276207e+07
5.438000e+02    7.324909e+07
5.438500e+02    7.375611e+07
5.439000e+02    7.425211e+07
5.439500e+02    7.468913e+07
5.440000e+02    7.500514e+07
5.440500e+02    7.515715e+07
5.441000e+02    7.515114e+07
5.441500e+02    7.502714e+07
5.442000e+02    7.482713e+07
5.442500e+02    7.456512e+07
5.443000e+02    7.423411e+07
5.443500e+02    7.383211e+07
5.444000e+02    7.337609e+07
5.444500e+02    7.290108e+07
5.445000e+02    7.245507e+07
5.445500e+02    7.208405e+07
5.446000e+02    7.182204e+07
5.446500e+02    7.167004e+07
5.447000e+02    7.160803e+07
5.447500e+02    7.161904e+07
5.448000e+02    7.171204e+07
5.448500e+02    7.190605e+07
5.449000e+02    7.220306e+07
5.449500e+02    7.257307e+07
5.450000e+02    7.296408e+07
5.450500e+02    7.331108e+07
5.451000e+02    7.355510e+07
5.451500e+02    7.365810e+07
5.452000e+02    7.363010e+07
5.452500e+02    7.351310e+07
5.453000e+02    7.334309e+07
5.453500e+02    7.314008e+07
5.454000e+02    7.290508e+07
5.454500e+02    7.264007e+07
5.455000e+02    7.235806e+07
5.455500e+02    7.209506e+07
5.456000e+02    7.190704e+07
5.456500e+02    7.186005e+07
5.457000e+02    7.199504e+07
5.457500e+02    7.229506e+07
5.458000e+02    7.269107e+07
5.458500e+02    7.309408e+07
5.459000e+02    7.342009e+07
5.459500e+02    7.360709e+07
5.460000e+02    7.363709e+07
5.460500e+02    7.354609e+07
5.461000e+02    7.338809e+07
5.461500e+02    7.321209e+07
5.462000e+02    7.304908e+07
5.462500e+02    7.291108e+07
5.463000e+02    7.280007e+07
5.463500e+02    7.271307e+07
5.464000e+02    7.265507e+07
5.464500e+02    7.263907e+07
5.465000e+02    7.268207e+07
5.465500e+02    7.278608e+07
5.466000e+02    7.293708e+07
5.466500e+02    7.310909e+07
5.467000e+02    7.327809e+07
5.467500e+02    7.342709e+07
5.468000e+02    7.354710e+07
5.468500e+02    7.363610e+07
5.469000e+02    7.369810e+07
5.469500e+02    7.372810e+07
5.470000e+02    7.370910e+07
5.470500e+02    7.362409e+07
5.471000e+02    7.346910e+07
5.471500e+02    7.325809e+07
5.472000e+02    7.300608e+07
5.472500e+02    7.271407e+07
5.473000e+02    7.237207e+07
5.473500e+02    7.197205e+07
5.474000e+02    7.152104e+07
5.474500e+02    7.104802e+07
5.475000e+02    7.059701e+07
5.475500e+02    7.021800e+07
5.476000e+02    6.994999e+07
5.476500e+02    6.980399e+07
5.477000e+02    6.975499e+07
5.477500e+02    6.976799e+07
5.478000e+02    6.982599e+07
5.478500e+02    6.992799e+07
5.479000e+02    7.007600e+07
5.479500e+02    7.026500e+07
5.480000e+02    7.048400e+07
5.480500e+02    7.072602e+07
5.481000e+02    7.100002e+07
5.481500e+02    7.131503e+07
5.482000e+02    7.167204e+07
5.482500e+02    7.205805e+07
5.483000e+02    7.245106e+07
5.483500e+02    7.282407e+07
5.484000e+02    7.314908e+07
5.484500e+02    7.341409e+07
5.485000e+02    7.362009e+07
5.485500e+02    7.377710e+07
5.486000e+02    7.388010e+07
5.486500e+02    7.391211e+07
5.487000e+02    7.385411e+07
5.487500e+02    7.370710e+07
5.488000e+02    7.350209e+07
5.488500e+02    7.328509e+07
5.489000e+02    7.310008e+07
5.489500e+02    7.298408e+07
5.490000e+02    7.295307e+07
5.490500e+02    7.299308e+07
5.491000e+02    7.307208e+07
5.491500e+02    7.315508e+07
5.492000e+02    7.321409e+07
5.492500e+02    7.323208e+07
5.493000e+02    7.320909e+07
5.493500e+02    7.315908e+07
5.494000e+02    7.310108e+07
5.494500e+02    7.305508e+07
5.495000e+02    7.303808e+07
5.495500e+02    7.305708e+07
5.496000e+02    7.310608e+07
5.496500e+02    7.316809e+07
5.497000e+02    7.322409e+07
5.497500e+02    7.324909e+07
5.498000e+02    7.322808e+07
5.498500e+02    7.316008e+07
5.499000e+02    7.305608e+07
5.499500e+02    7.293308e+07
5.500000e+02    7.280308e+07
5.500500e+02    7.267207e+07
5.501000e+02    7.254307e+07
5.501500e+02    7.241607e+07
5.502000e+02    7.229706e+07
5.502500e+02    7.219405e+07
5.503000e+02    7.212005e+07
5.503500e+02    7.208506e+07
5.504000e+02    7.208905e+07
5.504500e+02    7.211905e+07
5.505000e+02    7.216106e+07
5.505500e+02    7.220306e+07
5.506000e+02    7.224106e+07
5.506500e+02    7.227406e+07
5.507000e+02    7.230206e+07
5.507500e+02    7.232206e+07
5.508000e+02    7.232006e+07
5.508500e+02    7.227705e+07
5.509000e+02    7.217606e+07
5.509500e+02    7.201505e+07
5.510000e+02    7.181404e+07
5.510500e+02    7.160004e+07
5.511000e+02    7.140603e+07
5.511500e+02    7.125703e+07
5.512000e+02    7.116403e+07
5.512500e+02    7.112402e+07
5.513000e+02    7.112602e+07
5.513500e+02    7.116903e+07
5.514000e+02    7.126802e+07
5.514500e+02    7.143404e+07
5.515000e+02    7.166104e+07
5.515500e+02    7.192805e+07
5.516000e+02    7.221006e+07
5.516500e+02    7.248306e+07
5.517000e+02    7.273208e+07
5.517500e+02    7.295208e+07
5.518000e+02    7.314809e+07
5.518500e+02    7.333209e+07
5.519000e+02    7.351709e+07
5.519500e+02    7.371209e+07
5.520000e+02    7.392211e+07
5.520500e+02    7.414312e+07
5.521000e+02    7.436112e+07
5.521500e+02    7.454912e+07
5.522000e+02    7.466413e+07
5.522500e+02    7.466812e+07
5.523000e+02    7.454612e+07
5.523500e+02    7.432011e+07
5.524000e+02    7.402411e+07
5.524500e+02    7.367910e+07
5.525000e+02    7.328408e+07
5.525500e+02    7.283307e+07
5.526000e+02    7.233706e+07
5.526500e+02    7.182505e+07
5.527000e+02    7.134503e+07
5.527500e+02    7.096002e+07
5.528000e+02    7.072802e+07
5.528500e+02    7.066601e+07
5.529000e+02    7.074401e+07
5.529500e+02    7.091001e+07
5.530000e+02    7.112303e+07
5.530500e+02    7.137203e+07
5.531000e+02    7.165004e+07
5.531500e+02    7.195005e+07
5.532000e+02    7.225505e+07
5.532500e+02    7.254307e+07
5.533000e+02    7.278608e+07
5.533500e+02    7.296208e+07
5.534000e+02    7.306508e+07
5.534500e+02    7.311208e+07
5.535000e+02    7.312909e+07
5.535500e+02    7.313508e+07
5.536000e+02    7.313808e+07
5.536500e+02    7.314008e+07
5.537000e+02    7.314109e+07
5.537500e+02    7.314008e+07
5.538000e+02    7.314008e+07
5.538500e+02    7.314308e+07
5.539000e+02    7.315508e+07
5.539500e+02    7.317509e+07
5.540000e+02    7.320009e+07
5.540500e+02    7.321808e+07
5.541000e+02    7.321209e+07
5.541500e+02    7.316008e+07
5.542000e+02    7.305107e+07
5.542500e+02    7.289308e+07
5.543000e+02    7.271107e+07
5.543500e+02    7.254406e+07
5.544000e+02    7.243307e+07
5.544500e+02    7.241206e+07
5.545000e+02    7.248907e+07
5.545500e+02    7.264206e+07
5.546000e+02    7.284008e+07
5.546500e+02    7.306307e+07
5.547000e+02    7.330509e+07
5.547500e+02    7.356309e+07
5.548000e+02    7.383411e+07
5.548500e+02    7.410111e+07
5.549000e+02    7.433912e+07
5.549500e+02    7.451112e+07
5.550000e+02    7.458712e+07
5.550500e+02    7.456312e+07
5.551000e+02    7.446212e+07
5.551500e+02    7.432211e+07
5.552000e+02    7.416711e+07
5.552500e+02    7.401211e+07
5.553000e+02    7.386010e+07
5.553500e+02    7.371310e+07
5.554000e+02    7.357009e+07
5.554500e+02    7.343809e+07
5.555000e+02    7.332808e+07
5.555500e+02    7.324909e+07
5.556000e+02    7.320308e+07
5.556500e+02    7.318208e+07
5.557000e+02    7.316908e+07
5.557500e+02    7.315008e+07
5.558000e+02    7.311008e+07
5.558500e+02    7.304508e+07
5.559000e+02    7.295508e+07
5.559500e+02    7.284708e+07
5.560000e+02    7.271707e+07
5.560500e+02    7.255706e+07
5.561000e+02    7.235806e+07
5.561500e+02    7.211905e+07
5.562000e+02    7.185404e+07
5.562500e+02    7.158704e+07
5.563000e+02    7.134903e+07
5.563500e+02    7.116603e+07
5.564000e+02    7.104802e+07
5.564500e+02    7.098702e+07
5.565000e+02    7.096302e+07
5.565500e+02    7.095602e+07
5.566000e+02    7.095602e+07
5.566500e+02    7.096002e+07
5.567000e+02    7.096603e+07
5.567500e+02    7.096902e+07
5.568000e+02    7.095502e+07
5.568500e+02    7.090402e+07
5.569000e+02    7.079301e+07
5.569500e+02    7.061501e+07
5.570000e+02    7.038200e+07
5.570500e+02    7.012699e+07
5.571000e+02    6.989299e+07
5.571500e+02    6.972298e+07
5.572000e+02    6.964599e+07
5.572500e+02    6.966198e+07
5.573000e+02    6.974399e+07
5.573500e+02    6.985799e+07
5.574000e+02    6.997599e+07
5.574500e+02    7.008400e+07
5.575000e+02    7.017700e+07
5.575500e+02    7.026000e+07
5.576000e+02    7.034401e+07
5.576500e+02    7.045000e+07
5.577000e+02    7.059900e+07
5.577500e+02    7.080602e+07
5.578000e+02    7.106603e+07
5.578500e+02    7.135503e+07
5.579000e+02    7.163404e+07
5.579500e+02    7.185604e+07
5.580000e+02    7.198304e+07
5.580500e+02    7.199805e+07
5.581000e+02    7.191805e+07
5.581500e+02    7.177504e+07
5.582000e+02    7.158603e+07
5.582500e+02    7.135203e+07
5.583000e+02    7.106502e+07
5.583500e+02    7.072701e+07
5.584000e+02    7.034901e+07
5.584500e+02    6.993199e+07
5.585000e+02    6.946198e+07
5.585500e+02    6.891996e+07
5.586000e+02    6.830194e+07
5.586500e+02    6.762993e+07
5.587000e+02    6.695791e+07
5.587500e+02    6.635989e+07
5.588000e+02    6.592087e+07
5.588500e+02    6.569587e+07
5.589000e+02    6.567487e+07
5.589500e+02    6.579687e+07
5.590000e+02    6.599688e+07
5.590500e+02    6.623688e+07
5.591000e+02    6.650290e+07
5.591500e+02    6.678690e+07
5.592000e+02    6.708591e+07
5.592500e+02    6.739692e+07
5.593000e+02    6.772393e+07
5.593500e+02    6.807794e+07
5.594000e+02    6.846595e+07
5.594500e+02    6.888397e+07
5.595000e+02    6.930998e+07
5.595500e+02    6.970098e+07
5.596000e+02    6.999699e+07
5.596500e+02    7.014099e+07
5.597000e+02    7.011899e+07
5.597500e+02    6.996799e+07
5.598000e+02    6.976099e+07
5.598500e+02    6.958598e+07
5.599000e+02    6.952298e+07
5.599500e+02    6.961698e+07
5.600000e+02    6.983498e+07
5.600500e+02    7.008900e+07
5.601000e+02    7.031100e+07
5.601500e+02    7.048900e+07
5.602000e+02    7.064101e+07
5.602500e+02    7.078402e+07
5.603000e+02    7.092501e+07
5.603500e+02    7.106103e+07
5.604000e+02    7.119103e+07
5.604500e+02    7.130603e+07
5.605000e+02    7.140103e+07
5.605500e+02    7.147903e+07
5.606000e+02    7.154304e+07
5.606500e+02    7.160004e+07
5.607000e+02    7.165404e+07
5.607500e+02    7.170704e+07
5.608000e+02    7.175705e+07
5.608500e+02    7.179605e+07
5.609000e+02    7.180904e+07
5.609500e+02    7.177804e+07
5.610000e+02    7.169004e+07
5.610500e+02    7.155203e+07
5.611000e+02    7.138203e+07
5.611500e+02    7.119702e+07
5.612000e+02    7.100702e+07
5.612500e+02    7.081602e+07
5.613000e+02    7.062802e+07
5.613500e+02    7.045101e+07
5.614000e+02    7.029800e+07
5.614500e+02    7.018499e+07
5.615000e+02    7.011699e+07
5.615500e+02    7.008600e+07
5.616000e+02    7.007799e+07
5.616500e+02    7.007900e+07
5.617000e+02    7.008299e+07
5.617500e+02    7.008900e+07
5.618000e+02    7.009900e+07
5.618500e+02    7.012399e+07
5.619000e+02    7.017500e+07
5.619500e+02    7.026600e+07
5.620000e+02    7.039900e+07
5.620500e+02    7.056401e+07
5.621000e+02    7.074802e+07
5.621500e+02    7.093802e+07
5.622000e+02    7.113102e+07
5.622500e+02    7.132303e+07
5.623000e+02    7.151103e+07
5.623500e+02    7.169204e+07
5.624000e+02    7.185804e+07
5.624500e+02    7.200504e+07
5.625000e+02    7.213206e+07
5.625500e+02    7.224505e+07
5.626000e+02    7.235206e+07
5.626500e+02    7.245507e+07
5.627000e+02    7.255706e+07
5.627500e+02    7.265607e+07
5.628000e+02    7.274307e+07
5.628500e+02    7.280207e+07
5.629000e+02    7.281207e+07
5.629500e+02    7.276107e+07
5.630000e+02    7.265607e+07
5.630500e+02    7.251607e+07
5.631000e+02    7.236005e+07
5.631500e+02    7.219905e+07
5.632000e+02    7.203705e+07
5.632500e+02    7.187705e+07
5.633000e+02    7.172505e+07
5.633500e+02    7.159004e+07
5.634000e+02    7.148204e+07
5.634500e+02    7.140503e+07
5.635000e+02    7.135503e+07
5.635500e+02    7.131902e+07
5.636000e+02    7.129003e+07
5.636500e+02    7.126302e+07
5.637000e+02    7.123703e+07
5.637500e+02    7.121203e+07
5.638000e+02    7.119202e+07
5.638500e+02    7.118002e+07
5.639000e+02    7.118103e+07
5.639500e+02    7.119403e+07
5.640000e+02    7.121803e+07
5.640500e+02    7.124703e+07
5.641000e+02    7.127903e+07
5.641500e+02    7.131103e+07
5.642000e+02    7.134203e+07
5.642500e+02    7.137303e+07
5.643000e+02    7.140003e+07
5.643500e+02    7.142203e+07
5.644000e+02    7.143604e+07
5.644500e+02    7.144203e+07
5.645000e+02    7.144304e+07
5.645500e+02    7.144104e+07
5.646000e+02    7.143903e+07
5.646500e+02    7.143604e+07
5.647000e+02    7.143104e+07
5.647500e+02    7.142104e+07
5.648000e+02    7.140003e+07
5.648500e+02    7.135804e+07
5.649000e+02    7.129103e+07
5.649500e+02    7.120202e+07
5.650000e+02    7.109902e+07
5.650500e+02    7.098803e+07
5.651000e+02    7.087601e+07
5.651500e+02    7.076301e+07
5.652000e+02    7.065101e+07
5.652500e+02    7.054001e+07
5.653000e+02    7.043300e+07
5.653500e+02    7.033000e+07
5.654000e+02    7.023399e+07
5.654500e+02    7.014200e+07
5.655000e+02    7.005399e+07
5.655500e+02    6.996699e+07
5.656000e+02    6.987999e+07
5.656500e+02    6.979399e+07
5.657000e+02    6.971399e+07
5.657500e+02    6.964498e+07
5.658000e+02    6.960098e+07
5.658500e+02    6.959298e+07
5.659000e+02    6.962099e+07
5.659500e+02    6.967898e+07
5.660000e+02    6.975099e+07
5.660500e+02    6.983099e+07
5.661000e+02    6.991199e+07
5.661500e+02    6.999399e+07
5.662000e+02    7.007799e+07
5.662500e+02    7.016900e+07
5.663000e+02    7.027000e+07
5.663500e+02    7.038501e+07
5.664000e+02    7.051401e+07
5.664500e+02    7.065301e+07
5.665000e+02    7.079602e+07
5.665500e+02    7.094201e+07
5.666000e+02    7.108803e+07
5.666500e+02    7.123303e+07
5.667000e+02    7.137603e+07
5.667500e+02    7.151404e+07
5.668000e+02    7.164404e+07
5.668500e+02    7.176405e+07
5.669000e+02    7.187405e+07
5.669500e+02    7.197804e+07
5.670000e+02    7.208005e+07
5.670500e+02    7.218106e+07
5.671000e+02    7.228006e+07
5.671500e+02    7.237506e+07
5.672000e+02    7.245606e+07
5.672500e+02    7.250607e+07
5.673000e+02    7.250706e+07
5.673500e+02    7.245106e+07
5.674000e+02    7.235006e+07
5.674500e+02    7.222206e+07
5.675000e+02    7.208405e+07
5.675500e+02    7.194205e+07
5.676000e+02    7.179905e+07
5.676500e+02    7.166004e+07
5.677000e+02    7.152704e+07
5.677500e+02    7.140704e+07
5.678000e+02    7.130603e+07
5.678500e+02    7.122503e+07
5.679000e+02    7.115903e+07
5.679500e+02    7.110102e+07
5.680000e+02    7.104703e+07
5.680500e+02    7.099303e+07
5.681000e+02    7.094002e+07
5.681500e+02    7.088702e+07
5.682000e+02    7.083401e+07
5.682500e+02    7.078101e+07
5.683000e+02    7.072802e+07
5.683500e+02    7.067501e+07
5.684000e+02    7.062201e+07
5.684500e+02    7.057001e+07
5.685000e+02    7.051701e+07
5.685500e+02    7.046500e+07
5.686000e+02    7.041600e+07
5.686500e+02    7.037700e+07
5.687000e+02    7.036301e+07
5.687500e+02    7.039001e+07
5.688000e+02    7.046901e+07
5.688500e+02    7.059400e+07
5.689000e+02    7.074701e+07
5.689500e+02    7.091302e+07
5.690000e+02    7.108303e+07
5.690500e+02    7.125203e+07
5.691000e+02    7.141703e+07
5.691500e+02    7.156703e+07
5.692000e+02    7.168204e+07
5.692500e+02    7.174304e+07
5.693000e+02    7.174104e+07
5.693500e+02    7.168904e+07
5.694000e+02    7.160803e+07
5.694500e+02    7.151503e+07
5.695000e+02    7.141803e+07
5.695500e+02    7.132003e+07
5.696000e+02    7.122003e+07
5.696500e+02    7.111702e+07
5.697000e+02    7.100602e+07
5.697500e+02    7.088402e+07
5.698000e+02    7.075101e+07
5.698500e+02    7.061001e+07
5.699000e+02    7.046401e+07
5.699500e+02    7.031600e+07
5.700000e+02    7.016799e+07
5.700500e+02    7.002000e+07
5.701000e+02    6.987398e+07
5.701500e+02    6.973399e+07
5.702000e+02    6.960298e+07
5.702500e+02    6.948398e+07
5.703000e+02    6.937697e+07
5.703500e+02    6.927798e+07
5.704000e+02    6.918397e+07
5.704500e+02    6.909097e+07
5.705000e+02    6.899897e+07
5.705500e+02    6.890796e+07
5.706000e+02    6.882396e+07
5.706500e+02    6.875196e+07
5.707000e+02    6.870395e+07
5.707500e+02    6.868395e+07
5.708000e+02    6.868895e+07
5.708500e+02    6.870896e+07
5.709000e+02    6.873596e+07
5.709500e+02    6.876596e+07
5.710000e+02    6.879796e+07
5.710500e+02    6.883396e+07
5.711000e+02    6.888496e+07
5.711500e+02    6.896697e+07
5.712000e+02    6.909697e+07
5.712500e+02    6.928397e+07
5.713000e+02    6.951598e+07
5.713500e+02    6.977398e+07
5.714000e+02    7.004399e+07
5.714500e+02    7.031600e+07
5.715000e+02    7.058701e+07
5.715500e+02    7.085401e+07
5.716000e+02    7.110902e+07
5.716500e+02    7.133803e+07
5.717000e+02    7.153303e+07
5.717500e+02    7.169105e+07
5.718000e+02    7.182204e+07
5.718500e+02    7.193705e+07
5.719000e+02    7.204605e+07
5.719500e+02    7.215305e+07
5.720000e+02    7.226005e+07
5.720500e+02    7.236406e+07
5.721000e+02    7.246306e+07
5.721500e+02    7.255206e+07
5.722000e+02    7.262706e+07
5.722500e+02    7.269007e+07
5.723000e+02    7.274507e+07
5.723500e+02    7.279407e+07
5.724000e+02    7.284307e+07
5.724500e+02    7.289007e+07
5.725000e+02    7.293708e+07
5.725500e+02    7.298108e+07
5.726000e+02    7.301708e+07
5.726500e+02    7.304107e+07
5.727000e+02    7.305008e+07
5.727500e+02    7.304607e+07
5.728000e+02    7.303308e+07
5.728500e+02    7.301608e+07
5.729000e+02    7.299808e+07
5.729500e+02    7.298108e+07
5.730000e+02    7.296408e+07
5.730500e+02    7.295008e+07
5.731000e+02    7.294408e+07
5.731500e+02    7.294908e+07
5.732000e+02    7.296708e+07
5.732500e+02    7.299608e+07
5.733000e+02    7.303108e+07
5.733500e+02    7.306807e+07
5.734000e+02    7.310608e+07
5.734500e+02    7.314308e+07
5.735000e+02    7.317908e+07
5.735500e+02    7.320909e+07
5.736000e+02    7.323008e+07
5.736500e+02    7.323609e+07
5.737000e+02    7.322709e+07
5.737500e+02    7.320808e+07
5.738000e+02    7.318208e+07
5.738500e+02    7.315408e+07
5.739000e+02    7.312409e+07
5.739500e+02    7.309508e+07
5.740000e+02    7.306508e+07
5.740500e+02    7.303208e+07
5.741000e+02    7.299408e+07
5.741500e+02    7.295107e+07
5.742000e+02    7.290207e+07
5.742500e+02    7.284908e+07
5.743000e+02    7.279507e+07
5.743500e+02    7.273907e+07
5.744000e+02    7.268307e+07
5.744500e+02    7.262607e+07
5.745000e+02    7.256406e+07
5.745500e+02    7.249106e+07
5.746000e+02    7.239907e+07
5.746500e+02    7.228406e+07
5.747000e+02    7.214906e+07
5.747500e+02    7.200105e+07
5.748000e+02    7.184805e+07
5.748500e+02    7.169204e+07
5.749000e+02    7.153703e+07
5.749500e+02    7.138603e+07
5.750000e+02    7.124602e+07
5.750500e+02    7.113102e+07
5.751000e+02    7.105403e+07
5.751500e+02    7.102102e+07
5.752000e+02    7.102302e+07
5.752500e+02    7.104502e+07
5.753000e+02    7.107603e+07
5.753500e+02    7.111003e+07
5.754000e+02    7.114302e+07
5.754500e+02    7.117302e+07
5.755000e+02    7.119603e+07
5.755500e+02    7.120503e+07
5.756000e+02    7.119303e+07
5.756500e+02    7.116002e+07
5.757000e+02    7.111202e+07
5.757500e+02    7.105403e+07
5.758000e+02    7.099402e+07
5.758500e+02    7.093302e+07
5.759000e+02    7.087402e+07
5.759500e+02    7.082602e+07
5.760000e+02    7.080402e+07
5.760500e+02    7.083001e+07
5.761000e+02    7.091702e+07
5.761500e+02    7.106302e+07
5.762000e+02    7.125003e+07
5.762500e+02    7.145804e+07
5.763000e+02    7.167304e+07
5.763500e+02    7.188905e+07
5.764000e+02    7.210205e+07
5.764500e+02    7.230306e+07
5.765000e+02    7.247406e+07
5.765500e+02    7.259306e+07
5.766000e+02    7.265007e+07
5.766500e+02    7.265307e+07
5.767000e+02    7.262207e+07
5.767500e+02    7.257606e+07
5.768000e+02    7.252407e+07
5.768500e+02    7.247207e+07
5.769000e+02    7.241906e+07
5.769500e+02    7.236706e+07
5.770000e+02    7.231706e+07
5.770500e+02    7.226705e+07
5.771000e+02    7.222006e+07
5.771500e+02    7.217405e+07
5.772000e+02    7.213005e+07
5.772500e+02    7.208506e+07
5.773000e+02    7.204105e+07
5.773500e+02    7.199605e+07
5.774000e+02    7.194705e+07
5.774500e+02    7.189105e+07
5.775000e+02    7.181704e+07
5.775500e+02    7.172104e+07
5.776000e+02    7.160004e+07
5.776500e+02    7.146104e+07
5.777000e+02    7.131303e+07
5.777500e+02    7.116002e+07
5.778000e+02    7.100702e+07
5.778500e+02    7.085401e+07
5.779000e+02    7.070602e+07
5.779500e+02    7.056801e+07
5.780000e+02    7.044901e+07
5.780500e+02    7.035500e+07
5.781000e+02    7.028400e+07
5.781500e+02    7.023000e+07
5.782000e+02    7.018400e+07
5.782500e+02    7.014000e+07
5.783000e+02    7.009800e+07
5.783500e+02    7.005799e+07
5.784000e+02    7.002199e+07
5.784500e+02    6.999699e+07
5.785000e+02    6.999100e+07
5.785500e+02    7.000899e+07
5.786000e+02    7.004700e+07
5.786500e+02    7.009699e+07
5.787000e+02    7.015300e+07
5.787500e+02    7.021100e+07
5.788000e+02    7.027000e+07
5.788500e+02    7.033000e+07
5.789000e+02    7.039301e+07
5.789500e+02    7.046401e+07
5.790000e+02    7.054701e+07
5.790500e+02    7.064301e+07
5.791000e+02    7.075002e+07
5.791500e+02    7.086401e+07
5.792000e+02    7.098002e+07
5.792500e+02    7.109702e+07
5.793000e+02    7.121203e+07
5.793500e+02    7.132303e+07
5.794000e+02    7.142104e+07
5.794500e+02    7.149504e+07
5.795000e+02    7.153503e+07
5.795500e+02    7.153904e+07
5.796000e+02    7.151503e+07
5.796500e+02    7.147703e+07
5.797000e+02    7.143303e+07
5.797500e+02    7.138803e+07
5.798000e+02    7.134303e+07
5.798500e+02    7.130202e+07
5.799000e+02    7.126802e+07
5.799500e+02    7.124903e+07
5.800000e+02    7.124903e+07
5.800500e+02    7.126703e+07
5.801000e+02    7.129702e+07
5.801500e+02    7.133403e+07
5.802000e+02    7.137303e+07
5.802500e+02    7.141204e+07
5.803000e+02    7.145003e+07
5.803500e+02    7.148504e+07
5.804000e+02    7.151004e+07
5.804500e+02    7.152003e+07
5.805000e+02    7.151004e+07
5.805500e+02    7.148403e+07
5.806000e+02    7.144804e+07
5.806500e+02    7.140603e+07
5.807000e+02    7.136403e+07
5.807500e+02    7.132103e+07
5.808000e+02    7.128103e+07
5.808500e+02    7.124903e+07
5.809000e+02    7.123203e+07
5.809500e+02    7.124003e+07
5.810000e+02    7.127502e+07
5.810500e+02    7.133403e+07
5.811000e+02    7.140503e+07
5.811500e+02    7.148204e+07
5.812000e+02    7.156104e+07
5.812500e+02    7.164003e+07
5.813000e+02    7.172004e+07
5.813500e+02    7.180204e+07
5.814000e+02    7.188705e+07
5.814500e+02    7.197705e+07
5.815000e+02    7.207205e+07
5.815500e+02    7.217106e+07
5.816000e+02    7.227205e+07
5.816500e+02    7.237406e+07
5.817000e+02    7.247606e+07
5.817500e+02    7.257606e+07
5.818000e+02    7.267307e+07
5.818500e+02    7.276007e+07
5.819000e+02    7.282708e+07
5.819500e+02    7.287108e+07
5.820000e+02    7.289108e+07
5.820500e+02    7.289608e+07
5.821000e+02    7.289207e+07
5.821500e+02    7.288507e+07
5.822000e+02    7.287807e+07
5.822500e+02    7.287007e+07
5.823000e+02    7.286107e+07
5.823500e+02    7.284908e+07
5.824000e+02    7.283407e+07
5.824500e+02    7.281308e+07
5.825000e+02    7.278808e+07
5.825500e+02    7.276007e+07
5.826000e+02    7.273107e+07
5.826500e+02    7.270107e+07
5.827000e+02    7.267107e+07
5.827500e+02    7.264007e+07
5.828000e+02    7.260607e+07
5.828500e+02    7.256707e+07
5.829000e+02    7.251806e+07
5.829500e+02    7.245906e+07
5.830000e+02    7.239106e+07
5.830500e+02    7.231806e+07
5.831000e+02    7.224406e+07
5.831500e+02    7.216905e+07
5.832000e+02    7.209605e+07
5.832500e+02    7.202805e+07
5.833000e+02    7.197605e+07
5.833500e+02    7.195604e+07
5.834000e+02    7.197905e+07
5.834500e+02    7.204805e+07
5.835000e+02    7.215106e+07
5.835500e+02    7.227306e+07
5.836000e+02    7.240206e+07
5.836500e+02    7.253307e+07
5.837000e+02    7.266107e+07
5.837500e+02    7.277907e+07
5.838000e+02    7.286908e+07
5.838500e+02    7.291108e+07
5.839000e+02    7.288908e+07
5.839500e+02    7.280707e+07
5.840000e+02    7.268307e+07
5.840500e+02    7.253706e+07
5.841000e+02    7.238406e+07
5.841500e+02    7.222906e+07
5.842000e+02    7.207605e+07
5.842500e+02    7.192805e+07
5.843000e+02    7.179304e+07
5.843500e+02    7.168104e+07
5.844000e+02    7.159704e+07
5.844500e+02    7.153804e+07
5.845000e+02    7.149403e+07
5.845500e+02    7.145604e+07
5.846000e+02    7.142104e+07
5.846500e+02    7.138603e+07
5.847000e+02    7.135103e+07
5.847500e+02    7.131303e+07
5.848000e+02    7.126903e+07
5.848500e+02    7.121603e+07
5.849000e+02    7.115403e+07
5.849500e+02    7.108303e+07
5.850000e+02    7.100802e+07
5.850500e+02    7.093102e+07
5.851000e+02    7.085302e+07
5.851500e+02    7.077401e+07
5.852000e+02    7.069301e+07
5.852500e+02    7.060602e+07
5.853000e+02    7.050600e+07
5.853500e+02    7.038700e+07
5.854000e+02    7.025000e+07
5.854500e+02    7.009800e+07
5.855000e+02    6.993899e+07
5.855500e+02    6.977699e+07
5.856000e+02    6.961399e+07
5.856500e+02    6.945398e+07
5.857000e+02    6.930298e+07
5.857500e+02    6.917497e+07
5.858000e+02    6.908897e+07
5.858500e+02    6.905896e+07
5.859000e+02    6.907997e+07
5.859500e+02    6.913797e+07
5.860000e+02    6.921496e+07
5.860500e+02    6.929798e+07
5.861000e+02    6.938197e+07
5.861500e+02    6.946798e+07
5.862000e+02    6.955698e+07
5.862500e+02    6.965198e+07
5.863000e+02    6.975799e+07
5.863500e+02    6.987599e+07
5.864000e+02    7.000600e+07
5.864500e+02    7.014399e+07
5.865000e+02    7.028400e+07
5.865500e+02    7.042600e+07
5.866000e+02    7.056701e+07
5.866500e+02    7.070501e+07
5.867000e+02    7.083502e+07
5.867500e+02    7.094802e+07
5.868000e+02    7.103302e+07
5.868500e+02    7.108702e+07
5.869000e+02    7.111602e+07
5.869500e+02    7.113003e+07
5.870000e+02    7.113802e+07
5.870500e+02    7.114403e+07
5.871000e+02    7.114903e+07
5.871500e+02    7.115002e+07
5.872000e+02    7.114403e+07
5.872500e+02    7.112303e+07
5.873000e+02    7.107902e+07
5.873500e+02    7.101202e+07
5.874000e+02    7.092802e+07
5.874500e+02    7.083502e+07
5.875000e+02    7.073802e+07
5.875500e+02    7.064001e+07
5.876000e+02    7.054101e+07
5.876500e+02    7.044300e+07
5.877000e+02    7.034601e+07
5.877500e+02    7.025000e+07
5.878000e+02    7.015599e+07
5.878500e+02    7.006299e+07
5.879000e+02    6.997199e+07
5.879500e+02    6.988099e+07
5.880000e+02    6.978999e+07
5.880500e+02    6.969699e+07
5.881000e+02    6.959998e+07
5.881500e+02    6.948197e+07
5.882000e+02    6.931698e+07
5.882500e+02    6.907096e+07
5.883000e+02    6.872595e+07
5.883500e+02    6.829395e+07
5.884000e+02    6.780693e+07
5.884500e+02    6.729592e+07
5.885000e+02    6.677690e+07
5.885500e+02    6.625688e+07
5.886000e+02    6.574187e+07
5.886500e+02    6.523886e+07
5.887000e+02    6.476585e+07
5.887500e+02    6.433784e+07
5.888000e+02    6.396182e+07
5.888500e+02    6.362881e+07
5.889000e+02    6.331980e+07
5.889500e+02    6.302079e+07
5.890000e+02    6.272579e+07
5.890500e+02    6.243578e+07
5.891000e+02    6.216177e+07
5.891500e+02    6.192977e+07
5.892000e+02    6.177976e+07
5.892500e+02    6.174976e+07
5.893000e+02    6.184176e+07
5.893500e+02    6.202777e+07
5.894000e+02    6.226477e+07
5.894500e+02    6.252178e+07
5.895000e+02    6.278479e+07
5.895500e+02    6.305079e+07
5.896000e+02    6.332480e+07
5.896500e+02    6.361581e+07
5.897000e+02    6.394082e+07
5.897500e+02    6.430883e+07
5.898000e+02    6.471784e+07
5.898500e+02    6.515586e+07
5.899000e+02    6.560787e+07
5.899500e+02    6.606588e+07
5.900000e+02    6.652389e+07
5.900500e+02    6.697890e+07
5.901000e+02    6.741892e+07
5.901500e+02    6.782693e+07
5.902000e+02    6.817694e+07
5.902500e+02    6.845594e+07
5.903000e+02    6.867395e+07
5.903500e+02    6.885396e+07
5.904000e+02    6.901496e+07
5.904500e+02    6.917096e+07
5.905000e+02    6.932498e+07
5.905500e+02    6.947497e+07
5.906000e+02    6.961598e+07
5.906500e+02    6.973599e+07
5.907000e+02    6.982399e+07
5.907500e+02    6.987299e+07
5.908000e+02    6.989299e+07
5.908500e+02    6.989399e+07
5.909000e+02    6.988799e+07
5.909500e+02    6.988099e+07
5.910000e+02    6.987299e+07
5.910500e+02    6.986599e+07
5.911000e+02    6.986299e+07
5.911500e+02    6.986699e+07
5.912000e+02    6.988099e+07
5.912500e+02    6.990599e+07
5.913000e+02    6.993899e+07
5.913500e+02    6.997599e+07
5.914000e+02    7.001499e+07
5.914500e+02    7.005399e+07
5.915000e+02    7.009400e+07
5.915500e+02    7.013399e+07
5.916000e+02    7.017500e+07
5.916500e+02    7.022000e+07
5.917000e+02    7.026700e+07
5.917500e+02    7.031800e+07
5.918000e+02    7.037101e+07
5.918500e+02    7.042500e+07
5.919000e+02    7.048001e+07
5.919500e+02    7.053401e+07
5.920000e+02    7.058701e+07
5.920500e+02    7.063201e+07
5.921000e+02    7.066002e+07
5.921500e+02    7.066002e+07
5.922000e+02    7.062401e+07
5.922500e+02    7.055601e+07
5.923000e+02    7.046801e+07
5.923500e+02    7.037200e+07
5.924000e+02    7.027301e+07
5.924500e+02    7.017299e+07
5.925000e+02    7.007600e+07
5.925500e+02    6.998499e+07
5.926000e+02    6.990899e+07
5.926500e+02    6.985799e+07
5.927000e+02    6.983299e+07
5.927500e+02    6.983099e+07
5.928000e+02    6.984199e+07
5.928500e+02    6.985799e+07
5.929000e+02    6.987599e+07
5.929500e+02    6.989399e+07
5.930000e+02    6.991199e+07
5.930500e+02    6.993199e+07
5.931000e+02    6.995200e+07
5.931500e+02    6.997599e+07
5.932000e+02    7.000100e+07
5.932500e+02    7.002899e+07
5.933000e+02    7.005700e+07
5.933500e+02    7.008600e+07
5.934000e+02    7.011500e+07
5.934500e+02    7.014399e+07
5.935000e+02    7.017500e+07
5.935500e+02    7.020800e+07
5.936000e+02    7.024500e+07
5.936500e+02    7.028900e+07
5.937000e+02    7.033901e+07
5.937500e+02    7.039301e+07
5.938000e+02    7.044901e+07
5.938500e+02    7.050600e+07
5.939000e+02    7.056201e+07
5.939500e+02    7.061701e+07
5.940000e+02    7.066401e+07
5.940500e+02    7.069501e+07
5.941000e+02    7.069701e+07
5.941500e+02    7.066301e+07
5.942000e+02    7.059701e+07
5.942500e+02    7.051100e+07
5.943000e+02    7.041600e+07
5.943500e+02    7.031900e+07
5.944000e+02    7.022000e+07
5.944500e+02    7.012300e+07
5.945000e+02    7.002699e+07
5.945500e+02    6.993599e+07
5.946000e+02    6.985299e+07
5.946500e+02    6.977898e+07
5.947000e+02    6.971199e+07
5.947500e+02    6.964898e+07
5.948000e+02    6.958898e+07
5.948500e+02    6.952798e+07
5.949000e+02    6.946997e+07
5.949500e+02    6.941498e+07
5.950000e+02    6.937298e+07
5.950500e+02    6.935497e+07
5.951000e+02    6.937197e+07
5.951500e+02    6.942597e+07
5.952000e+02    6.950798e+07
5.952500e+02    6.960498e+07
5.953000e+02    6.970899e+07
5.953500e+02    6.981399e+07
5.954000e+02    6.991798e+07
5.954500e+02    7.001800e+07
5.955000e+02    7.010899e+07
5.955500e+02    7.018200e+07
5.956000e+02    7.023100e+07
5.956500e+02    7.025700e+07
5.957000e+02    7.026801e+07
5.957500e+02    7.027000e+07
5.958000e+02    7.026900e+07
5.958500e+02    7.026700e+07
5.959000e+02    7.026600e+07
5.959500e+02    7.026600e+07
5.960000e+02    7.027100e+07
5.960500e+02    7.028300e+07
5.961000e+02    7.030500e+07
5.961500e+02    7.033401e+07
5.962000e+02    7.036900e+07
5.962500e+02    7.040600e+07
5.963000e+02    7.044401e+07
5.963500e+02    7.048101e+07
5.964000e+02    7.051801e+07
5.964500e+02    7.055101e+07
5.965000e+02    7.057401e+07
5.965500e+02    7.058401e+07
5.966000e+02    7.057801e+07
5.966500e+02    7.055901e+07
5.967000e+02    7.053201e+07
5.967500e+02    7.050201e+07
5.968000e+02    7.047000e+07
5.968500e+02    7.043800e+07
5.969000e+02    7.040501e+07
5.969500e+02    7.036601e+07
5.970000e+02    7.031701e+07
5.970500e+02    7.025300e+07
5.971000e+02    7.017299e+07
5.971500e+02    7.008200e+07
5.972000e+02    6.998400e+07
5.972500e+02    6.988398e+07
5.973000e+02    6.978299e+07
5.973500e+02    6.968298e+07
5.974000e+02    6.958798e+07
5.974500e+02    6.950598e+07
5.975000e+02    6.944698e+07
5.975500e+02    6.941798e+07
5.976000e+02    6.941798e+07
5.976500e+02    6.943998e+07
5.977000e+02    6.947198e+07
5.977500e+02    6.950798e+07
5.978000e+02    6.954398e+07
5.978500e+02    6.957898e+07
5.979000e+02    6.960798e+07
5.979500e+02    6.961998e+07
5.980000e+02    6.960399e+07
5.980500e+02    6.955398e+07
5.981000e+02    6.947398e+07
5.981500e+02    6.937298e+07
5.982000e+02    6.926397e+07
5.982500e+02    6.915097e+07
5.983000e+02    6.903896e+07
5.983500e+02    6.893096e+07
5.984000e+02    6.883396e+07
5.984500e+02    6.876195e+07
5.985000e+02    6.873295e+07
5.985500e+02    6.875296e+07
5.986000e+02    6.881196e+07
5.986500e+02    6.889397e+07
5.987000e+02    6.898697e+07
5.987500e+02    6.908096e+07
5.988000e+02    6.917596e+07
5.988500e+02    6.926598e+07
5.989000e+02    6.934597e+07
5.989500e+02    6.940498e+07
5.990000e+02    6.943198e+07
5.990500e+02    6.942698e+07
5.991000e+02    6.939598e+07
5.991500e+02    6.935097e+07
5.992000e+02    6.930097e+07
5.992500e+02    6.924898e+07
5.993000e+02    6.919697e+07
5.993500e+02    6.914697e+07
5.994000e+02    6.910296e+07
5.994500e+02    6.906997e+07
5.995000e+02    6.904997e+07
5.995500e+02    6.904396e+07
5.996000e+02    6.904696e+07
5.996500e+02    6.905497e+07
5.997000e+02    6.906497e+07
5.997500e+02    6.907397e+07
5.998000e+02    6.908197e+07
5.998500e+02    6.908397e+07
5.999000e+02    6.906896e+07
5.999500e+02    6.902696e+07
6.000000e+02    6.894997e+07
6.000500e+02    6.884196e+07
6.001000e+02    6.871396e+07
6.001500e+02    6.857595e+07
6.002000e+02    6.843595e+07
6.002500e+02    6.829494e+07
6.003000e+02    6.815594e+07
6.003500e+02    6.802394e+07
6.004000e+02    6.790694e+07
6.004500e+02    6.781293e+07
6.005000e+02    6.774792e+07
6.005500e+02    6.770593e+07
6.006000e+02    6.767692e+07
6.006500e+02    6.765393e+07
6.007000e+02    6.763193e+07
6.007500e+02    6.761092e+07
6.008000e+02    6.759192e+07
6.008500e+02    6.757392e+07
6.009000e+02    6.756192e+07
6.009500e+02    6.755792e+07
6.010000e+02    6.756192e+07
6.010500e+02    6.757293e+07
6.011000e+02    6.758692e+07
6.011500e+02    6.760192e+07
6.012000e+02    6.761792e+07
6.012500e+02    6.763393e+07
6.013000e+02    6.764893e+07
6.013500e+02    6.766292e+07
6.014000e+02    6.767393e+07
6.014500e+02    6.768192e+07
6.015000e+02    6.768692e+07
6.015500e+02    6.768893e+07
6.016000e+02    6.768993e+07
6.016500e+02    6.769093e+07
6.017000e+02    6.769093e+07
6.017500e+02    6.769192e+07
6.018000e+02    6.769293e+07
6.018500e+02    6.769593e+07
6.019000e+02    6.769993e+07
6.019500e+02    6.770793e+07
6.020000e+02    6.771892e+07
6.020500e+02    6.773092e+07
6.021000e+02    6.774393e+07
6.021500e+02    6.775693e+07
6.022000e+02    6.777093e+07
6.022500e+02    6.778692e+07
6.023000e+02    6.781093e+07
6.023500e+02    6.785093e+07
6.024000e+02    6.791993e+07
6.024500e+02    6.802094e+07
6.025000e+02    6.814994e+07
6.025500e+02    6.829395e+07
6.026000e+02    6.844495e+07
6.026500e+02    6.859696e+07
6.027000e+02    6.874995e+07
6.027500e+02    6.889896e+07
6.028000e+02    6.904097e+07
6.028500e+02    6.916797e+07
6.029000e+02    6.927197e+07
6.029500e+02    6.935198e+07
6.030000e+02    6.941397e+07
6.030500e+02    6.946497e+07
6.031000e+02    6.951098e+07
6.031500e+02    6.955698e+07
6.032000e+02    6.960098e+07
6.032500e+02    6.964198e+07
6.033000e+02    6.967598e+07
6.033500e+02    6.969598e+07
6.034000e+02    6.969598e+07
6.034500e+02    6.967798e+07
6.035000e+02    6.964599e+07
6.035500e+02    6.960698e+07
6.036000e+02    6.956499e+07
6.036500e+02    6.952398e+07
6.037000e+02    6.948398e+07
6.037500e+02    6.945098e+07
6.038000e+02    6.943597e+07
6.038500e+02    6.945198e+07
6.039000e+02    6.950698e+07
6.039500e+02    6.959598e+07
6.040000e+02    6.970899e+07
6.040500e+02    6.983199e+07
6.041000e+02    6.995899e+07
6.041500e+02    7.008600e+07
6.042000e+02    7.020900e+07
6.042500e+02    7.031800e+07
6.043000e+02    7.039701e+07
6.043500e+02    7.042500e+07
6.044000e+02    7.039400e+07
6.044500e+02    7.031201e+07
6.045000e+02    7.020200e+07
6.045500e+02    7.007900e+07
6.046000e+02    6.995200e+07
6.046500e+02    6.982599e+07
6.047000e+02    6.970098e+07
6.047500e+02    6.958098e+07
6.048000e+02    6.947298e+07
6.048500e+02    6.938098e+07
6.049000e+02    6.930597e+07
6.049500e+02    6.924497e+07
6.050000e+02    6.919197e+07
6.050500e+02    6.914196e+07
6.051000e+02    6.909296e+07
6.051500e+02    6.904396e+07
6.052000e+02    6.899597e+07
6.052500e+02    6.894997e+07
6.053000e+02    6.890796e+07
6.053500e+02    6.887197e+07
6.054000e+02    6.884096e+07
6.054500e+02    6.881396e+07
6.055000e+02    6.878895e+07
6.055500e+02    6.876495e+07
6.056000e+02    6.874096e+07
6.056500e+02    6.871595e+07
6.057000e+02    6.869095e+07
6.057500e+02    6.866395e+07
6.058000e+02    6.863396e+07
6.058500e+02    6.859895e+07
6.059000e+02    6.856095e+07
6.059500e+02    6.851995e+07
6.060000e+02    6.847794e+07
6.060500e+02    6.843595e+07
6.061000e+02    6.839295e+07
6.061500e+02    6.835294e+07
6.062000e+02    6.831894e+07
6.062500e+02    6.829994e+07
6.063000e+02    6.830595e+07
6.063500e+02    6.833995e+07
6.064000e+02    6.839994e+07
6.064500e+02    6.847294e+07
6.065000e+02    6.855295e+07
6.065500e+02    6.863495e+07
6.066000e+02    6.871595e+07
6.066500e+02    6.879596e+07
6.067000e+02    6.887197e+07
6.067500e+02    6.893896e+07
6.068000e+02    6.899197e+07
6.068500e+02    6.903097e+07
6.069000e+02    6.905896e+07
6.069500e+02    6.908096e+07
6.070000e+02    6.909996e+07
6.070500e+02    6.911797e+07
6.071000e+02    6.913497e+07
6.071500e+02    6.914597e+07
6.072000e+02    6.914396e+07
6.072500e+02    6.911797e+07
6.073000e+02    6.905797e+07
6.073500e+02    6.896396e+07
6.074000e+02    6.884497e+07
6.074500e+02    6.871396e+07
6.075000e+02    6.857796e+07
6.075500e+02    6.844094e+07
6.076000e+02    6.830394e+07
6.076500e+02    6.817094e+07
6.077000e+02    6.804594e+07
6.077500e+02    6.793493e+07
6.078000e+02    6.784294e+07
6.078500e+02    6.776793e+07
6.079000e+02    6.770293e+07
6.079500e+02    6.764393e+07
6.080000e+02    6.758692e+07
6.080500e+02    6.753092e+07
6.081000e+02    6.747492e+07
6.081500e+02    6.742092e+07
6.082000e+02    6.737192e+07
6.082500e+02    6.732891e+07
6.083000e+02    6.729491e+07
6.083500e+02    6.726791e+07
6.084000e+02    6.724591e+07
6.084500e+02    6.722491e+07
6.085000e+02    6.720491e+07
6.085500e+02    6.718491e+07
6.086000e+02    6.716491e+07
6.086500e+02    6.714791e+07
6.087000e+02    6.713292e+07
6.087500e+02    6.712292e+07
6.088000e+02    6.711792e+07
6.088500e+02    6.711792e+07
6.089000e+02    6.711991e+07
6.089500e+02    6.712191e+07
6.090000e+02    6.712491e+07
6.090500e+02    6.712891e+07
6.091000e+02    6.713191e+07
6.091500e+02    6.713691e+07
6.092000e+02    6.714492e+07
6.092500e+02    6.715492e+07
6.093000e+02    6.716891e+07
6.093500e+02    6.718491e+07
6.094000e+02    6.720191e+07
6.094500e+02    6.721991e+07
6.095000e+02    6.723792e+07
6.095500e+02    6.725391e+07
6.096000e+02    6.726391e+07
6.096500e+02    6.725992e+07
6.097000e+02    6.723191e+07
6.097500e+02    6.717192e+07
6.098000e+02    6.708392e+07
6.098500e+02    6.697591e+07
6.099000e+02    6.685791e+07
6.099500e+02    6.673790e+07
6.100000e+02    6.661689e+07
6.100500e+02    6.649989e+07
6.101000e+02    6.639589e+07
6.101500e+02    6.632189e+07
6.102000e+02    6.629788e+07
6.102500e+02    6.633589e+07
6.103000e+02    6.642490e+07
6.103500e+02    6.654490e+07
6.104000e+02    6.667789e+07
6.104500e+02    6.681490e+07
6.105000e+02    6.695190e+07
6.105500e+02    6.708591e+07
6.106000e+02    6.720991e+07
6.106500e+02    6.731292e+07
6.107000e+02    6.738492e+07
6.107500e+02    6.742292e+07
6.108000e+02    6.743292e+07
6.108500e+02    6.742792e+07
6.109000e+02    6.741592e+07
6.109500e+02    6.740292e+07
6.110000e+02    6.738892e+07
6.110500e+02    6.737292e+07
6.111000e+02    6.735391e+07
6.111500e+02    6.732891e+07
6.112000e+02    6.729392e+07
6.112500e+02    6.725091e+07
6.113000e+02    6.720092e+07
6.113500e+02    6.714691e+07
6.114000e+02    6.709191e+07
6.114500e+02    6.703691e+07
6.115000e+02    6.698091e+07
6.115500e+02    6.692490e+07
6.116000e+02    6.686591e+07
6.116500e+02    6.680390e+07
6.117000e+02    6.673590e+07
6.117500e+02    6.666390e+07
6.118000e+02    6.658890e+07
6.118500e+02    6.651290e+07
6.119000e+02    6.643589e+07
6.119500e+02    6.635890e+07
6.120000e+02    6.628289e+07
6.120500e+02    6.620889e+07
6.121000e+02    6.613988e+07
6.121500e+02    6.608088e+07
6.122000e+02    6.603288e+07
6.122500e+02    6.599488e+07
6.123000e+02    6.596288e+07
6.123500e+02    6.593287e+07
6.124000e+02    6.590387e+07
6.124500e+02    6.587588e+07
6.125000e+02    6.584888e+07
6.125500e+02    6.582888e+07
6.126000e+02    6.582188e+07
6.126500e+02    6.583388e+07
6.127000e+02    6.586687e+07
6.127500e+02    6.591788e+07
6.128000e+02    6.597788e+07
6.128500e+02    6.604289e+07
6.129000e+02    6.610889e+07
6.129500e+02    6.617288e+07
6.130000e+02    6.623289e+07
6.130500e+02    6.628088e+07
6.131000e+02    6.630489e+07
6.131500e+02    6.629689e+07
6.132000e+02    6.625589e+07
6.132500e+02    6.618988e+07
6.133000e+02    6.611188e+07
6.133500e+02    6.602788e+07
6.134000e+02    6.594287e+07
6.134500e+02    6.585888e+07
6.135000e+02    6.577887e+07
6.135500e+02    6.571287e+07
6.136000e+02    6.566787e+07
6.136500e+02    6.565087e+07
6.137000e+02    6.566086e+07
6.137500e+02    6.568887e+07
6.138000e+02    6.572587e+07
6.138500e+02    6.576588e+07
6.139000e+02    6.580687e+07
6.139500e+02    6.584888e+07
6.140000e+02    6.589088e+07
6.140500e+02    6.593587e+07
6.141000e+02    6.598588e+07
6.141500e+02    6.604088e+07
6.142000e+02    6.609988e+07
6.142500e+02    6.616289e+07
6.143000e+02    6.622589e+07
6.143500e+02    6.628989e+07
6.144000e+02    6.635289e+07
6.144500e+02    6.641389e+07
6.145000e+02    6.646789e+07
6.145500e+02    6.650790e+07
6.146000e+02    6.652589e+07
6.146500e+02    6.651889e+07
6.147000e+02    6.649189e+07
6.147500e+02    6.645289e+07
6.148000e+02    6.640989e+07
6.148500e+02    6.636489e+07
6.149000e+02    6.631988e+07
6.149500e+02    6.627289e+07
6.150000e+02    6.622288e+07
6.150500e+02    6.616688e+07
6.151000e+02    6.610088e+07
6.151500e+02    6.602587e+07
6.152000e+02    6.594388e+07
6.152500e+02    6.585787e+07
6.153000e+02    6.576987e+07
6.153500e+02    6.568187e+07
6.154000e+02    6.559187e+07
6.154500e+02    6.549786e+07
6.155000e+02    6.539186e+07
6.155500e+02    6.526486e+07
6.156000e+02    6.510985e+07
6.156500e+02    6.492884e+07
6.157000e+02    6.472985e+07
6.157500e+02    6.452183e+07
6.158000e+02    6.431183e+07
6.158500e+02    6.409983e+07
6.159000e+02    6.389182e+07
6.159500e+02    6.369281e+07
6.160000e+02    6.351780e+07
6.160500e+02    6.338181e+07
6.161000e+02    6.329480e+07
6.161500e+02    6.324880e+07
6.162000e+02    6.322980e+07
6.162500e+02    6.322180e+07
6.163000e+02    6.321780e+07
6.163500e+02    6.321580e+07
6.164000e+02    6.321580e+07
6.164500e+02    6.322379e+07
6.165000e+02    6.324680e+07
6.165500e+02    6.329580e+07
6.166000e+02    6.337281e+07
6.166500e+02    6.347380e+07
6.167000e+02    6.358681e+07
6.167500e+02    6.370582e+07
6.168000e+02    6.382681e+07
6.168500e+02    6.394782e+07
6.169000e+02    6.407182e+07
6.169500e+02    6.420183e+07
6.170000e+02    6.434284e+07
6.170500e+02    6.450084e+07
6.171000e+02    6.467585e+07
6.171500e+02    6.486484e+07
6.172000e+02    6.505985e+07
6.172500e+02    6.525786e+07
6.173000e+02    6.545586e+07
6.173500e+02    6.565287e+07
6.174000e+02    6.584188e+07
6.174500e+02    6.601387e+07
6.175000e+02    6.615388e+07
6.175500e+02    6.625188e+07
6.176000e+02    6.630989e+07
6.176500e+02    6.634089e+07
6.177000e+02    6.635689e+07
6.177500e+02    6.636888e+07
6.178000e+02    6.637789e+07
6.178500e+02    6.638789e+07
6.179000e+02    6.639589e+07
6.179500e+02    6.639989e+07
6.180000e+02    6.639989e+07
6.180500e+02    6.639189e+07
6.181000e+02    6.637889e+07
6.181500e+02    6.636289e+07
6.182000e+02    6.634389e+07
6.182500e+02    6.632488e+07
6.183000e+02    6.630689e+07
6.183500e+02    6.628788e+07
6.184000e+02    6.626989e+07
6.184500e+02    6.625188e+07
6.185000e+02    6.623688e+07
6.185500e+02    6.622288e+07
6.186000e+02    6.621189e+07
6.186500e+02    6.620088e+07
6.187000e+02    6.618988e+07
6.187500e+02    6.617989e+07
6.188000e+02    6.616989e+07
6.188500e+02    6.616088e+07
6.189000e+02    6.615588e+07
6.189500e+02    6.615789e+07
6.190000e+02    6.616989e+07
6.190500e+02    6.619189e+07
6.191000e+02    6.622288e+07
6.191500e+02    6.625688e+07
6.192000e+02    6.629389e+07
6.192500e+02    6.633089e+07
6.193000e+02    6.636789e+07
6.193500e+02    6.640589e+07
6.194000e+02    6.644489e+07
6.194500e+02    6.648590e+07
6.195000e+02    6.653089e+07
6.195500e+02    6.657789e+07
6.196000e+02    6.662790e+07
6.196500e+02    6.667789e+07
6.197000e+02    6.672889e+07
6.197500e+02    6.677991e+07
6.198000e+02    6.683090e+07
6.198500e+02    6.688090e+07
6.199000e+02    6.692990e+07
6.199500e+02    6.697690e+07
6.200000e+02    6.702191e+07
6.200500e+02    6.706491e+07
6.201000e+02    6.710592e+07
6.201500e+02    6.714591e+07
6.202000e+02    6.718591e+07
6.202500e+02    6.722592e+07
6.203000e+02    6.726391e+07
6.203500e+02    6.729692e+07
6.204000e+02    6.731892e+07
6.204500e+02    6.732392e+07
6.205000e+02    6.730792e+07
6.205500e+02    6.727591e+07
6.206000e+02    6.723391e+07
6.206500e+02    6.718791e+07
6.207000e+02    6.714091e+07
6.207500e+02    6.709291e+07
6.208000e+02    6.704291e+07
6.208500e+02    6.698791e+07
6.209000e+02    6.692290e+07
6.209500e+02    6.684390e+07
6.210000e+02    6.674890e+07
6.210500e+02    6.664290e+07
6.211000e+02    6.652990e+07
6.211500e+02    6.641490e+07
6.212000e+02    6.629889e+07
6.212500e+02    6.618288e+07
6.213000e+02    6.606788e+07
6.213500e+02    6.595688e+07
6.214000e+02    6.585088e+07
6.214500e+02    6.575388e+07
6.215000e+02    6.566287e+07
6.215500e+02    6.557786e+07
6.216000e+02    6.549587e+07
6.216500e+02    6.541486e+07
6.217000e+02    6.533487e+07
6.217500e+02    6.525685e+07
6.218000e+02    6.518486e+07
6.218500e+02    6.512785e+07
6.219000e+02    6.509885e+07
6.219500e+02    6.510285e+07
6.220000e+02    6.513685e+07
6.220500e+02    6.518986e+07
6.221000e+02    6.525185e+07
6.221500e+02    6.531686e+07
6.222000e+02    6.538186e+07
6.222500e+02    6.544487e+07
6.223000e+02    6.549887e+07
6.223500e+02    6.553287e+07
6.224000e+02    6.553587e+07
6.224500e+02    6.550286e+07
6.225000e+02    6.543886e+07
6.225500e+02    6.535687e+07
6.226000e+02    6.526786e+07
6.226500e+02    6.517685e+07
6.227000e+02    6.508585e+07
6.227500e+02    6.499985e+07
6.228000e+02    6.492384e+07
6.228500e+02    6.487085e+07
6.229000e+02    6.485084e+07
6.229500e+02    6.486585e+07
6.230000e+02    6.490785e+07
6.230500e+02    6.496485e+07
6.231000e+02    6.502785e+07
6.231500e+02    6.509186e+07
6.232000e+02    6.515685e+07
6.232500e+02    6.521785e+07
6.233000e+02    6.527385e+07
6.233500e+02    6.531686e+07
6.234000e+02    6.534286e+07
6.234500e+02    6.535386e+07
6.235000e+02    6.535286e+07
6.235500e+02    6.534686e+07
6.236000e+02    6.533786e+07
6.236500e+02    6.532785e+07
6.237000e+02    6.531586e+07
6.237500e+02    6.529886e+07
6.238000e+02    6.526786e+07
6.238500e+02    6.521285e+07
6.239000e+02    6.512886e+07
6.239500e+02    6.501886e+07
6.240000e+02    6.488984e+07
6.240500e+02    6.475385e+07
6.241000e+02    6.461485e+07
6.241500e+02    6.447484e+07
6.242000e+02    6.433883e+07
6.242500e+02    6.421082e+07
6.243000e+02    6.410382e+07
6.243500e+02    6.403183e+07
6.244000e+02    6.399882e+07
6.244500e+02    6.399983e+07
6.245000e+02    6.401982e+07
6.245500e+02    6.404883e+07
6.246000e+02    6.407982e+07
6.246500e+02    6.411082e+07
6.247000e+02    6.413782e+07
6.247500e+02    6.415683e+07
6.248000e+02    6.415683e+07
6.248500e+02    6.413082e+07
6.249000e+02    6.407583e+07
6.249500e+02    6.399782e+07
6.250000e+02    6.390682e+07
6.250500e+02    6.381082e+07
6.251000e+02    6.371481e+07
6.251500e+02    6.361881e+07
6.252000e+02    6.353081e+07
6.252500e+02    6.345880e+07
6.253000e+02    6.341881e+07
6.253500e+02    6.342181e+07
6.254000e+02    6.346680e+07
6.254500e+02    6.354381e+07
6.255000e+02    6.363681e+07
6.255500e+02    6.373581e+07
6.256000e+02    6.383582e+07
6.256500e+02    6.393682e+07
6.257000e+02    6.403582e+07
6.257500e+02    6.413183e+07
6.258000e+02    6.422283e+07
6.258500e+02    6.430583e+07
6.259000e+02    6.438184e+07
6.259500e+02    6.445383e+07
6.260000e+02    6.452384e+07
6.260500e+02    6.459384e+07
6.261000e+02    6.466284e+07
6.261500e+02    6.473084e+07
6.262000e+02    6.479484e+07
6.262500e+02    6.485284e+07
6.263000e+02    6.489785e+07
6.263500e+02    6.492884e+07
6.264000e+02    6.494685e+07
6.264500e+02    6.495784e+07
6.265000e+02    6.496585e+07
6.265500e+02    6.497285e+07
6.266000e+02    6.498085e+07
6.266500e+02    6.498984e+07
6.267000e+02    6.500485e+07
6.267500e+02    6.503185e+07
6.268000e+02    6.507585e+07
6.268500e+02    6.513886e+07
6.269000e+02    6.521785e+07
6.269500e+02    6.530386e+07
6.270000e+02    6.539386e+07
6.270500e+02    6.548486e+07
6.271000e+02    6.557487e+07
6.271500e+02    6.566086e+07
6.272000e+02    6.573687e+07
6.272500e+02    6.579187e+07
6.273000e+02    6.582087e+07
6.273500e+02    6.582188e+07
6.274000e+02    6.580287e+07
6.274500e+02    6.577387e+07
6.275000e+02    6.574087e+07
6.275500e+02    6.570687e+07
6.276000e+02    6.567187e+07
6.276500e+02    6.563687e+07
6.277000e+02    6.560087e+07
6.277500e+02    6.556387e+07
6.278000e+02    6.552587e+07
6.278500e+02    6.548587e+07
6.279000e+02    6.544586e+07
6.279500e+02    6.540386e+07
6.280000e+02    6.536286e+07
6.280500e+02    6.532186e+07
6.281000e+02    6.528186e+07
6.281500e+02    6.524386e+07
6.282000e+02    6.521285e+07
6.282500e+02    6.519186e+07
6.283000e+02    6.518385e+07
6.283500e+02    6.518786e+07
6.284000e+02    6.519686e+07
6.284500e+02    6.520986e+07
6.285000e+02    6.522285e+07
6.285500e+02    6.523686e+07
6.286000e+02    6.524985e+07
6.286500e+02    6.526486e+07
6.287000e+02    6.528086e+07
6.287500e+02    6.529986e+07
6.288000e+02    6.531986e+07
6.288500e+02    6.534286e+07
6.289000e+02    6.536786e+07
6.289500e+02    6.539186e+07
6.290000e+02    6.541686e+07
6.290500e+02    6.544086e+07
6.291000e+02    6.546286e+07
6.291500e+02    6.548086e+07
6.292000e+02    6.548887e+07
6.292500e+02    6.548486e+07
6.293000e+02    6.546786e+07
6.293500e+02    6.544186e+07
6.294000e+02    6.540986e+07
6.294500e+02    6.537686e+07
6.295000e+02    6.534286e+07
6.295500e+02    6.530886e+07
6.296000e+02    6.527385e+07
6.296500e+02    6.523686e+07
6.297000e+02    6.519786e+07
6.297500e+02    6.515385e+07
6.298000e+02    6.510785e+07
6.298500e+02    6.505885e+07
6.299000e+02    6.500885e+07
6.299500e+02    6.495784e+07
6.300000e+02    6.490785e+07
6.300500e+02    6.485784e+07
6.301000e+02    6.481085e+07
6.301500e+02    6.476984e+07
6.302000e+02    6.473984e+07
6.302500e+02    6.472284e+07
6.303000e+02    6.471584e+07
6.303500e+02    6.471684e+07
6.304000e+02    6.471985e+07
6.304500e+02    6.472384e+07
6.305000e+02    6.472784e+07
6.305500e+02    6.472985e+07
6.306000e+02    6.472685e+07
6.306500e+02    6.471184e+07
6.307000e+02    6.467984e+07
6.307500e+02    6.462784e+07
6.308000e+02    6.455984e+07
6.308500e+02    6.448283e+07
6.309000e+02    6.440283e+07
6.309500e+02    6.432183e+07
6.310000e+02    6.423983e+07
6.310500e+02    6.415883e+07
6.311000e+02    6.407783e+07
6.311500e+02    6.399983e+07
6.312000e+02    6.392282e+07
6.312500e+02    6.384982e+07
6.313000e+02    6.377781e+07
6.313500e+02    6.370681e+07
6.314000e+02    6.363581e+07
6.314500e+02    6.356581e+07
6.315000e+02    6.349580e+07
6.315500e+02    6.342780e+07
6.316000e+02    6.336481e+07
6.316500e+02    6.330980e+07
6.317000e+02    6.326680e+07
6.317500e+02    6.323280e+07
6.318000e+02    6.320780e+07
6.318500e+02    6.318479e+07
6.319000e+02    6.316380e+07
6.319500e+02    6.314380e+07
6.320000e+02    6.312379e+07
6.320500e+02    6.310780e+07
6.321000e+02    6.309879e+07
6.321500e+02    6.310280e+07
6.322000e+02    6.312280e+07
6.322500e+02    6.315580e+07
6.323000e+02    6.319780e+07
6.323500e+02    6.324280e+07
6.324000e+02    6.328980e+07
6.324500e+02    6.333581e+07
6.325000e+02    6.338080e+07
6.325500e+02    6.342280e+07
6.326000e+02    6.345581e+07
6.326500e+02    6.347681e+07
6.327000e+02    6.348281e+07
6.327500e+02    6.347781e+07
6.328000e+02    6.346581e+07
6.328500e+02    6.345081e+07
6.329000e+02    6.343581e+07
6.329500e+02    6.341881e+07
6.330000e+02    6.340080e+07
6.330500e+02    6.337781e+07
6.331000e+02    6.334581e+07
6.331500e+02    6.329980e+07
6.332000e+02    6.323980e+07
6.332500e+02    6.316979e+07
6.333000e+02    6.309379e+07
6.333500e+02    6.301480e+07
6.334000e+02    6.293680e+07
6.334500e+02    6.285979e+07
6.335000e+02    6.278879e+07
6.335500e+02    6.273178e+07
6.336000e+02    6.270179e+07
6.336500e+02    6.270778e+07
6.337000e+02    6.274579e+07
6.337500e+02    6.280879e+07
6.338000e+02    6.288279e+07
6.338500e+02    6.296179e+07
6.339000e+02    6.304079e+07
6.339500e+02    6.312180e+07
6.340000e+02    6.320380e+07
6.340500e+02    6.328880e+07
6.341000e+02    6.337981e+07
6.341500e+02    6.347681e+07
6.342000e+02    6.358181e+07
6.342500e+02    6.368981e+07
6.343000e+02    6.379882e+07
6.343500e+02    6.390981e+07
6.344000e+02    6.401982e+07
6.344500e+02    6.412782e+07
6.345000e+02    6.423183e+07
6.345500e+02    6.432483e+07
6.346000e+02    6.439983e+07
6.346500e+02    6.445583e+07
6.347000e+02    6.449583e+07
6.347500e+02    6.452683e+07
6.348000e+02    6.455383e+07
6.348500e+02    6.457984e+07
6.349000e+02    6.460384e+07
6.349500e+02    6.462684e+07
6.350000e+02    6.464384e+07
6.350500e+02    6.464884e+07
6.351000e+02    6.463784e+07
6.351500e+02    6.460884e+07
6.352000e+02    6.456584e+07
6.352500e+02    6.451584e+07
6.353000e+02    6.446383e+07
6.353500e+02    6.440983e+07
6.354000e+02    6.435583e+07
6.354500e+02    6.430283e+07
6.355000e+02    6.425083e+07
6.355500e+02    6.420083e+07
6.356000e+02    6.415282e+07
6.356500e+02    6.410683e+07
6.357000e+02    6.406283e+07
6.357500e+02    6.401982e+07
6.358000e+02    6.397783e+07
6.358500e+02    6.393582e+07
6.359000e+02    6.389481e+07
6.359500e+02    6.385782e+07
6.360000e+02    6.383181e+07
6.360500e+02    6.382482e+07
6.361000e+02    6.383982e+07
6.361500e+02    6.387582e+07
6.362000e+02    6.392382e+07
6.362500e+02    6.397882e+07
6.363000e+02    6.403582e+07
6.363500e+02    6.409283e+07
6.364000e+02    6.414883e+07
6.364500e+02    6.420183e+07
6.365000e+02    6.424883e+07
6.365500e+02    6.428483e+07
6.366000e+02    6.430783e+07
6.366500e+02    6.432084e+07
6.367000e+02    6.432883e+07
6.367500e+02    6.433383e+07
6.368000e+02    6.433784e+07
6.368500e+02    6.434183e+07
6.369000e+02    6.434583e+07
6.369500e+02    6.435183e+07
6.370000e+02    6.435883e+07
6.370500e+02    6.436883e+07
6.371000e+02    6.438083e+07
6.371500e+02    6.439684e+07
6.372000e+02    6.441283e+07
6.372500e+02    6.442983e+07
6.373000e+02    6.444683e+07
6.373500e+02    6.446383e+07
6.374000e+02    6.448083e+07
6.374500e+02    6.449783e+07
6.375000e+02    6.451483e+07
6.375500e+02    6.453084e+07
6.376000e+02    6.454784e+07
6.376500e+02    6.456484e+07
6.377000e+02    6.458083e+07
6.377500e+02    6.459783e+07
6.378000e+02    6.461384e+07
6.378500e+02    6.463084e+07
6.379000e+02    6.464683e+07
6.379500e+02    6.466184e+07
6.380000e+02    6.467585e+07
6.380500e+02    6.468784e+07
6.381000e+02    6.469884e+07
6.381500e+02    6.470884e+07
6.382000e+02    6.471884e+07
6.382500e+02    6.472784e+07
6.383000e+02    6.473784e+07
6.383500e+02    6.474685e+07
6.384000e+02    6.475385e+07
6.384500e+02    6.475885e+07
6.385000e+02    6.475784e+07
6.385500e+02    6.475185e+07
6.386000e+02    6.474084e+07
6.386500e+02    6.472685e+07
6.387000e+02    6.471184e+07
6.387500e+02    6.469584e+07
6.388000e+02    6.467884e+07
6.388500e+02    6.465885e+07
6.389000e+02    6.463084e+07
6.389500e+02    6.458583e+07
6.390000e+02    6.451384e+07
6.390500e+02    6.441384e+07
6.391000e+02    6.429183e+07
6.391500e+02    6.415783e+07
6.392000e+02    6.401882e+07
6.392500e+02    6.387882e+07
6.393000e+02    6.373982e+07
6.393500e+02    6.360681e+07
6.394000e+02    6.348781e+07
6.394500e+02    6.339580e+07
6.395000e+02    6.333980e+07
6.395500e+02    6.332180e+07
6.396000e+02    6.332980e+07
6.396500e+02    6.335081e+07
6.397000e+02    6.337880e+07
6.397500e+02    6.340681e+07
6.398000e+02    6.343581e+07
6.398500e+02    6.346380e+07
6.399000e+02    6.348981e+07
6.399500e+02    6.351381e+07
6.400000e+02    6.353381e+07
6.400500e+02    6.354980e+07
6.401000e+02    6.356381e+07
6.401500e+02    6.357781e+07
6.402000e+02    6.359082e+07
6.402500e+02    6.360281e+07
6.403000e+02    6.361282e+07
6.403500e+02    6.361481e+07
6.404000e+02    6.359781e+07
6.404500e+02    6.355081e+07
6.405000e+02    6.346581e+07
6.405500e+02    6.334980e+07
6.406000e+02    6.321580e+07
6.406500e+02    6.307279e+07
6.407000e+02    6.292879e+07
6.407500e+02    6.278479e+07
6.408000e+02    6.264678e+07
6.408500e+02    6.252178e+07
6.409000e+02    6.242678e+07
6.409500e+02    6.237677e+07
6.410000e+02    6.237578e+07
6.410500e+02    6.241278e+07
6.411000e+02    6.247278e+07
6.411500e+02    6.254078e+07
6.412000e+02    6.261178e+07
6.412500e+02    6.268179e+07
6.413000e+02    6.274878e+07
6.413500e+02    6.280879e+07
6.414000e+02    6.285479e+07
6.414500e+02    6.287979e+07
6.415000e+02    6.288379e+07
6.415500e+02    6.287379e+07
6.416000e+02    6.285479e+07
6.416500e+02    6.283379e+07
6.417000e+02    6.281179e+07
6.417500e+02    6.279078e+07
6.418000e+02    6.277479e+07
6.418500e+02    6.276979e+07
6.419000e+02    6.278479e+07
6.419500e+02    6.282579e+07
6.420000e+02    6.289179e+07
6.420500e+02    6.297279e+07
6.421000e+02    6.306180e+07
6.421500e+02    6.315380e+07
6.422000e+02    6.324680e+07
6.422500e+02    6.333680e+07
6.423000e+02    6.342081e+07
6.423500e+02    6.348880e+07
6.424000e+02    6.352980e+07
6.424500e+02    6.353881e+07
6.425000e+02    6.351981e+07
6.425500e+02    6.348481e+07
6.426000e+02    6.344180e+07
6.426500e+02    6.339681e+07
6.427000e+02    6.335180e+07
6.427500e+02    6.330780e+07
6.428000e+02    6.326580e+07
6.428500e+02    6.323081e+07
6.429000e+02    6.320480e+07
6.429500e+02    6.318880e+07
6.430000e+02    6.318180e+07
6.430500e+02    6.317880e+07
6.431000e+02    6.317880e+07
6.431500e+02    6.317880e+07
6.432000e+02    6.317780e+07
6.432500e+02    6.317780e+07
6.433000e+02    6.317680e+07
6.433500e+02    6.317280e+07
6.434000e+02    6.316680e+07
6.434500e+02    6.315779e+07
6.435000e+02    6.314680e+07
6.435500e+02    6.313480e+07
6.436000e+02    6.312180e+07
6.436500e+02    6.310980e+07
6.437000e+02    6.309679e+07
6.437500e+02    6.308679e+07
6.438000e+02    6.307979e+07
6.438500e+02    6.307880e+07
6.439000e+02    6.308679e+07
6.439500e+02    6.310280e+07
6.440000e+02    6.312480e+07
6.440500e+02    6.314880e+07
6.441000e+02    6.317380e+07
6.441500e+02    6.319880e+07
6.442000e+02    6.322180e+07
6.442500e+02    6.323680e+07
6.443000e+02    6.323380e+07
6.443500e+02    6.319880e+07
6.444000e+02    6.312680e+07
6.444500e+02    6.302180e+07
6.445000e+02    6.289579e+07
6.445500e+02    6.276179e+07
6.446000e+02    6.262478e+07
6.446500e+02    6.248778e+07
6.447000e+02    6.235477e+07
6.447500e+02    6.223577e+07
6.448000e+02    6.214577e+07
6.448500e+02    6.209976e+07
6.449000e+02    6.210476e+07
6.449500e+02    6.215177e+07
6.450000e+02    6.222077e+07
6.450500e+02    6.230077e+07
6.451000e+02    6.238278e+07
6.451500e+02    6.246477e+07
6.452000e+02    6.254378e+07
6.452500e+02    6.261579e+07
6.453000e+02    6.267078e+07
6.453500e+02    6.270379e+07
6.454000e+02    6.271478e+07
6.454500e+02    6.270678e+07
6.455000e+02    6.269078e+07
6.455500e+02    6.266979e+07
6.456000e+02    6.264878e+07
6.456500e+02    6.262678e+07
6.457000e+02    6.260478e+07
6.457500e+02    6.258179e+07
6.458000e+02    6.255678e+07
6.458500e+02    6.252978e+07
6.459000e+02    6.250078e+07
6.459500e+02    6.246978e+07
6.460000e+02    6.243878e+07
6.460500e+02    6.240678e+07
6.461000e+02    6.237578e+07
6.461500e+02    6.234578e+07
6.462000e+02    6.232178e+07
6.462500e+02    6.231077e+07
6.463000e+02    6.232378e+07
6.463500e+02    6.236578e+07
6.464000e+02    6.243277e+07
6.464500e+02    6.251577e+07
6.465000e+02    6.260579e+07
6.465500e+02    6.269778e+07
6.466000e+02    6.279078e+07
6.466500e+02    6.288078e+07
6.467000e+02    6.296679e+07
6.467500e+02    6.303880e+07
6.468000e+02    6.309280e+07
6.468500e+02    6.312280e+07
6.469000e+02    6.313480e+07
6.469500e+02    6.313680e+07
6.470000e+02    6.313380e+07
6.470500e+02    6.312980e+07
6.471000e+02    6.312480e+07
6.471500e+02    6.312079e+07
6.472000e+02    6.311680e+07
6.472500e+02    6.311379e+07
6.473000e+02    6.311280e+07
6.473500e+02    6.311379e+07
6.474000e+02    6.311580e+07
6.474500e+02    6.311879e+07
6.475000e+02    6.312180e+07
6.475500e+02    6.312379e+07
6.476000e+02    6.312680e+07
6.476500e+02    6.312680e+07
6.477000e+02    6.312280e+07
6.477500e+02    6.310879e+07
6.478000e+02    6.308280e+07
6.478500e+02    6.304480e+07
6.479000e+02    6.299780e+07
6.479500e+02    6.294680e+07
6.480000e+02    6.289479e+07
6.480500e+02    6.284178e+07
6.481000e+02    6.278979e+07
6.481500e+02    6.274079e+07
6.482000e+02    6.269879e+07
6.482500e+02    6.266878e+07
6.483000e+02    6.265279e+07
6.483500e+02    6.265078e+07
6.484000e+02    6.265678e+07
6.484500e+02    6.266778e+07
6.485000e+02    6.267879e+07
6.485500e+02    6.268978e+07
6.486000e+02    6.269879e+07
6.486500e+02    6.269679e+07
6.487000e+02    6.267179e+07
6.487500e+02    6.260978e+07
6.488000e+02    6.250478e+07
6.488500e+02    6.236378e+07
6.489000e+02    6.220277e+07
6.489500e+02    6.203277e+07
6.490000e+02    6.185976e+07
6.490500e+02    6.168776e+07
6.491000e+02    6.151876e+07
6.491500e+02    6.135875e+07
6.492000e+02    6.121674e+07
6.492500e+02    6.110273e+07
6.493000e+02    6.101673e+07
6.493500e+02    6.095373e+07
6.494000e+02    6.090273e+07
6.494500e+02    6.085773e+07
6.495000e+02    6.081373e+07
6.495500e+02    6.077273e+07
6.496000e+02    6.074073e+07
6.496500e+02    6.072973e+07
6.497000e+02    6.075873e+07
6.497500e+02    6.084373e+07
6.498000e+02    6.098174e+07
6.498500e+02    6.115873e+07
6.499000e+02    6.135675e+07
6.499500e+02    6.156075e+07
6.500000e+02    6.176776e+07
6.500500e+02    6.197276e+07
6.501000e+02    6.217278e+07
6.501500e+02    6.235778e+07
6.502000e+02    6.251878e+07
6.502500e+02    6.264878e+07
6.503000e+02    6.275079e+07
6.503500e+02    6.283379e+07
6.504000e+02    6.290879e+07
6.504500e+02    6.297979e+07
6.505000e+02    6.304979e+07
6.505500e+02    6.311980e+07
6.506000e+02    6.318479e+07
6.506500e+02    6.324180e+07
6.507000e+02    6.328481e+07
6.507500e+02    6.331080e+07
6.508000e+02    6.332381e+07
6.508500e+02    6.332780e+07
6.509000e+02    6.332780e+07
6.509500e+02    6.332780e+07
6.510000e+02    6.332680e+07
6.510500e+02    6.332480e+07
6.511000e+02    6.331881e+07
6.511500e+02    6.330681e+07
6.512000e+02    6.328481e+07
6.512500e+02    6.325180e+07
6.513000e+02    6.321080e+07
6.513500e+02    6.316480e+07
6.514000e+02    6.311580e+07
6.514500e+02    6.306779e+07
6.515000e+02    6.301879e+07
6.515500e+02    6.296979e+07
6.516000e+02    6.292079e+07
6.516500e+02    6.287080e+07
6.517000e+02    6.281978e+07
6.517500e+02    6.276779e+07
6.518000e+02    6.271579e+07
6.518500e+02    6.266278e+07
6.519000e+02    6.260978e+07
6.519500e+02    6.255678e+07
6.520000e+02    6.250478e+07
6.520500e+02    6.245477e+07
6.521000e+02    6.241178e+07
6.521500e+02    6.237877e+07
6.522000e+02    6.235977e+07
6.522500e+02    6.235378e+07
6.523000e+02    6.235578e+07
6.523500e+02    6.236278e+07
6.524000e+02    6.236977e+07
6.524500e+02    6.237877e+07
6.525000e+02    6.238778e+07
6.525500e+02    6.239877e+07
6.526000e+02    6.241478e+07
6.526500e+02    6.243878e+07
6.527000e+02    6.247378e+07
6.527500e+02    6.251678e+07
6.528000e+02    6.256478e+07
6.528500e+02    6.261478e+07
6.529000e+02    6.266578e+07
6.529500e+02    6.271678e+07
6.530000e+02    6.276679e+07
6.530500e+02    6.281579e+07
6.531000e+02    6.286079e+07
6.531500e+02    6.289979e+07
6.532000e+02    6.293379e+07
6.532500e+02    6.296279e+07
6.533000e+02    6.298879e+07
6.533500e+02    6.301379e+07
6.534000e+02    6.303880e+07
6.534500e+02    6.306279e+07
6.535000e+02    6.308679e+07
6.535500e+02    6.310980e+07
6.536000e+02    6.312879e+07
6.536500e+02    6.314380e+07
6.537000e+02    6.315380e+07
6.537500e+02    6.316180e+07
6.538000e+02    6.316680e+07
6.538500e+02    6.317180e+07
6.539000e+02    6.317680e+07
6.539500e+02    6.317880e+07
6.540000e+02    6.317380e+07
6.540500e+02    6.315079e+07
6.541000e+02    6.309679e+07
6.541500e+02    6.300079e+07
6.542000e+02    6.286579e+07
6.542500e+02    6.270579e+07
6.543000e+02    6.253178e+07
6.543500e+02    6.235277e+07
6.544000e+02    6.217377e+07
6.544500e+02    6.199577e+07
6.545000e+02    6.182176e+07
6.545500e+02    6.165976e+07
6.546000e+02    6.151575e+07
6.546500e+02    6.139475e+07
6.547000e+02    6.129374e+07
6.547500e+02    6.120475e+07
6.548000e+02    6.112074e+07
6.548500e+02    6.103873e+07
6.549000e+02    6.095573e+07
6.549500e+02    6.086773e+07
6.550000e+02    6.076573e+07
6.550500e+02    6.063272e+07
6.551000e+02    6.045272e+07
6.551500e+02    6.021871e+07
6.552000e+02    5.994271e+07
6.552500e+02    5.964170e+07
6.553000e+02    5.932969e+07
6.553500e+02    5.901567e+07
6.554000e+02    5.870067e+07
6.554500e+02    5.838466e+07
6.555000e+02    5.806865e+07
6.555500e+02    5.774865e+07
6.556000e+02    5.742663e+07
6.556500e+02    5.709963e+07
6.557000e+02    5.677162e+07
6.557500e+02    5.644061e+07
6.558000e+02    5.611059e+07
6.558500e+02    5.578059e+07
6.559000e+02    5.545358e+07
6.559500e+02    5.514056e+07
6.560000e+02    5.485956e+07
6.560500e+02    5.463855e+07
6.561000e+02    5.449455e+07
6.561500e+02    5.442455e+07
6.562000e+02    5.440555e+07
6.562500e+02    5.441155e+07
6.563000e+02    5.442855e+07
6.563500e+02    5.444855e+07
6.564000e+02    5.447455e+07
6.564500e+02    5.452056e+07
6.565000e+02    5.461255e+07
6.565500e+02    5.478356e+07
6.566000e+02    5.505157e+07
6.566500e+02    5.540557e+07
6.567000e+02    5.581359e+07
6.567500e+02    5.624460e+07
6.568000e+02    5.668461e+07
6.568500e+02    5.712462e+07
6.569000e+02    5.755964e+07
6.569500e+02    5.797865e+07
6.570000e+02    5.836367e+07
6.570500e+02    5.869267e+07
6.571000e+02    5.895868e+07
6.571500e+02    5.917268e+07
6.572000e+02    5.935669e+07
6.572500e+02    5.952769e+07
6.573000e+02    5.969570e+07
6.573500e+02    5.986170e+07
6.574000e+02    6.002671e+07
6.574500e+02    6.018671e+07
6.575000e+02    6.033871e+07
6.575500e+02    6.047672e+07
6.576000e+02    6.060173e+07
6.576500e+02    6.071673e+07
6.577000e+02    6.082573e+07
6.577500e+02    6.093274e+07
6.578000e+02    6.103873e+07
6.578500e+02    6.114274e+07
6.579000e+02    6.124375e+07
6.579500e+02    6.133574e+07
6.580000e+02    6.140975e+07
6.580500e+02    6.146175e+07
6.581000e+02    6.149075e+07
6.581500e+02    6.150475e+07
6.582000e+02    6.151075e+07
6.582500e+02    6.151275e+07
6.583000e+02    6.151475e+07
6.583500e+02    6.151775e+07
6.584000e+02    6.152175e+07
6.584500e+02    6.152875e+07
6.585000e+02    6.154375e+07
6.585500e+02    6.156675e+07
6.586000e+02    6.159676e+07
6.586500e+02    6.163175e+07
6.587000e+02    6.166976e+07
6.587500e+02    6.170775e+07
6.588000e+02    6.174576e+07
6.588500e+02    6.178176e+07
6.589000e+02    6.181176e+07
6.589500e+02    6.182776e+07
6.590000e+02    6.182275e+07
6.590500e+02    6.179075e+07
6.591000e+02    6.173876e+07
6.591500e+02    6.167375e+07
6.592000e+02    6.160376e+07
6.592500e+02    6.153275e+07
6.593000e+02    6.146274e+07
6.593500e+02    6.139575e+07
6.594000e+02    6.134175e+07
6.594500e+02    6.131275e+07
6.595000e+02    6.131874e+07
6.595500e+02    6.136274e+07
6.596000e+02    6.143675e+07
6.596500e+02    6.152775e+07
6.597000e+02    6.162475e+07
6.597500e+02    6.172376e+07
6.598000e+02    6.182176e+07
6.598500e+02    6.191476e+07
6.599000e+02    6.199676e+07
6.599500e+02    6.205677e+07
6.600000e+02    6.208677e+07
6.600500e+02    6.208776e+07
6.601000e+02    6.206877e+07
6.601500e+02    6.203777e+07
6.602000e+02    6.200377e+07
6.602500e+02    6.196776e+07
6.603000e+02    6.193376e+07
6.603500e+02    6.190277e+07
6.604000e+02    6.188176e+07
6.604500e+02    6.187676e+07
6.605000e+02    6.189276e+07
6.605500e+02    6.192676e+07
6.606000e+02    6.197377e+07
6.606500e+02    6.202676e+07
6.607000e+02    6.208177e+07
6.607500e+02    6.213677e+07
6.608000e+02    6.219077e+07
6.608500e+02    6.224177e+07
6.609000e+02    6.228478e+07
6.609500e+02    6.231678e+07
6.610000e+02    6.233277e+07
6.610500e+02    6.233678e+07
6.611000e+02    6.233277e+07
6.611500e+02    6.232678e+07
6.612000e+02    6.231977e+07
6.612500e+02    6.231277e+07
6.613000e+02    6.230678e+07
6.613500e+02    6.230478e+07
6.614000e+02    6.231178e+07
6.614500e+02    6.232977e+07
6.615000e+02    6.236177e+07
6.615500e+02    6.240377e+07
6.616000e+02    6.245178e+07
6.616500e+02    6.250178e+07
6.617000e+02    6.255278e+07
6.617500e+02    6.260379e+07
6.618000e+02    6.265178e+07
6.618500e+02    6.269379e+07
6.619000e+02    6.272579e+07
6.619500e+02    6.274079e+07
6.620000e+02    6.274178e+07
6.620500e+02    6.273079e+07
6.621000e+02    6.271379e+07
6.621500e+02    6.269478e+07
6.622000e+02    6.267479e+07
6.622500e+02    6.265378e+07
6.623000e+02    6.263178e+07
6.623500e+02    6.260379e+07
6.624000e+02    6.256878e+07
6.624500e+02    6.252178e+07
6.625000e+02    6.246578e+07
6.625500e+02    6.240377e+07
6.626000e+02    6.233777e+07
6.626500e+02    6.227078e+07
6.627000e+02    6.220377e+07
6.627500e+02    6.213577e+07
6.628000e+02    6.206776e+07
6.628500e+02    6.199976e+07
6.629000e+02    6.193076e+07
6.629500e+02    6.186076e+07
6.630000e+02    6.179075e+07
6.630500e+02    6.171876e+07
6.631000e+02    6.164776e+07
6.631500e+02    6.157575e+07
6.632000e+02    6.150575e+07
6.632500e+02    6.143675e+07
6.633000e+02    6.137375e+07
6.633500e+02    6.132374e+07
6.634000e+02    6.129374e+07
6.634500e+02    6.128575e+07
6.635000e+02    6.129575e+07
6.635500e+02    6.131475e+07
6.636000e+02    6.133875e+07
6.636500e+02    6.136375e+07
6.637000e+02    6.138775e+07
6.637500e+02    6.141175e+07
6.638000e+02    6.143475e+07
6.638500e+02    6.145274e+07
6.639000e+02    6.146675e+07
6.639500e+02    6.147474e+07
6.640000e+02    6.147974e+07
6.640500e+02    6.148175e+07
6.641000e+02    6.148375e+07
6.641500e+02    6.148475e+07
6.642000e+02    6.148676e+07
6.642500e+02    6.148875e+07
6.643000e+02    6.149075e+07
6.643500e+02    6.149475e+07
6.644000e+02    6.149975e+07
6.644500e+02    6.150675e+07
6.645000e+02    6.151475e+07
6.645500e+02    6.152375e+07
6.646000e+02    6.153275e+07
6.646500e+02    6.154175e+07
6.647000e+02    6.155075e+07
6.647500e+02    6.156375e+07
6.648000e+02    6.158375e+07
6.648500e+02    6.161575e+07
6.649000e+02    6.166175e+07
6.649500e+02    6.171975e+07
6.650000e+02    6.178676e+07
6.650500e+02    6.185576e+07
6.651000e+02    6.192676e+07
6.651500e+02    6.199777e+07
6.652000e+02    6.206576e+07
6.652500e+02    6.212676e+07
6.653000e+02    6.217177e+07
6.653500e+02    6.219277e+07
6.654000e+02    6.218677e+07
6.654500e+02    6.215877e+07
6.655000e+02    6.211877e+07
6.655500e+02    6.207177e+07
6.656000e+02    6.202477e+07
6.656500e+02    6.197677e+07
6.657000e+02    6.192977e+07
6.657500e+02    6.188276e+07
6.658000e+02    6.183776e+07
6.658500e+02    6.179676e+07
6.659000e+02    6.175675e+07
6.659500e+02    6.171975e+07
6.660000e+02    6.168375e+07
6.660500e+02    6.164875e+07
6.661000e+02    6.161376e+07
6.661500e+02    6.157875e+07
6.662000e+02    6.154375e+07
6.662500e+02    6.151075e+07
6.663000e+02    6.147974e+07
6.663500e+02    6.145274e+07
6.664000e+02    6.142875e+07
6.664500e+02    6.140674e+07
6.665000e+02    6.138674e+07
6.665500e+02    6.136575e+07
6.666000e+02    6.134574e+07
6.666500e+02    6.132675e+07
6.667000e+02    6.130874e+07
6.667500e+02    6.129475e+07
6.668000e+02    6.128775e+07
6.668500e+02    6.128775e+07
6.669000e+02    6.129674e+07
6.669500e+02    6.130975e+07
6.670000e+02    6.132374e+07
6.670500e+02    6.133975e+07
6.671000e+02    6.135474e+07
6.671500e+02    6.136875e+07
6.672000e+02    6.137875e+07
6.672500e+02    6.137775e+07
6.673000e+02    6.136075e+07
6.673500e+02    6.132475e+07
6.674000e+02    6.127375e+07
6.674500e+02    6.121374e+07
6.675000e+02    6.114974e+07
6.675500e+02    6.108574e+07
6.676000e+02    6.102173e+07
6.676500e+02    6.096073e+07
6.677000e+02    6.090973e+07
6.677500e+02    6.087573e+07
6.678000e+02    6.086873e+07
6.678500e+02    6.088973e+07
6.679000e+02    6.093274e+07
6.679500e+02    6.098773e+07
6.680000e+02    6.104673e+07
6.680500e+02    6.110774e+07
6.681000e+02    6.116874e+07
6.681500e+02    6.122874e+07
6.682000e+02    6.128974e+07
6.682500e+02    6.134975e+07
6.683000e+02    6.140775e+07
6.683500e+02    6.146575e+07
6.684000e+02    6.152375e+07
6.684500e+02    6.158075e+07
6.685000e+02    6.163776e+07
6.685500e+02    6.169376e+07
6.686000e+02    6.175076e+07
6.686500e+02    6.180376e+07
6.687000e+02    6.185177e+07
6.687500e+02    6.188976e+07
6.688000e+02    6.191476e+07
6.688500e+02    6.192977e+07
6.689000e+02    6.193576e+07
6.689500e+02    6.193977e+07
6.690000e+02    6.194177e+07
6.690500e+02    6.194376e+07
6.691000e+02    6.194477e+07
6.691500e+02    6.194376e+07
6.692000e+02    6.193676e+07
6.692500e+02    6.192176e+07
6.693000e+02    6.189577e+07
6.693500e+02    6.186175e+07
6.694000e+02    6.182275e+07
6.694500e+02    6.178176e+07
6.695000e+02    6.173975e+07
6.695500e+02    6.169775e+07
6.696000e+02    6.165675e+07
6.696500e+02    6.161876e+07
6.697000e+02    6.158375e+07
6.697500e+02    6.155575e+07
6.698000e+02    6.153475e+07
6.698500e+02    6.151975e+07
6.699000e+02    6.150675e+07
6.699500e+02    6.149575e+07
6.700000e+02    6.148475e+07
6.700500e+02    6.147275e+07
6.701000e+02    6.145975e+07
6.701500e+02    6.144175e+07
6.702000e+02    6.141475e+07
6.702500e+02    6.137575e+07
6.703000e+02    6.132374e+07
6.703500e+02    6.126474e+07
6.704000e+02    6.119975e+07
6.704500e+02    6.113374e+07
6.705000e+02    6.106674e+07
6.705500e+02    6.100074e+07
6.706000e+02    6.093574e+07
6.706500e+02    6.087473e+07
6.707000e+02    6.081873e+07
6.707500e+02    6.076973e+07
6.708000e+02    6.072772e+07
6.708500e+02    6.069073e+07
6.709000e+02    6.065472e+07
6.709500e+02    6.062072e+07
6.710000e+02    6.058572e+07
6.710500e+02    6.055073e+07
6.711000e+02    6.051472e+07
6.711500e+02    6.047273e+07
6.712000e+02    6.042472e+07
6.712500e+02    6.036672e+07
6.713000e+02    6.030171e+07
6.713500e+02    6.023172e+07
6.714000e+02    6.016071e+07
6.714500e+02    6.008871e+07
6.715000e+02    6.001770e+07
6.715500e+02    5.994771e+07
6.716000e+02    5.988270e+07
6.716500e+02    5.982970e+07
6.717000e+02    5.979171e+07
6.717500e+02    5.977270e+07
6.718000e+02    5.976770e+07
6.718500e+02    5.977170e+07
6.719000e+02    5.977770e+07
6.719500e+02    5.978470e+07
6.720000e+02    5.979270e+07
6.720500e+02    5.979970e+07
6.721000e+02    5.980371e+07
6.721500e+02    5.980470e+07
6.722000e+02    5.979970e+07
6.722500e+02    5.978970e+07
6.723000e+02    5.977471e+07
6.723500e+02    5.975870e+07
6.724000e+02    5.974070e+07
6.724500e+02    5.972370e+07
6.725000e+02    5.970670e+07
6.725500e+02    5.969070e+07
6.726000e+02    5.968070e+07
6.726500e+02    5.967770e+07
6.727000e+02    5.968470e+07
6.727500e+02    5.970170e+07
6.728000e+02    5.972571e+07
6.728500e+02    5.975271e+07
6.729000e+02    5.978070e+07
6.729500e+02    5.980970e+07
6.730000e+02    5.983870e+07
6.730500e+02    5.986870e+07
6.731000e+02    5.990171e+07
6.731500e+02    5.993970e+07
6.732000e+02    5.998370e+07
6.732500e+02    6.003371e+07
6.733000e+02    6.008572e+07
6.733500e+02    6.013972e+07
6.734000e+02    6.019371e+07
6.734500e+02    6.024771e+07
6.735000e+02    6.030171e+07
6.735500e+02    6.035272e+07
6.736000e+02    6.039772e+07
6.736500e+02    6.043472e+07
6.737000e+02    6.046273e+07
6.737500e+02    6.048272e+07
6.738000e+02    6.049772e+07
6.738500e+02    6.051173e+07
6.739000e+02    6.052572e+07
6.739500e+02    6.053873e+07
6.740000e+02    6.055272e+07
6.740500e+02    6.056872e+07
6.741000e+02    6.058672e+07
6.741500e+02    6.060973e+07
6.742000e+02    6.063573e+07
6.742500e+02    6.066573e+07
6.743000e+02    6.069773e+07
6.743500e+02    6.072973e+07
6.744000e+02    6.076273e+07
6.744500e+02    6.079374e+07
6.745000e+02    6.082173e+07
6.745500e+02    6.084073e+07
6.746000e+02    6.084474e+07
6.746500e+02    6.082774e+07
6.747000e+02    6.079173e+07
6.747500e+02    6.074173e+07
6.748000e+02    6.068473e+07
6.748500e+02    6.062572e+07
6.749000e+02    6.056672e+07
6.749500e+02    6.050872e+07
6.750000e+02    6.045573e+07
6.750500e+02    6.041572e+07
6.751000e+02    6.039672e+07
6.751500e+02    6.040572e+07
6.752000e+02    6.043672e+07
6.752500e+02    6.048372e+07
6.753000e+02    6.053672e+07
6.753500e+02    6.059172e+07
6.754000e+02    6.064772e+07
6.754500e+02    6.070273e+07
6.755000e+02    6.075373e+07
6.755500e+02    6.079872e+07
6.756000e+02    6.083274e+07
6.756500e+02    6.085474e+07
6.757000e+02    6.086573e+07
6.757500e+02    6.087174e+07
6.758000e+02    6.087473e+07
6.758500e+02    6.087773e+07
6.759000e+02    6.087973e+07
6.759500e+02    6.087973e+07
6.760000e+02    6.087573e+07
6.760500e+02    6.086373e+07
6.761000e+02    6.083873e+07
6.761500e+02    6.080074e+07
6.762000e+02    6.075373e+07
6.762500e+02    6.070072e+07
6.763000e+02    6.064573e+07
6.763500e+02    6.059072e+07
6.764000e+02    6.053472e+07
6.764500e+02    6.047872e+07
6.765000e+02    6.042072e+07
6.765500e+02    6.036071e+07
6.766000e+02    6.029772e+07
6.766500e+02    6.023172e+07
6.767000e+02    6.016471e+07
6.767500e+02    6.009570e+07
6.768000e+02    6.002571e+07
6.768500e+02    5.995670e+07
6.769000e+02    5.988770e+07
6.769500e+02    5.982270e+07
6.770000e+02    5.976370e+07
6.770500e+02    5.971670e+07
6.771000e+02    5.968370e+07
6.771500e+02    5.966469e+07
6.772000e+02    5.965370e+07
6.772500e+02    5.964769e+07
6.773000e+02    5.964170e+07
6.773500e+02    5.963769e+07
6.774000e+02    5.963370e+07
6.774500e+02    5.963370e+07
6.775000e+02    5.964170e+07
6.775500e+02    5.966370e+07
6.776000e+02    5.970070e+07
6.776500e+02    5.975070e+07
6.777000e+02    5.980871e+07
6.777500e+02    5.986971e+07
6.778000e+02    5.993170e+07
6.778500e+02    5.999271e+07
6.779000e+02    6.005170e+07
6.779500e+02    6.010471e+07
6.780000e+02    6.014371e+07
6.780500e+02    6.016372e+07
6.781000e+02    6.016372e+07
6.781500e+02    6.014672e+07
6.782000e+02    6.012071e+07
6.782500e+02    6.009171e+07
6.783000e+02    6.006171e+07
6.783500e+02    6.003171e+07
6.784000e+02    6.000471e+07
6.784500e+02    5.998570e+07
6.785000e+02    5.997971e+07
6.785500e+02    5.999371e+07
6.786000e+02    6.002571e+07
6.786500e+02    6.007171e+07
6.787000e+02    6.012472e+07
6.787500e+02    6.017971e+07
6.788000e+02    6.023571e+07
6.788500e+02    6.029072e+07
6.789000e+02    6.034172e+07
6.789500e+02    6.038471e+07
6.790000e+02    6.041072e+07
6.790500e+02    6.041772e+07
6.791000e+02    6.040472e+07
6.791500e+02    6.038072e+07
6.792000e+02    6.035071e+07
6.792500e+02    6.031871e+07
6.793000e+02    6.028572e+07
6.793500e+02    6.025372e+07
6.794000e+02    6.022272e+07
6.794500e+02    6.019772e+07
6.795000e+02    6.017872e+07
6.795500e+02    6.016971e+07
6.796000e+02    6.016672e+07
6.796500e+02    6.016971e+07
6.797000e+02    6.017372e+07
6.797500e+02    6.017872e+07
6.798000e+02    6.018271e+07
6.798500e+02    6.018671e+07
6.799000e+02    6.018572e+07
6.799500e+02    6.017771e+07
6.800000e+02    6.015771e+07
6.800500e+02    6.012472e+07
6.801000e+02    6.008072e+07
6.801500e+02    6.003171e+07
6.802000e+02    5.997971e+07
6.802500e+02    5.992770e+07
6.803000e+02    5.987570e+07
6.803500e+02    5.982371e+07
6.804000e+02    5.977270e+07
6.804500e+02    5.972370e+07
6.805000e+02    5.967870e+07
6.805500e+02    5.963569e+07
6.806000e+02    5.959470e+07
6.806500e+02    5.955570e+07
6.807000e+02    5.951670e+07
6.807500e+02    5.947770e+07
6.808000e+02    5.944069e+07
6.808500e+02    5.940669e+07
6.809000e+02    5.938169e+07
6.809500e+02    5.937369e+07
6.810000e+02    5.938669e+07
6.810500e+02    5.941869e+07
6.811000e+02    5.946469e+07
6.811500e+02    5.951769e+07
6.812000e+02    5.957169e+07
6.812500e+02    5.962670e+07
6.813000e+02    5.968170e+07
6.813500e+02    5.973370e+07
6.814000e+02    5.977870e+07
6.814500e+02    5.981270e+07
6.815000e+02    5.983270e+07
6.815500e+02    5.984170e+07
6.816000e+02    5.984370e+07
6.816500e+02    5.984271e+07
6.817000e+02    5.984071e+07
6.817500e+02    5.983771e+07
6.818000e+02    5.983571e+07
6.818500e+02    5.983470e+07
6.819000e+02    5.983571e+07
6.819500e+02    5.983870e+07
6.820000e+02    5.984571e+07
6.820500e+02    5.985471e+07
6.821000e+02    5.986570e+07
6.821500e+02    5.987671e+07
6.822000e+02    5.988870e+07
6.822500e+02    5.989971e+07
6.823000e+02    5.990871e+07
6.823500e+02    5.991371e+07
6.824000e+02    5.990970e+07
6.824500e+02    5.989270e+07
6.825000e+02    5.986370e+07
6.825500e+02    5.982571e+07
6.826000e+02    5.978171e+07
6.826500e+02    5.973569e+07
6.827000e+02    5.968870e+07
6.827500e+02    5.964269e+07
6.828000e+02    5.959570e+07
6.828500e+02    5.955070e+07
6.829000e+02    5.950770e+07
6.829500e+02    5.946570e+07
6.830000e+02    5.942670e+07
6.830500e+02    5.938869e+07
6.831000e+02    5.935169e+07
6.831500e+02    5.931468e+07
6.832000e+02    5.927768e+07
6.832500e+02    5.924069e+07
6.833000e+02    5.920168e+07
6.833500e+02    5.915768e+07
6.834000e+02    5.910668e+07
6.834500e+02    5.904568e+07
6.835000e+02    5.897768e+07
6.835500e+02    5.890367e+07
6.836000e+02    5.882767e+07
6.836500e+02    5.875068e+07
6.837000e+02    5.867367e+07
6.837500e+02    5.859767e+07
6.838000e+02    5.852566e+07
6.838500e+02    5.846167e+07
6.839000e+02    5.840866e+07
6.839500e+02    5.836966e+07
6.840000e+02    5.834167e+07
6.840500e+02    5.832066e+07
6.841000e+02    5.830267e+07
6.841500e+02    5.828565e+07
6.842000e+02    5.826865e+07
6.842500e+02    5.825366e+07
6.843000e+02    5.824466e+07
6.843500e+02    5.824665e+07
6.844000e+02    5.826566e+07
6.844500e+02    5.830166e+07
6.845000e+02    5.834966e+07
6.845500e+02    5.840566e+07
6.846000e+02    5.846466e+07
6.846500e+02    5.852467e+07
6.847000e+02    5.858267e+07
6.847500e+02    5.863567e+07
6.848000e+02    5.867767e+07
6.848500e+02    5.869767e+07
6.849000e+02    5.868867e+07
6.849500e+02    5.865167e+07
6.850000e+02    5.859466e+07
6.850500e+02    5.852667e+07
6.851000e+02    5.845466e+07
6.851500e+02    5.838266e+07
6.852000e+02    5.831166e+07
6.852500e+02    5.824366e+07
6.853000e+02    5.818366e+07
6.853500e+02    5.813965e+07
6.854000e+02    5.811366e+07
6.854500e+02    5.810465e+07
6.855000e+02    5.810565e+07
6.855500e+02    5.811265e+07
6.856000e+02    5.812066e+07
6.856500e+02    5.812965e+07
6.857000e+02    5.813865e+07
6.857500e+02    5.814766e+07
6.858000e+02    5.815766e+07
6.858500e+02    5.816766e+07
6.859000e+02    5.817966e+07
6.859500e+02    5.819265e+07
6.860000e+02    5.820666e+07
6.860500e+02    5.821965e+07
6.861000e+02    5.823366e+07
6.861500e+02    5.824766e+07
6.862000e+02    5.826365e+07
6.862500e+02    5.828466e+07
6.863000e+02    5.831666e+07
6.863500e+02    5.836266e+07
6.864000e+02    5.842467e+07
6.864500e+02    5.849966e+07
6.865000e+02    5.858167e+07
6.865500e+02    5.866667e+07
6.866000e+02    5.875167e+07
6.866500e+02    5.883667e+07
6.867000e+02    5.891767e+07
6.867500e+02    5.898968e+07
6.868000e+02    5.904469e+07
6.868500e+02    5.907669e+07
6.869000e+02    5.908568e+07
6.869500e+02    5.907768e+07
6.870000e+02    5.906169e+07
6.870500e+02    5.904168e+07
6.871000e+02    5.902068e+07
6.871500e+02    5.900069e+07
6.872000e+02    5.898268e+07
6.872500e+02    5.897167e+07
6.873000e+02    5.897268e+07
6.873500e+02    5.898668e+07
6.874000e+02    5.901468e+07
6.874500e+02    5.905168e+07
6.875000e+02    5.909168e+07
6.875500e+02    5.913469e+07
6.876000e+02    5.917669e+07
6.876500e+02    5.921668e+07
6.877000e+02    5.924969e+07
6.877500e+02    5.926568e+07
6.878000e+02    5.925368e+07
6.878500e+02    5.920668e+07
6.879000e+02    5.913168e+07
6.879500e+02    5.903969e+07
6.880000e+02    5.894068e+07
6.880500e+02    5.883967e+07
6.881000e+02    5.873868e+07
6.881500e+02    5.864068e+07
6.882000e+02    5.855167e+07
6.882500e+02    5.848067e+07
6.883000e+02    5.843866e+07
6.883500e+02    5.842866e+07
6.884000e+02    5.844167e+07
6.884500e+02    5.846966e+07
6.885000e+02    5.850366e+07
6.885500e+02    5.853866e+07
6.886000e+02    5.857466e+07
6.886500e+02    5.860867e+07
6.887000e+02    5.863967e+07
6.887500e+02    5.866567e+07
6.888000e+02    5.868468e+07
6.888500e+02    5.869466e+07
6.889000e+02    5.869967e+07
6.889500e+02    5.870168e+07
6.890000e+02    5.870267e+07
6.890500e+02    5.870367e+07
6.891000e+02    5.870367e+07
6.891500e+02    5.870367e+07
6.892000e+02    5.870267e+07
6.892500e+02    5.870067e+07
6.893000e+02    5.869668e+07
6.893500e+02    5.869067e+07
6.894000e+02    5.868468e+07
6.894500e+02    5.867667e+07
6.895000e+02    5.866967e+07
6.895500e+02    5.866167e+07
6.896000e+02    5.865467e+07
6.896500e+02    5.864767e+07
6.897000e+02    5.864167e+07
6.897500e+02    5.863867e+07
6.898000e+02    5.863867e+07
6.898500e+02    5.864068e+07
6.899000e+02    5.864467e+07
6.899500e+02    5.864967e+07
6.900000e+02    5.865367e+07
6.900500e+02    5.865867e+07
6.901000e+02    5.866268e+07
6.901500e+02    5.866766e+07
6.902000e+02    5.867167e+07
6.902500e+02    5.867567e+07
6.903000e+02    5.867968e+07
6.903500e+02    5.868267e+07
6.904000e+02    5.868567e+07
6.904500e+02    5.868867e+07
6.905000e+02    5.869167e+07
6.905500e+02    5.869466e+07
6.906000e+02    5.869668e+07
6.906500e+02    5.869668e+07
6.907000e+02    5.869367e+07
6.907500e+02    5.868567e+07
6.908000e+02    5.867266e+07
6.908500e+02    5.865566e+07
6.909000e+02    5.863567e+07
6.909500e+02    5.861567e+07
6.910000e+02    5.859567e+07
6.910500e+02    5.857466e+07
6.911000e+02    5.855467e+07
6.911500e+02    5.853267e+07
6.912000e+02    5.851067e+07
6.912500e+02    5.848567e+07
6.913000e+02    5.845966e+07
6.913500e+02    5.843266e+07
6.914000e+02    5.840466e+07
6.914500e+02    5.837666e+07
6.915000e+02    5.834866e+07
6.915500e+02    5.832166e+07
6.916000e+02    5.829466e+07
6.916500e+02    5.827066e+07
6.917000e+02    5.825066e+07
6.917500e+02    5.823566e+07
6.918000e+02    5.822566e+07
6.918500e+02    5.821866e+07
6.919000e+02    5.821166e+07
6.919500e+02    5.820666e+07
6.920000e+02    5.820065e+07
6.920500e+02    5.819366e+07
6.921000e+02    5.818466e+07
6.921500e+02    5.816966e+07
6.922000e+02    5.814566e+07
6.922500e+02    5.811066e+07
6.923000e+02    5.806665e+07
6.923500e+02    5.801865e+07
6.924000e+02    5.796765e+07
6.924500e+02    5.791565e+07
6.925000e+02    5.786565e+07
6.925500e+02    5.781765e+07
6.926000e+02    5.777664e+07
6.926500e+02    5.774964e+07
6.927000e+02    5.774365e+07
6.927500e+02    5.775964e+07
6.928000e+02    5.779265e+07
6.928500e+02    5.783564e+07
6.929000e+02    5.788164e+07
6.929500e+02    5.792865e+07
6.930000e+02    5.797565e+07
6.930500e+02    5.802165e+07
6.931000e+02    5.806565e+07
6.931500e+02    5.810465e+07
6.932000e+02    5.813665e+07
6.932500e+02    5.816266e+07
6.933000e+02    5.818366e+07
6.933500e+02    5.820366e+07
6.934000e+02    5.822166e+07
6.934500e+02    5.823965e+07
6.935000e+02    5.825566e+07
6.935500e+02    5.826966e+07
6.936000e+02    5.827466e+07
6.936500e+02    5.826666e+07
6.937000e+02    5.824066e+07
6.937500e+02    5.819966e+07
6.938000e+02    5.814766e+07
6.938500e+02    5.809166e+07
6.939000e+02    5.803266e+07
6.939500e+02    5.797465e+07
6.940000e+02    5.791665e+07
6.940500e+02    5.786165e+07
6.941000e+02    5.781064e+07
6.941500e+02    5.776964e+07
6.942000e+02    5.773865e+07
6.942500e+02    5.771564e+07
6.943000e+02    5.769864e+07
6.943500e+02    5.768265e+07
6.944000e+02    5.766764e+07
6.944500e+02    5.765364e+07
6.945000e+02    5.763865e+07
6.945500e+02    5.762364e+07
6.946000e+02    5.760963e+07
6.946500e+02    5.759664e+07
6.947000e+02    5.758263e+07
6.947500e+02    5.756964e+07
6.948000e+02    5.755764e+07
6.948500e+02    5.754464e+07
6.949000e+02    5.753163e+07
6.949500e+02    5.751564e+07
6.950000e+02    5.749164e+07
6.950500e+02    5.744563e+07
6.951000e+02    5.735664e+07
6.951500e+02    5.721062e+07
6.952000e+02    5.700663e+07
6.952500e+02    5.676162e+07
6.953000e+02    5.649361e+07
6.953500e+02    5.621660e+07
6.954000e+02    5.593959e+07
6.954500e+02    5.566859e+07
6.955000e+02    5.542158e+07
6.955500e+02    5.523357e+07
6.956000e+02    5.514957e+07
6.956500e+02    5.519857e+07
6.957000e+02    5.536958e+07
6.957500e+02    5.562259e+07
6.958000e+02    5.591459e+07
6.958500e+02    5.622160e+07
6.959000e+02    5.653061e+07
6.959500e+02    5.683662e+07
6.960000e+02    5.712863e+07
6.960500e+02    5.738663e+07
6.961000e+02    5.758763e+07
6.961500e+02    5.772064e+07
6.962000e+02    5.779565e+07
6.962500e+02    5.783564e+07
6.963000e+02    5.785964e+07
6.963500e+02    5.787964e+07
6.964000e+02    5.789864e+07
6.964500e+02    5.791565e+07
6.965000e+02    5.792665e+07
6.965500e+02    5.792665e+07
6.966000e+02    5.790965e+07
6.966500e+02    5.787365e+07
6.967000e+02    5.782264e+07
6.967500e+02    5.776264e+07
6.968000e+02    5.769965e+07
6.968500e+02    5.763464e+07
6.969000e+02    5.756964e+07
6.969500e+02    5.750364e+07
6.970000e+02    5.743264e+07
6.970500e+02    5.735464e+07
6.971000e+02    5.726463e+07
6.971500e+02    5.716463e+07
6.972000e+02    5.705662e+07
6.972500e+02    5.694362e+07
6.973000e+02    5.682962e+07
6.973500e+02    5.671462e+07
6.974000e+02    5.660161e+07
6.974500e+02    5.649260e+07
6.975000e+02    5.639661e+07
6.975500e+02    5.632260e+07
6.976000e+02    5.627560e+07
6.976500e+02    5.625660e+07
6.977000e+02    5.625560e+07
6.977500e+02    5.626360e+07
6.978000e+02    5.627460e+07
6.978500e+02    5.628760e+07
6.979000e+02    5.630160e+07
6.979500e+02    5.631861e+07
6.980000e+02    5.634560e+07
6.980500e+02    5.638661e+07
6.981000e+02    5.644761e+07
6.981500e+02    5.652460e+07
6.982000e+02    5.661161e+07
6.982500e+02    5.670262e+07
6.983000e+02    5.679562e+07
6.983500e+02    5.688862e+07
6.984000e+02    5.697963e+07
6.984500e+02    5.706463e+07
6.985000e+02    5.713663e+07
6.985500e+02    5.718763e+07
6.986000e+02    5.721562e+07
6.986500e+02    5.722563e+07
6.987000e+02    5.722363e+07
6.987500e+02    5.721762e+07
6.988000e+02    5.721062e+07
6.988500e+02    5.720263e+07
6.989000e+02    5.719463e+07
6.989500e+02    5.718663e+07
6.990000e+02    5.717662e+07
6.990500e+02    5.716563e+07
6.991000e+02    5.715263e+07
6.991500e+02    5.713863e+07
6.992000e+02    5.712363e+07
6.992500e+02    5.710863e+07
6.993000e+02    5.709362e+07
6.993500e+02    5.707862e+07
6.994000e+02    5.706362e+07
6.994500e+02    5.705063e+07
6.995000e+02    5.703962e+07
6.995500e+02    5.703162e+07
6.996000e+02    5.702662e+07
6.996500e+02    5.702462e+07
6.997000e+02    5.702262e+07
6.997500e+02    5.702163e+07
6.998000e+02    5.702062e+07
6.998500e+02    5.701863e+07
6.999000e+02    5.701462e+07
6.999500e+02    5.700462e+07
